solid OpenSCAD_Model
  facet normal 1 -0 0
    outer loop
      vertex 188 0 28
      vertex 188 136 0
      vertex 188 136 28
    endloop
  endfacet
  facet normal 1 0 0
    outer loop
      vertex 188 136 0
      vertex 188 0 28
      vertex 188 0 0
    endloop
  endfacet
  facet normal 0 0 1
    outer loop
      vertex 6.3 5 28
      vertex 8.5 5 28
      vertex 8.47006 5.45684 28
    endloop
  endfacet
  facet normal 0 0 1
    outer loop
      vertex 6.28888 5.16968 28
      vertex 8.47006 5.45684 28
      vertex 8.38074 5.90587 28
    endloop
  endfacet
  facet normal 0 0 1
    outer loop
      vertex 8.5 5 28
      vertex 6.3 5 28
      vertex 8.47006 4.54316 28
    endloop
  endfacet
  facet normal 0 0 1
    outer loop
      vertex 6.28888 5.16968 28
      vertex 8.38074 5.90587 28
      vertex 8.23358 6.33939 28
    endloop
  endfacet
  facet normal -0 0 1
    outer loop
      vertex 6.28888 4.83032 28
      vertex 8.47006 4.54316 28
      vertex 6.3 5 28
    endloop
  endfacet
  facet normal 0 0 1
    outer loop
      vertex 6.28888 5.16968 28
      vertex 8.23358 6.33939 28
      vertex 8.03109 6.75 28
    endloop
  endfacet
  facet normal 0 0 1
    outer loop
      vertex 8.47006 4.54316 28
      vertex 6.28888 4.83032 28
      vertex 8.38074 4.09413 28
    endloop
  endfacet
  facet normal -0 0 1
    outer loop
      vertex 6.2557 4.66354 28
      vertex 8.38074 4.09413 28
      vertex 6.28888 4.83032 28
    endloop
  endfacet
  facet normal 0 0 1
    outer loop
      vertex 6.28888 5.16968 28
      vertex 8.03109 6.75 28
      vertex 7.77674 7.13066 28
    endloop
  endfacet
  facet normal 0 0 1
    outer loop
      vertex 181.744 5.33646 28
      vertex 179.619 5.90587 28
      vertex 181.711 5.16968 28
    endloop
  endfacet
  facet normal -0 0 1
    outer loop
      vertex 179.53 5.45684 28
      vertex 181.711 5.16968 28
      vertex 179.619 5.90587 28
    endloop
  endfacet
  facet normal 0 -0 1
    outer loop
      vertex 179.969 3.25 28
      vertex 181.7 5 28
      vertex 179.766 3.66061 28
    endloop
  endfacet
  facet normal 0 0 1
    outer loop
      vertex 181.7 5 28
      vertex 179.969 3.25 28
      vertex 180.136 3 28
    endloop
  endfacet
  facet normal 0 0 1
    outer loop
      vertex 181.711 5.16968 28
      vertex 179.53 5.45684 28
      vertex 181.7 5 28
    endloop
  endfacet
  facet normal 0 0 1
    outer loop
      vertex 181.7 5 28
      vertex 179.619 4.09413 28
      vertex 179.766 3.66061 28
    endloop
  endfacet
  facet normal 0 0 1
    outer loop
      vertex 179.5 5 28
      vertex 181.7 5 28
      vertex 179.53 5.45684 28
    endloop
  endfacet
  facet normal 0 0 1
    outer loop
      vertex 181.7 5 28
      vertex 179.53 4.54316 28
      vertex 179.619 4.09413 28
    endloop
  endfacet
  facet normal 0 0 1
    outer loop
      vertex 181.7 5 28
      vertex 179.5 5 28
      vertex 179.53 4.54316 28
    endloop
  endfacet
  facet normal 0 0 1
    outer loop
      vertex 181.744 131.336 28
      vertex 179.619 131.906 28
      vertex 181.711 131.17 28
    endloop
  endfacet
  facet normal 0 0 1
    outer loop
      vertex 181.7 131 28
      vertex 179.969 129.25 28
      vertex 180.223 128.869 28
    endloop
  endfacet
  facet normal -0 0 1
    outer loop
      vertex 179.53 131.457 28
      vertex 181.711 131.17 28
      vertex 179.619 131.906 28
    endloop
  endfacet
  facet normal 0 0 1
    outer loop
      vertex 181.7 131 28
      vertex 179.766 129.661 28
      vertex 179.969 129.25 28
    endloop
  endfacet
  facet normal 0 0 1
    outer loop
      vertex 181.711 131.17 28
      vertex 179.53 131.457 28
      vertex 181.7 131 28
    endloop
  endfacet
  facet normal 0 0 1
    outer loop
      vertex 181.7 131 28
      vertex 179.619 130.094 28
      vertex 179.766 129.661 28
    endloop
  endfacet
  facet normal 0 0 1
    outer loop
      vertex 179.5 131 28
      vertex 181.7 131 28
      vertex 179.53 131.457 28
    endloop
  endfacet
  facet normal 0 0 1
    outer loop
      vertex 181.7 131 28
      vertex 179.53 130.543 28
      vertex 179.619 130.094 28
    endloop
  endfacet
  facet normal 0 0 1
    outer loop
      vertex 181.7 131 28
      vertex 179.5 131 28
      vertex 179.53 130.543 28
    endloop
  endfacet
  facet normal 0 0 1
    outer loop
      vertex 8.47006 5.45684 28
      vertex 6.28888 5.16968 28
      vertex 6.3 5 28
    endloop
  endfacet
  facet normal 0 0 1
    outer loop
      vertex 6.75 8.03109 28
      vertex 6.2557 5.33646 28
      vertex 6.28888 5.16968 28
    endloop
  endfacet
  facet normal 0 0 1
    outer loop
      vertex 6.75 8.03109 28
      vertex 6.20104 5.49749 28
      vertex 6.2557 5.33646 28
    endloop
  endfacet
  facet normal 0 0 1
    outer loop
      vertex 6.75 8.03109 28
      vertex 6.12583 5.65 28
      vertex 6.20104 5.49749 28
    endloop
  endfacet
  facet normal 0 0 1
    outer loop
      vertex 6.75 8.03109 28
      vertex 6.03136 5.79139 28
      vertex 6.12583 5.65 28
    endloop
  endfacet
  facet normal 0 0 1
    outer loop
      vertex 6.75 8.03109 28
      vertex 5.91924 5.91924 28
      vertex 6.03136 5.79139 28
    endloop
  endfacet
  facet normal 0 0 1
    outer loop
      vertex 5.49749 6.20104 28
      vertex 6.33939 8.23358 28
      vertex 5.90587 8.38074 28
    endloop
  endfacet
  facet normal 0 0 1
    outer loop
      vertex 6.75 8.03109 28
      vertex 5.79139 6.03136 28
      vertex 5.91924 5.91924 28
    endloop
  endfacet
  facet normal 0 0 1
    outer loop
      vertex 6.75 8.03109 28
      vertex 5.65 6.12583 28
      vertex 5.79139 6.03136 28
    endloop
  endfacet
  facet normal 0 0 1
    outer loop
      vertex 6.33939 8.23358 28
      vertex 5.49749 6.20104 28
      vertex 5.65 6.12583 28
    endloop
  endfacet
  facet normal 0 0 1
    outer loop
      vertex 5.33646 6.2557 28
      vertex 5.90587 8.38074 28
      vertex 5.45684 8.47006 28
    endloop
  endfacet
  facet normal 0 0 1
    outer loop
      vertex 5.90587 8.38074 28
      vertex 5.33646 6.2557 28
      vertex 5.49749 6.20104 28
    endloop
  endfacet
  facet normal 0 0 1
    outer loop
      vertex 5.45684 8.47006 28
      vertex 5.16968 6.28888 28
      vertex 5.33646 6.2557 28
    endloop
  endfacet
  facet normal 0 0 1
    outer loop
      vertex 5 8.5 28
      vertex 5.16968 6.28888 28
      vertex 5.45684 8.47006 28
    endloop
  endfacet
  facet normal 0 0 1
    outer loop
      vertex 5 8.5 28
      vertex 5 6.3 28
      vertex 5.16968 6.28888 28
    endloop
  endfacet
  facet normal 0 0 1
    outer loop
      vertex 5 8.5 28
      vertex 4.83032 6.28888 28
      vertex 5 6.3 28
    endloop
  endfacet
  facet normal -0 0 1
    outer loop
      vertex 4.54316 8.47006 28
      vertex 4.83032 6.28888 28
      vertex 5 8.5 28
    endloop
  endfacet
  facet normal 0 0 1
    outer loop
      vertex 4.83032 6.28888 28
      vertex 4.54316 8.47006 28
      vertex 4.66354 6.2557 28
    endloop
  endfacet
  facet normal -0 0 1
    outer loop
      vertex 4.09413 8.38074 28
      vertex 4.66354 6.2557 28
      vertex 4.54316 8.47006 28
    endloop
  endfacet
  facet normal 0 0 1
    outer loop
      vertex 4.66354 6.2557 28
      vertex 4.09413 8.38074 28
      vertex 4.50251 6.20104 28
    endloop
  endfacet
  facet normal -0 0 1
    outer loop
      vertex 3.66061 8.23358 28
      vertex 4.50251 6.20104 28
      vertex 4.09413 8.38074 28
    endloop
  endfacet
  facet normal 0 0 1
    outer loop
      vertex 4.50251 6.20104 28
      vertex 3.66061 8.23358 28
      vertex 4.35 6.12583 28
    endloop
  endfacet
  facet normal -0 0 1
    outer loop
      vertex 3.25 8.03109 28
      vertex 4.35 6.12583 28
      vertex 3.66061 8.23358 28
    endloop
  endfacet
  facet normal -0 0 1
    outer loop
      vertex 3 7.86404 28
      vertex 4.35 6.12583 28
      vertex 3.25 8.03109 28
    endloop
  endfacet
  facet normal 0 0 1
    outer loop
      vertex 4.35 6.12583 28
      vertex 3 7.86404 28
      vertex 4.20861 6.03136 28
    endloop
  endfacet
  facet normal 0 0 1
    outer loop
      vertex 4.20861 6.03136 28
      vertex 3 7.86404 28
      vertex 4.08076 5.91924 28
    endloop
  endfacet
  facet normal 0 0 1
    outer loop
      vertex 4.08076 5.91924 28
      vertex 3 7.86404 28
      vertex 3.96864 5.79139 28
    endloop
  endfacet
  facet normal 0 0 1
    outer loop
      vertex 3.96864 5.79139 28
      vertex 3 7.86404 28
      vertex 3.87417 5.65 28
    endloop
  endfacet
  facet normal 0 0 1
    outer loop
      vertex 3.79896 5.49749 28
      vertex 3 7.86404 28
      vertex 3.7443 5.33646 28
    endloop
  endfacet
  facet normal 0 0 1
    outer loop
      vertex 3.87417 5.65 28
      vertex 3 7.86404 28
      vertex 3.79896 5.49749 28
    endloop
  endfacet
  facet normal 0 0 1
    outer loop
      vertex 6.3 131 28
      vertex 8.5 131 28
      vertex 8.47006 131.457 28
    endloop
  endfacet
  facet normal 0 0 1
    outer loop
      vertex 6.28888 131.17 28
      vertex 8.47006 131.457 28
      vertex 8.38074 131.906 28
    endloop
  endfacet
  facet normal 0 0 1
    outer loop
      vertex 8.5 131 28
      vertex 6.3 131 28
      vertex 8.47006 130.543 28
    endloop
  endfacet
  facet normal 0 0 1
    outer loop
      vertex 6.2557 131.336 28
      vertex 8.38074 131.906 28
      vertex 8.23358 132.339 28
    endloop
  endfacet
  facet normal -0 0 1
    outer loop
      vertex 6.28888 130.83 28
      vertex 8.47006 130.543 28
      vertex 6.3 131 28
    endloop
  endfacet
  facet normal 0 0 1
    outer loop
      vertex 6.20104 131.497 28
      vertex 8.23358 132.339 28
      vertex 8.03109 132.75 28
    endloop
  endfacet
  facet normal 0 0 1
    outer loop
      vertex 8.47006 130.543 28
      vertex 6.28888 130.83 28
      vertex 8.38074 130.094 28
    endloop
  endfacet
  facet normal 0 0 1
    outer loop
      vertex 6.12583 131.65 28
      vertex 8.03109 132.75 28
      vertex 7.86404 133 28
    endloop
  endfacet
  facet normal -0 0 1
    outer loop
      vertex 6.2557 130.664 28
      vertex 8.38074 130.094 28
      vertex 6.28888 130.83 28
    endloop
  endfacet
  facet normal -0 0 1
    outer loop
      vertex 6.03136 130.209 28
      vertex 7.77674 128.869 28
      vertex 6.12583 130.35 28
    endloop
  endfacet
  facet normal 0 0 1
    outer loop
      vertex 7.77674 128.869 28
      vertex 6.03136 130.209 28
      vertex 7.47487 128.525 28
    endloop
  endfacet
  facet normal -0 0 1
    outer loop
      vertex 5.91924 130.081 28
      vertex 7.47487 128.525 28
      vertex 6.03136 130.209 28
    endloop
  endfacet
  facet normal 0 0 1
    outer loop
      vertex 7.47487 128.525 28
      vertex 5.91924 130.081 28
      vertex 7.13066 128.223 28
    endloop
  endfacet
  facet normal -0 0 1
    outer loop
      vertex 5.79139 129.969 28
      vertex 7.13066 128.223 28
      vertex 5.91924 130.081 28
    endloop
  endfacet
  facet normal 0 0 1
    outer loop
      vertex 7.13066 128.223 28
      vertex 5.79139 129.969 28
      vertex 6.75 127.969 28
    endloop
  endfacet
  facet normal -0 0 1
    outer loop
      vertex 5.65 129.874 28
      vertex 6.75 127.969 28
      vertex 5.79139 129.969 28
    endloop
  endfacet
  facet normal 0 0 1
    outer loop
      vertex 6.75 127.969 28
      vertex 5.65 129.874 28
      vertex 6.33939 127.766 28
    endloop
  endfacet
  facet normal -0 0 1
    outer loop
      vertex 5.49749 129.799 28
      vertex 6.33939 127.766 28
      vertex 5.65 129.874 28
    endloop
  endfacet
  facet normal 0 0 1
    outer loop
      vertex 6.33939 127.766 28
      vertex 5.49749 129.799 28
      vertex 5.90587 127.619 28
    endloop
  endfacet
  facet normal -0 0 1
    outer loop
      vertex 5.33646 129.744 28
      vertex 5.90587 127.619 28
      vertex 5.49749 129.799 28
    endloop
  endfacet
  facet normal 0 0 1
    outer loop
      vertex 5.90587 127.619 28
      vertex 5.33646 129.744 28
      vertex 5.45684 127.53 28
    endloop
  endfacet
  facet normal -0 0 1
    outer loop
      vertex 5.16968 129.711 28
      vertex 5.45684 127.53 28
      vertex 5.33646 129.744 28
    endloop
  endfacet
  facet normal -0 0 1
    outer loop
      vertex 5 129.7 28
      vertex 5.45684 127.53 28
      vertex 5.16968 129.711 28
    endloop
  endfacet
  facet normal 0 0 1
    outer loop
      vertex 5 129.7 28
      vertex 5 127.5 28
      vertex 5.45684 127.53 28
    endloop
  endfacet
  facet normal 0 0 1
    outer loop
      vertex 4.83032 129.711 28
      vertex 5 127.5 28
      vertex 5 129.7 28
    endloop
  endfacet
  facet normal 0 0 1
    outer loop
      vertex 4.54316 127.53 28
      vertex 4.83032 129.711 28
      vertex 4.66354 129.744 28
    endloop
  endfacet
  facet normal 0 0 1
    outer loop
      vertex 4.83032 129.711 28
      vertex 4.54316 127.53 28
      vertex 5 127.5 28
    endloop
  endfacet
  facet normal 0 0 1
    outer loop
      vertex 4.09413 127.619 28
      vertex 4.66354 129.744 28
      vertex 4.50251 129.799 28
    endloop
  endfacet
  facet normal 0 0 1
    outer loop
      vertex 3.66061 127.766 28
      vertex 4.50251 129.799 28
      vertex 4.35 129.874 28
    endloop
  endfacet
  facet normal 0 0 1
    outer loop
      vertex 3 128.136 28
      vertex 4.35 129.874 28
      vertex 4.20861 129.969 28
    endloop
  endfacet
  facet normal 0 0 1
    outer loop
      vertex 4.66354 129.744 28
      vertex 4.09413 127.619 28
      vertex 4.54316 127.53 28
    endloop
  endfacet
  facet normal 0 0 1
    outer loop
      vertex 3 128.136 28
      vertex 4.20861 129.969 28
      vertex 4.08076 130.081 28
    endloop
  endfacet
  facet normal 0 0 1
    outer loop
      vertex 3 128.136 28
      vertex 4.08076 130.081 28
      vertex 3.96864 130.209 28
    endloop
  endfacet
  facet normal 0 0 1
    outer loop
      vertex 3 128.136 28
      vertex 3.96864 130.209 28
      vertex 3.87417 130.35 28
    endloop
  endfacet
  facet normal 0 0 1
    outer loop
      vertex 3 128.136 28
      vertex 3.87417 130.35 28
      vertex 3.79896 130.503 28
    endloop
  endfacet
  facet normal 0 0 1
    outer loop
      vertex 3 128.136 28
      vertex 3.79896 130.503 28
      vertex 3.7443 130.664 28
    endloop
  endfacet
  facet normal 0 0 1
    outer loop
      vertex 3 128.136 28
      vertex 3.7443 130.664 28
      vertex 3.71112 130.83 28
    endloop
  endfacet
  facet normal 0 0 1
    outer loop
      vertex 4.50251 129.799 28
      vertex 3.66061 127.766 28
      vertex 4.09413 127.619 28
    endloop
  endfacet
  facet normal 0 0 1
    outer loop
      vertex 3 128.136 28
      vertex 3.71112 130.83 28
      vertex 3.7 131 28
    endloop
  endfacet
  facet normal 0 0 1
    outer loop
      vertex 185 7.86404 28
      vertex 184.289 5.16968 28
      vertex 184.3 5 28
    endloop
  endfacet
  facet normal 0 0 1
    outer loop
      vertex 184.75 8.03109 28
      vertex 184.256 5.33646 28
      vertex 184.289 5.16968 28
    endloop
  endfacet
  facet normal 0 0 1
    outer loop
      vertex 184.75 8.03109 28
      vertex 184.201 5.49749 28
      vertex 184.256 5.33646 28
    endloop
  endfacet
  facet normal 0 0 1
    outer loop
      vertex 184.75 8.03109 28
      vertex 184.126 5.65 28
      vertex 184.201 5.49749 28
    endloop
  endfacet
  facet normal 0 0 1
    outer loop
      vertex 184.75 8.03109 28
      vertex 184.031 5.79139 28
      vertex 184.126 5.65 28
    endloop
  endfacet
  facet normal 0 0 1
    outer loop
      vertex 184.75 8.03109 28
      vertex 183.919 5.91924 28
      vertex 184.031 5.79139 28
    endloop
  endfacet
  facet normal 0 0 1
    outer loop
      vertex 183.497 6.20104 28
      vertex 184.339 8.23358 28
      vertex 183.906 8.38074 28
    endloop
  endfacet
  facet normal 0 0 1
    outer loop
      vertex 184.75 8.03109 28
      vertex 183.791 6.03136 28
      vertex 183.919 5.91924 28
    endloop
  endfacet
  facet normal 0 0 1
    outer loop
      vertex 184.75 8.03109 28
      vertex 183.65 6.12583 28
      vertex 183.791 6.03136 28
    endloop
  endfacet
  facet normal 0 0 1
    outer loop
      vertex 184.339 8.23358 28
      vertex 183.497 6.20104 28
      vertex 183.65 6.12583 28
    endloop
  endfacet
  facet normal 0 0 1
    outer loop
      vertex 183.336 6.2557 28
      vertex 183.906 8.38074 28
      vertex 183.457 8.47006 28
    endloop
  endfacet
  facet normal 0 0 1
    outer loop
      vertex 183.906 8.38074 28
      vertex 183.336 6.2557 28
      vertex 183.497 6.20104 28
    endloop
  endfacet
  facet normal 0 0 1
    outer loop
      vertex 183.457 8.47006 28
      vertex 183.17 6.28888 28
      vertex 183.336 6.2557 28
    endloop
  endfacet
  facet normal 0 0 1
    outer loop
      vertex 183 8.5 28
      vertex 183.17 6.28888 28
      vertex 183.457 8.47006 28
    endloop
  endfacet
  facet normal 0 0 1
    outer loop
      vertex 183 8.5 28
      vertex 183 6.3 28
      vertex 183.17 6.28888 28
    endloop
  endfacet
  facet normal 0 0 1
    outer loop
      vertex 183 8.5 28
      vertex 182.83 6.28888 28
      vertex 183 6.3 28
    endloop
  endfacet
  facet normal -0 0 1
    outer loop
      vertex 182.543 8.47006 28
      vertex 182.83 6.28888 28
      vertex 183 8.5 28
    endloop
  endfacet
  facet normal 0 0 1
    outer loop
      vertex 182.83 6.28888 28
      vertex 182.543 8.47006 28
      vertex 182.664 6.2557 28
    endloop
  endfacet
  facet normal -0 0 1
    outer loop
      vertex 182.094 8.38074 28
      vertex 182.664 6.2557 28
      vertex 182.543 8.47006 28
    endloop
  endfacet
  facet normal 0 0 1
    outer loop
      vertex 182.664 6.2557 28
      vertex 182.094 8.38074 28
      vertex 182.503 6.20104 28
    endloop
  endfacet
  facet normal -0 0 1
    outer loop
      vertex 181.661 8.23358 28
      vertex 182.503 6.20104 28
      vertex 182.094 8.38074 28
    endloop
  endfacet
  facet normal 0 0 1
    outer loop
      vertex 182.503 6.20104 28
      vertex 181.661 8.23358 28
      vertex 182.35 6.12583 28
    endloop
  endfacet
  facet normal -0 0 1
    outer loop
      vertex 181.25 8.03109 28
      vertex 182.35 6.12583 28
      vertex 181.661 8.23358 28
    endloop
  endfacet
  facet normal 0 0 1
    outer loop
      vertex 182.35 6.12583 28
      vertex 181.25 8.03109 28
      vertex 182.209 6.03136 28
    endloop
  endfacet
  facet normal -0 0 1
    outer loop
      vertex 180.869 7.77674 28
      vertex 182.209 6.03136 28
      vertex 181.25 8.03109 28
    endloop
  endfacet
  facet normal 0 0 1
    outer loop
      vertex 182.209 6.03136 28
      vertex 180.869 7.77674 28
      vertex 182.081 5.91924 28
    endloop
  endfacet
  facet normal -0 0 1
    outer loop
      vertex 180.525 7.47487 28
      vertex 182.081 5.91924 28
      vertex 180.869 7.77674 28
    endloop
  endfacet
  facet normal 0 0 1
    outer loop
      vertex 182.081 5.91924 28
      vertex 180.525 7.47487 28
      vertex 181.969 5.79139 28
    endloop
  endfacet
  facet normal 0 0 1
    outer loop
      vertex 181.969 5.79139 28
      vertex 180.223 7.13066 28
      vertex 181.874 5.65 28
    endloop
  endfacet
  facet normal -0 0 1
    outer loop
      vertex 180.223 7.13066 28
      vertex 181.969 5.79139 28
      vertex 180.525 7.47487 28
    endloop
  endfacet
  facet normal 0 0 1
    outer loop
      vertex 188 136 28
      vertex 185 128.136 28
      vertex 188 0 28
    endloop
  endfacet
  facet normal -0 0 1
    outer loop
      vertex 184.3 131 28
      vertex 185 128.136 28
      vertex 188 136 28
    endloop
  endfacet
  facet normal -0 0 1
    outer loop
      vertex 184.256 130.664 28
      vertex 185 128.136 28
      vertex 184.289 130.83 28
    endloop
  endfacet
  facet normal 0 0 1
    outer loop
      vertex 185 128.136 28
      vertex 184.3 131 28
      vertex 184.289 130.83 28
    endloop
  endfacet
  facet normal 0 0 1
    outer loop
      vertex 188 136 28
      vertex 184.289 131.17 28
      vertex 184.3 131 28
    endloop
  endfacet
  facet normal 0 0 1
    outer loop
      vertex 188 136 28
      vertex 184.256 131.336 28
      vertex 184.289 131.17 28
    endloop
  endfacet
  facet normal 0 0 1
    outer loop
      vertex 188 136 28
      vertex 184.201 131.497 28
      vertex 184.256 131.336 28
    endloop
  endfacet
  facet normal 0 0 1
    outer loop
      vertex 188 136 28
      vertex 184.126 131.65 28
      vertex 184.201 131.497 28
    endloop
  endfacet
  facet normal 0 0 1
    outer loop
      vertex 188 136 28
      vertex 184.031 131.791 28
      vertex 184.126 131.65 28
    endloop
  endfacet
  facet normal 0 0 1
    outer loop
      vertex 188 136 28
      vertex 183.919 131.919 28
      vertex 184.031 131.791 28
    endloop
  endfacet
  facet normal 0 0 1
    outer loop
      vertex 188 136 28
      vertex 183.791 132.031 28
      vertex 183.919 131.919 28
    endloop
  endfacet
  facet normal 0 0 1
    outer loop
      vertex 188 136 28
      vertex 183.65 132.126 28
      vertex 183.791 132.031 28
    endloop
  endfacet
  facet normal 0 0 1
    outer loop
      vertex 188 136 28
      vertex 183.497 132.201 28
      vertex 183.65 132.126 28
    endloop
  endfacet
  facet normal 0 0 1
    outer loop
      vertex 188 136 28
      vertex 183.336 132.256 28
      vertex 183.497 132.201 28
    endloop
  endfacet
  facet normal 0 0 1
    outer loop
      vertex 188 136 28
      vertex 183.17 132.289 28
      vertex 183.336 132.256 28
    endloop
  endfacet
  facet normal 0 0 1
    outer loop
      vertex 188 136 28
      vertex 183 132.3 28
      vertex 183.17 132.289 28
    endloop
  endfacet
  facet normal -0 0 1
    outer loop
      vertex 180.136 133 28
      vertex 183 132.3 28
      vertex 188 136 28
    endloop
  endfacet
  facet normal 0 0 1
    outer loop
      vertex 183 132.3 28
      vertex 180.136 133 28
      vertex 182.83 132.289 28
    endloop
  endfacet
  facet normal 0 0 1
    outer loop
      vertex 182.83 132.289 28
      vertex 180.136 133 28
      vertex 182.664 132.256 28
    endloop
  endfacet
  facet normal 0 0 1
    outer loop
      vertex 182.664 132.256 28
      vertex 180.136 133 28
      vertex 182.503 132.201 28
    endloop
  endfacet
  facet normal 0 0 1
    outer loop
      vertex 182.503 132.201 28
      vertex 180.136 133 28
      vertex 182.35 132.126 28
    endloop
  endfacet
  facet normal 0 0 1
    outer loop
      vertex 182.35 129.874 28
      vertex 181.25 127.969 28
      vertex 181.661 127.766 28
    endloop
  endfacet
  facet normal 0 0 1
    outer loop
      vertex 181.799 131.497 28
      vertex 179.766 132.339 28
      vertex 181.744 131.336 28
    endloop
  endfacet
  facet normal 0 0 1
    outer loop
      vertex 181.711 130.83 28
      vertex 180.869 128.223 28
      vertex 181.25 127.969 28
    endloop
  endfacet
  facet normal -0 0 1
    outer loop
      vertex 179.766 132.339 28
      vertex 181.799 131.497 28
      vertex 179.969 132.75 28
    endloop
  endfacet
  facet normal 0 0 1
    outer loop
      vertex 181.711 130.83 28
      vertex 180.525 128.525 28
      vertex 180.869 128.223 28
    endloop
  endfacet
  facet normal 0 0 1
    outer loop
      vertex 181.874 131.65 28
      vertex 179.969 132.75 28
      vertex 181.799 131.497 28
    endloop
  endfacet
  facet normal 0 0 1
    outer loop
      vertex 181.711 130.83 28
      vertex 180.223 128.869 28
      vertex 180.525 128.525 28
    endloop
  endfacet
  facet normal -0 0 1
    outer loop
      vertex 179.969 132.75 28
      vertex 181.874 131.65 28
      vertex 180.136 133 28
    endloop
  endfacet
  facet normal -0 0 1
    outer loop
      vertex 179.619 131.906 28
      vertex 181.744 131.336 28
      vertex 179.766 132.339 28
    endloop
  endfacet
  facet normal 0 0 1
    outer loop
      vertex 181.969 131.791 28
      vertex 180.136 133 28
      vertex 181.874 131.65 28
    endloop
  endfacet
  facet normal 0 0 1
    outer loop
      vertex 182.081 131.919 28
      vertex 180.136 133 28
      vertex 181.969 131.791 28
    endloop
  endfacet
  facet normal 0 0 1
    outer loop
      vertex 182.209 132.031 28
      vertex 180.136 133 28
      vertex 182.081 131.919 28
    endloop
  endfacet
  facet normal 0 0 1
    outer loop
      vertex 182.35 132.126 28
      vertex 180.136 133 28
      vertex 182.209 132.031 28
    endloop
  endfacet
  facet normal 0 0 1
    outer loop
      vertex 188 136 28
      vertex 7.86404 133 28
      vertex 180.136 133 28
    endloop
  endfacet
  facet normal 0 0 1
    outer loop
      vertex 8.38074 130.094 28
      vertex 6.2557 130.664 28
      vertex 8.23358 129.661 28
    endloop
  endfacet
  facet normal -0 0 1
    outer loop
      vertex 6.20104 130.503 28
      vertex 8.23358 129.661 28
      vertex 6.2557 130.664 28
    endloop
  endfacet
  facet normal 0 0 1
    outer loop
      vertex 8.23358 129.661 28
      vertex 6.20104 130.503 28
      vertex 8.03109 129.25 28
    endloop
  endfacet
  facet normal -0 0 1
    outer loop
      vertex 6.12583 130.35 28
      vertex 8.03109 129.25 28
      vertex 6.20104 130.503 28
    endloop
  endfacet
  facet normal 0 0 1
    outer loop
      vertex 8.03109 129.25 28
      vertex 6.12583 130.35 28
      vertex 7.77674 128.869 28
    endloop
  endfacet
  facet normal 0 0 1
    outer loop
      vertex 8.47006 131.457 28
      vertex 6.28888 131.17 28
      vertex 6.3 131 28
    endloop
  endfacet
  facet normal 0 0 1
    outer loop
      vertex 8.38074 131.906 28
      vertex 6.2557 131.336 28
      vertex 6.28888 131.17 28
    endloop
  endfacet
  facet normal 0 0 1
    outer loop
      vertex 8.23358 132.339 28
      vertex 6.20104 131.497 28
      vertex 6.2557 131.336 28
    endloop
  endfacet
  facet normal 0 0 1
    outer loop
      vertex 8.03109 132.75 28
      vertex 6.12583 131.65 28
      vertex 6.20104 131.497 28
    endloop
  endfacet
  facet normal 0 0 1
    outer loop
      vertex 7.86404 133 28
      vertex 6.03136 131.791 28
      vertex 6.12583 131.65 28
    endloop
  endfacet
  facet normal 0 0 1
    outer loop
      vertex 7.86404 133 28
      vertex 5.91924 131.919 28
      vertex 6.03136 131.791 28
    endloop
  endfacet
  facet normal 0 0 1
    outer loop
      vertex 7.86404 133 28
      vertex 5.79139 132.031 28
      vertex 5.91924 131.919 28
    endloop
  endfacet
  facet normal 0 0 1
    outer loop
      vertex 7.86404 133 28
      vertex 5.65 132.126 28
      vertex 5.79139 132.031 28
    endloop
  endfacet
  facet normal 0 0 1
    outer loop
      vertex 7.86404 133 28
      vertex 5.49749 132.201 28
      vertex 5.65 132.126 28
    endloop
  endfacet
  facet normal 0 0 1
    outer loop
      vertex 7.86404 133 28
      vertex 5.33646 132.256 28
      vertex 5.49749 132.201 28
    endloop
  endfacet
  facet normal 0 0 1
    outer loop
      vertex 7.86404 133 28
      vertex 5.16968 132.289 28
      vertex 5.33646 132.256 28
    endloop
  endfacet
  facet normal 0 0 1
    outer loop
      vertex 7.86404 133 28
      vertex 5 132.3 28
      vertex 5.16968 132.289 28
    endloop
  endfacet
  facet normal 0 0 1
    outer loop
      vertex 0 136 28
      vertex 5 132.3 28
      vertex 7.86404 133 28
    endloop
  endfacet
  facet normal 0 0 1
    outer loop
      vertex 5 132.3 28
      vertex 0 136 28
      vertex 4.83032 132.289 28
    endloop
  endfacet
  facet normal 0 0 1
    outer loop
      vertex 4.35 129.874 28
      vertex 3.25 127.969 28
      vertex 3.66061 127.766 28
    endloop
  endfacet
  facet normal 0 0 1
    outer loop
      vertex 0 136 28
      vertex 3.7 131 28
      vertex 3.71112 131.17 28
    endloop
  endfacet
  facet normal 0 0 1
    outer loop
      vertex 4.35 129.874 28
      vertex 3 128.136 28
      vertex 3.25 127.969 28
    endloop
  endfacet
  facet normal 0 0 1
    outer loop
      vertex 0 136 28
      vertex 3.71112 131.17 28
      vertex 3.7443 131.336 28
    endloop
  endfacet
  facet normal 0 0 1
    outer loop
      vertex 3 128.136 28
      vertex 0 136 28
      vertex 3 7.86404 28
    endloop
  endfacet
  facet normal 0 0 1
    outer loop
      vertex 3.7 131 28
      vertex 0 136 28
      vertex 3 128.136 28
    endloop
  endfacet
  facet normal 0 0 1
    outer loop
      vertex 3.79896 131.497 28
      vertex 0 136 28
      vertex 3.7443 131.336 28
    endloop
  endfacet
  facet normal 0 0 1
    outer loop
      vertex 3.87417 131.65 28
      vertex 0 136 28
      vertex 3.79896 131.497 28
    endloop
  endfacet
  facet normal 0 0 1
    outer loop
      vertex 3.96864 131.791 28
      vertex 0 136 28
      vertex 3.87417 131.65 28
    endloop
  endfacet
  facet normal 0 0 1
    outer loop
      vertex 4.08076 131.919 28
      vertex 0 136 28
      vertex 3.96864 131.791 28
    endloop
  endfacet
  facet normal 0 0 1
    outer loop
      vertex 4.20861 132.031 28
      vertex 0 136 28
      vertex 4.08076 131.919 28
    endloop
  endfacet
  facet normal 0 0 1
    outer loop
      vertex 4.35 132.126 28
      vertex 0 136 28
      vertex 4.20861 132.031 28
    endloop
  endfacet
  facet normal 0 0 1
    outer loop
      vertex 4.50251 132.201 28
      vertex 0 136 28
      vertex 4.35 132.126 28
    endloop
  endfacet
  facet normal 0 0 1
    outer loop
      vertex 4.66354 132.256 28
      vertex 0 136 28
      vertex 4.50251 132.201 28
    endloop
  endfacet
  facet normal 0 0 1
    outer loop
      vertex 4.83032 132.289 28
      vertex 0 136 28
      vertex 4.66354 132.256 28
    endloop
  endfacet
  facet normal -0 0 1
    outer loop
      vertex 0 136 28
      vertex 7.86404 133 28
      vertex 188 136 28
    endloop
  endfacet
  facet normal -0 0 1
    outer loop
      vertex 185 7.86404 28
      vertex 188 0 28
      vertex 185 128.136 28
    endloop
  endfacet
  facet normal 0 0 1
    outer loop
      vertex 184.289 5.16968 28
      vertex 185 7.86404 28
      vertex 184.75 8.03109 28
    endloop
  endfacet
  facet normal 0 0 1
    outer loop
      vertex 183.65 6.12583 28
      vertex 184.75 8.03109 28
      vertex 184.339 8.23358 28
    endloop
  endfacet
  facet normal 0 0 1
    outer loop
      vertex 185 7.86404 28
      vertex 184.3 5 28
      vertex 188 0 28
    endloop
  endfacet
  facet normal -0 0 1
    outer loop
      vertex 184.289 4.83032 28
      vertex 188 0 28
      vertex 184.3 5 28
    endloop
  endfacet
  facet normal -0 0 1
    outer loop
      vertex 184.256 4.66354 28
      vertex 188 0 28
      vertex 184.289 4.83032 28
    endloop
  endfacet
  facet normal -0 0 1
    outer loop
      vertex 184.201 4.50251 28
      vertex 188 0 28
      vertex 184.256 4.66354 28
    endloop
  endfacet
  facet normal -0 0 1
    outer loop
      vertex 184.126 4.35 28
      vertex 188 0 28
      vertex 184.201 4.50251 28
    endloop
  endfacet
  facet normal -0 0 1
    outer loop
      vertex 184.031 4.20861 28
      vertex 188 0 28
      vertex 184.126 4.35 28
    endloop
  endfacet
  facet normal -0 0 1
    outer loop
      vertex 183.919 4.08076 28
      vertex 188 0 28
      vertex 184.031 4.20861 28
    endloop
  endfacet
  facet normal -0 0 1
    outer loop
      vertex 183.791 3.96864 28
      vertex 188 0 28
      vertex 183.919 4.08076 28
    endloop
  endfacet
  facet normal -0 0 1
    outer loop
      vertex 183.65 3.87417 28
      vertex 188 0 28
      vertex 183.791 3.96864 28
    endloop
  endfacet
  facet normal -0 0 1
    outer loop
      vertex 183.497 3.79896 28
      vertex 188 0 28
      vertex 183.65 3.87417 28
    endloop
  endfacet
  facet normal -0 0 1
    outer loop
      vertex 183.336 3.7443 28
      vertex 188 0 28
      vertex 183.497 3.79896 28
    endloop
  endfacet
  facet normal -0 0 1
    outer loop
      vertex 183.17 3.71112 28
      vertex 188 0 28
      vertex 183.336 3.7443 28
    endloop
  endfacet
  facet normal -0 0 1
    outer loop
      vertex 183 3.7 28
      vertex 188 0 28
      vertex 183.17 3.71112 28
    endloop
  endfacet
  facet normal 0 0 1
    outer loop
      vertex 180.136 3 28
      vertex 183 3.7 28
      vertex 182.83 3.71112 28
    endloop
  endfacet
  facet normal 0 0 1
    outer loop
      vertex 180.136 3 28
      vertex 182.83 3.71112 28
      vertex 182.664 3.7443 28
    endloop
  endfacet
  facet normal 0 0 1
    outer loop
      vertex 180.136 3 28
      vertex 182.664 3.7443 28
      vertex 182.503 3.79896 28
    endloop
  endfacet
  facet normal 0 0 1
    outer loop
      vertex 180.136 3 28
      vertex 182.503 3.79896 28
      vertex 182.35 3.87417 28
    endloop
  endfacet
  facet normal 0 0 1
    outer loop
      vertex 180.136 3 28
      vertex 182.35 3.87417 28
      vertex 182.209 3.96864 28
    endloop
  endfacet
  facet normal -0 0 1
    outer loop
      vertex 179.969 6.75 28
      vertex 181.874 5.65 28
      vertex 180.223 7.13066 28
    endloop
  endfacet
  facet normal 0 0 1
    outer loop
      vertex 181.874 5.65 28
      vertex 179.969 6.75 28
      vertex 181.799 5.49749 28
    endloop
  endfacet
  facet normal -0 0 1
    outer loop
      vertex 179.766 6.33939 28
      vertex 181.799 5.49749 28
      vertex 179.969 6.75 28
    endloop
  endfacet
  facet normal 0 0 1
    outer loop
      vertex 181.799 5.49749 28
      vertex 179.766 6.33939 28
      vertex 181.744 5.33646 28
    endloop
  endfacet
  facet normal -0 0 1
    outer loop
      vertex 179.619 5.90587 28
      vertex 181.744 5.33646 28
      vertex 179.766 6.33939 28
    endloop
  endfacet
  facet normal 0 0 1
    outer loop
      vertex 181.7 5 28
      vertex 180.136 3 28
      vertex 181.711 4.83032 28
    endloop
  endfacet
  facet normal 0 0 1
    outer loop
      vertex 181.711 4.83032 28
      vertex 180.136 3 28
      vertex 181.744 4.66354 28
    endloop
  endfacet
  facet normal 0 0 1
    outer loop
      vertex 181.744 4.66354 28
      vertex 180.136 3 28
      vertex 181.799 4.50251 28
    endloop
  endfacet
  facet normal 0 0 1
    outer loop
      vertex 181.799 4.50251 28
      vertex 180.136 3 28
      vertex 181.874 4.35 28
    endloop
  endfacet
  facet normal 0 0 1
    outer loop
      vertex 180.136 3 28
      vertex 181.969 4.20861 28
      vertex 181.874 4.35 28
    endloop
  endfacet
  facet normal 0 0 1
    outer loop
      vertex 180.136 3 28
      vertex 182.081 4.08076 28
      vertex 181.969 4.20861 28
    endloop
  endfacet
  facet normal 0 0 1
    outer loop
      vertex 180.136 3 28
      vertex 182.209 3.96864 28
      vertex 182.081 4.08076 28
    endloop
  endfacet
  facet normal 0 0 1
    outer loop
      vertex 183 3.7 28
      vertex 180.136 3 28
      vertex 188 0 28
    endloop
  endfacet
  facet normal -0 0 1
    outer loop
      vertex 7.86404 3 28
      vertex 188 0 28
      vertex 180.136 3 28
    endloop
  endfacet
  facet normal 0 0 1
    outer loop
      vertex 6.28888 5.16968 28
      vertex 7.77674 7.13066 28
      vertex 7.47487 7.47487 28
    endloop
  endfacet
  facet normal 0 0 1
    outer loop
      vertex 6.28888 5.16968 28
      vertex 7.47487 7.47487 28
      vertex 7.13066 7.77674 28
    endloop
  endfacet
  facet normal 0 0 1
    outer loop
      vertex 6.28888 5.16968 28
      vertex 7.13066 7.77674 28
      vertex 6.75 8.03109 28
    endloop
  endfacet
  facet normal 0 0 1
    outer loop
      vertex 5.65 6.12583 28
      vertex 6.75 8.03109 28
      vertex 6.33939 8.23358 28
    endloop
  endfacet
  facet normal 0 0 1
    outer loop
      vertex 8.38074 4.09413 28
      vertex 6.2557 4.66354 28
      vertex 8.23358 3.66061 28
    endloop
  endfacet
  facet normal -0 0 1
    outer loop
      vertex 6.20104 4.50251 28
      vertex 8.23358 3.66061 28
      vertex 6.2557 4.66354 28
    endloop
  endfacet
  facet normal 0 0 1
    outer loop
      vertex 8.23358 3.66061 28
      vertex 6.20104 4.50251 28
      vertex 8.03109 3.25 28
    endloop
  endfacet
  facet normal -0 0 1
    outer loop
      vertex 6.12583 4.35 28
      vertex 8.03109 3.25 28
      vertex 6.20104 4.50251 28
    endloop
  endfacet
  facet normal 0 0 1
    outer loop
      vertex 8.03109 3.25 28
      vertex 6.12583 4.35 28
      vertex 7.86404 3 28
    endloop
  endfacet
  facet normal -0 0 1
    outer loop
      vertex 6.03136 4.20861 28
      vertex 7.86404 3 28
      vertex 6.12583 4.35 28
    endloop
  endfacet
  facet normal -0 0 1
    outer loop
      vertex 5.91924 4.08076 28
      vertex 7.86404 3 28
      vertex 6.03136 4.20861 28
    endloop
  endfacet
  facet normal -0 0 1
    outer loop
      vertex 5.79139 3.96864 28
      vertex 7.86404 3 28
      vertex 5.91924 4.08076 28
    endloop
  endfacet
  facet normal -0 0 1
    outer loop
      vertex 5.65 3.87417 28
      vertex 7.86404 3 28
      vertex 5.79139 3.96864 28
    endloop
  endfacet
  facet normal -0 0 1
    outer loop
      vertex 5.49749 3.79896 28
      vertex 7.86404 3 28
      vertex 5.65 3.87417 28
    endloop
  endfacet
  facet normal -0 0 1
    outer loop
      vertex 5.33646 3.7443 28
      vertex 7.86404 3 28
      vertex 5.49749 3.79896 28
    endloop
  endfacet
  facet normal -0 0 1
    outer loop
      vertex 5.16968 3.71112 28
      vertex 7.86404 3 28
      vertex 5.33646 3.7443 28
    endloop
  endfacet
  facet normal -0 0 1
    outer loop
      vertex 5 3.7 28
      vertex 7.86404 3 28
      vertex 5.16968 3.71112 28
    endloop
  endfacet
  facet normal 0 0 1
    outer loop
      vertex 0 0 28
      vertex 5 3.7 28
      vertex 4.83032 3.71112 28
    endloop
  endfacet
  facet normal 0 0 1
    outer loop
      vertex 0 0 28
      vertex 4.83032 3.71112 28
      vertex 4.66354 3.7443 28
    endloop
  endfacet
  facet normal 0 0 1
    outer loop
      vertex 3.7443 5.33646 28
      vertex 3 7.86404 28
      vertex 3.71112 5.16968 28
    endloop
  endfacet
  facet normal 0 0 1
    outer loop
      vertex 3.71112 5.16968 28
      vertex 3 7.86404 28
      vertex 3.7 5 28
    endloop
  endfacet
  facet normal 0 0 1
    outer loop
      vertex 0 0 28
      vertex 3.7 5 28
      vertex 3 7.86404 28
    endloop
  endfacet
  facet normal 0 0 1
    outer loop
      vertex 3.7 5 28
      vertex 0 0 28
      vertex 3.71112 4.83032 28
    endloop
  endfacet
  facet normal 0 0 1
    outer loop
      vertex 7.86404 3 28
      vertex 0 0 28
      vertex 188 0 28
    endloop
  endfacet
  facet normal 0 0 1
    outer loop
      vertex 5 3.7 28
      vertex 0 0 28
      vertex 7.86404 3 28
    endloop
  endfacet
  facet normal 0 0 1
    outer loop
      vertex 4.50251 3.79896 28
      vertex 0 0 28
      vertex 4.66354 3.7443 28
    endloop
  endfacet
  facet normal 0 0 1
    outer loop
      vertex 4.35 3.87417 28
      vertex 0 0 28
      vertex 4.50251 3.79896 28
    endloop
  endfacet
  facet normal 0 0 1
    outer loop
      vertex 4.20861 3.96864 28
      vertex 0 0 28
      vertex 4.35 3.87417 28
    endloop
  endfacet
  facet normal 0 0 1
    outer loop
      vertex 4.08076 4.08076 28
      vertex 0 0 28
      vertex 4.20861 3.96864 28
    endloop
  endfacet
  facet normal 0 0 1
    outer loop
      vertex 3.96864 4.20861 28
      vertex 0 0 28
      vertex 4.08076 4.08076 28
    endloop
  endfacet
  facet normal 0 0 1
    outer loop
      vertex 3.87417 4.35 28
      vertex 0 0 28
      vertex 3.96864 4.20861 28
    endloop
  endfacet
  facet normal 0 0 1
    outer loop
      vertex 3.79896 4.50251 28
      vertex 0 0 28
      vertex 3.87417 4.35 28
    endloop
  endfacet
  facet normal 0 0 1
    outer loop
      vertex 3.7443 4.66354 28
      vertex 0 0 28
      vertex 3.79896 4.50251 28
    endloop
  endfacet
  facet normal 0 0 1
    outer loop
      vertex 3.71112 4.83032 28
      vertex 0 0 28
      vertex 3.7443 4.66354 28
    endloop
  endfacet
  facet normal 0 0 1
    outer loop
      vertex 0 0 28
      vertex 3 7.86404 28
      vertex 0 136 28
    endloop
  endfacet
  facet normal -0 0 1
    outer loop
      vertex 184.201 130.503 28
      vertex 185 128.136 28
      vertex 184.256 130.664 28
    endloop
  endfacet
  facet normal -0 0 1
    outer loop
      vertex 184.126 130.35 28
      vertex 185 128.136 28
      vertex 184.201 130.503 28
    endloop
  endfacet
  facet normal -0 0 1
    outer loop
      vertex 184.031 130.209 28
      vertex 185 128.136 28
      vertex 184.126 130.35 28
    endloop
  endfacet
  facet normal -0 0 1
    outer loop
      vertex 183.919 130.081 28
      vertex 185 128.136 28
      vertex 184.031 130.209 28
    endloop
  endfacet
  facet normal -0 0 1
    outer loop
      vertex 183.791 129.969 28
      vertex 185 128.136 28
      vertex 183.919 130.081 28
    endloop
  endfacet
  facet normal -0 0 1
    outer loop
      vertex 183.65 129.874 28
      vertex 185 128.136 28
      vertex 183.791 129.969 28
    endloop
  endfacet
  facet normal 0 0 1
    outer loop
      vertex 185 128.136 28
      vertex 183.65 129.874 28
      vertex 184.75 127.969 28
    endloop
  endfacet
  facet normal 0 0 1
    outer loop
      vertex 184.75 127.969 28
      vertex 183.65 129.874 28
      vertex 184.339 127.766 28
    endloop
  endfacet
  facet normal -0 0 1
    outer loop
      vertex 183.497 129.799 28
      vertex 184.339 127.766 28
      vertex 183.65 129.874 28
    endloop
  endfacet
  facet normal 0 0 1
    outer loop
      vertex 184.339 127.766 28
      vertex 183.497 129.799 28
      vertex 183.906 127.619 28
    endloop
  endfacet
  facet normal -0 0 1
    outer loop
      vertex 183.336 129.744 28
      vertex 183.906 127.619 28
      vertex 183.497 129.799 28
    endloop
  endfacet
  facet normal 0 0 1
    outer loop
      vertex 183.906 127.619 28
      vertex 183.336 129.744 28
      vertex 183.457 127.53 28
    endloop
  endfacet
  facet normal -0 0 1
    outer loop
      vertex 183.17 129.711 28
      vertex 183.457 127.53 28
      vertex 183.336 129.744 28
    endloop
  endfacet
  facet normal -0 0 1
    outer loop
      vertex 183 129.7 28
      vertex 183.457 127.53 28
      vertex 183.17 129.711 28
    endloop
  endfacet
  facet normal 0 0 1
    outer loop
      vertex 183 129.7 28
      vertex 183 127.5 28
      vertex 183.457 127.53 28
    endloop
  endfacet
  facet normal 0 0 1
    outer loop
      vertex 182.83 129.711 28
      vertex 183 127.5 28
      vertex 183 129.7 28
    endloop
  endfacet
  facet normal 0 0 1
    outer loop
      vertex 182.543 127.53 28
      vertex 182.83 129.711 28
      vertex 182.664 129.744 28
    endloop
  endfacet
  facet normal 0 0 1
    outer loop
      vertex 182.83 129.711 28
      vertex 182.543 127.53 28
      vertex 183 127.5 28
    endloop
  endfacet
  facet normal 0 0 1
    outer loop
      vertex 182.094 127.619 28
      vertex 182.664 129.744 28
      vertex 182.503 129.799 28
    endloop
  endfacet
  facet normal 0 0 1
    outer loop
      vertex 181.661 127.766 28
      vertex 182.503 129.799 28
      vertex 182.35 129.874 28
    endloop
  endfacet
  facet normal 0 0 1
    outer loop
      vertex 181.25 127.969 28
      vertex 182.35 129.874 28
      vertex 182.209 129.969 28
    endloop
  endfacet
  facet normal 0 0 1
    outer loop
      vertex 182.664 129.744 28
      vertex 182.094 127.619 28
      vertex 182.543 127.53 28
    endloop
  endfacet
  facet normal 0 0 1
    outer loop
      vertex 181.25 127.969 28
      vertex 182.209 129.969 28
      vertex 182.081 130.081 28
    endloop
  endfacet
  facet normal 0 0 1
    outer loop
      vertex 181.25 127.969 28
      vertex 182.081 130.081 28
      vertex 181.969 130.209 28
    endloop
  endfacet
  facet normal 0 0 1
    outer loop
      vertex 181.25 127.969 28
      vertex 181.969 130.209 28
      vertex 181.874 130.35 28
    endloop
  endfacet
  facet normal 0 0 1
    outer loop
      vertex 181.25 127.969 28
      vertex 181.874 130.35 28
      vertex 181.799 130.503 28
    endloop
  endfacet
  facet normal 0 0 1
    outer loop
      vertex 181.25 127.969 28
      vertex 181.799 130.503 28
      vertex 181.744 130.664 28
    endloop
  endfacet
  facet normal 0 0 1
    outer loop
      vertex 181.25 127.969 28
      vertex 181.744 130.664 28
      vertex 181.711 130.83 28
    endloop
  endfacet
  facet normal 0 0 1
    outer loop
      vertex 182.503 129.799 28
      vertex 181.661 127.766 28
      vertex 182.094 127.619 28
    endloop
  endfacet
  facet normal 0 0 1
    outer loop
      vertex 180.223 128.869 28
      vertex 181.711 130.83 28
      vertex 181.7 131 28
    endloop
  endfacet
  facet normal 0 0 -1
    outer loop
      vertex 188 0 0
      vertex 127 127 0
      vertex 188 136 0
    endloop
  endfacet
  facet normal 0 0 -1
    outer loop
      vertex 188 0 0
      vertex 124 127 0
      vertex 127 127 0
    endloop
  endfacet
  facet normal 0 0 -1
    outer loop
      vertex 124 127 0
      vertex 117 127 0
      vertex 124 129 0
    endloop
  endfacet
  facet normal 0 0 -1
    outer loop
      vertex 188 0 0
      vertex 117 127 0
      vertex 124 127 0
    endloop
  endfacet
  facet normal 0 0 -1
    outer loop
      vertex 188 0 0
      vertex 114 127 0
      vertex 117 127 0
    endloop
  endfacet
  facet normal 0 0 -1
    outer loop
      vertex 114 127 0
      vertex 107 127 0
      vertex 114 129 0
    endloop
  endfacet
  facet normal 0 0 -1
    outer loop
      vertex 188 0 0
      vertex 107 127 0
      vertex 114 127 0
    endloop
  endfacet
  facet normal 0 0 -1
    outer loop
      vertex 188 0 0
      vertex 104 127 0
      vertex 107 127 0
    endloop
  endfacet
  facet normal 0 0 -1
    outer loop
      vertex 104 127 0
      vertex 97 127 0
      vertex 104 129 0
    endloop
  endfacet
  facet normal 0 0 -1
    outer loop
      vertex 188 0 0
      vertex 97 127 0
      vertex 104 127 0
    endloop
  endfacet
  facet normal 0 0 -1
    outer loop
      vertex 188 0 0
      vertex 94 127 0
      vertex 97 127 0
    endloop
  endfacet
  facet normal 0 0 -1
    outer loop
      vertex 94 127 0
      vertex 87 127 0
      vertex 94 129 0
    endloop
  endfacet
  facet normal 0 0 -1
    outer loop
      vertex 0 0 0
      vertex 94 127 0
      vertex 188 0 0
    endloop
  endfacet
  facet normal -0 0 -1
    outer loop
      vertex 94 127 0
      vertex 0 0 0
      vertex 87 127 0
    endloop
  endfacet
  facet normal 0 0 -1
    outer loop
      vertex 84 127 0
      vertex 77 127 0
      vertex 84 129 0
    endloop
  endfacet
  facet normal -0 0 -1
    outer loop
      vertex 87 127 0
      vertex 0 0 0
      vertex 84 127 0
    endloop
  endfacet
  facet normal -0 0 -1
    outer loop
      vertex 84 127 0
      vertex 0 0 0
      vertex 77 127 0
    endloop
  endfacet
  facet normal 0 0 -1
    outer loop
      vertex 74 127 0
      vertex 67 127 0
      vertex 74 129 0
    endloop
  endfacet
  facet normal -0 0 -1
    outer loop
      vertex 77 127 0
      vertex 0 0 0
      vertex 74 127 0
    endloop
  endfacet
  facet normal -0 0 -1
    outer loop
      vertex 74 127 0
      vertex 0 0 0
      vertex 67 127 0
    endloop
  endfacet
  facet normal 0 0 -1
    outer loop
      vertex 0 136 0
      vertex 64 127 0
      vertex 0 0 0
    endloop
  endfacet
  facet normal -0 0 -1
    outer loop
      vertex 67 127 0
      vertex 0 0 0
      vertex 64 127 0
    endloop
  endfacet
  facet normal 0 0 -1
    outer loop
      vertex 127 129 0
      vertex 188 136 0
      vertex 127 127 0
    endloop
  endfacet
  facet normal 0 0 -1
    outer loop
      vertex 124 129 0
      vertex 188 136 0
      vertex 127 129 0
    endloop
  endfacet
  facet normal 0 0 -1
    outer loop
      vertex 117 129 0
      vertex 124 129 0
      vertex 117 127 0
    endloop
  endfacet
  facet normal 0 0 -1
    outer loop
      vertex 117 129 0
      vertex 188 136 0
      vertex 124 129 0
    endloop
  endfacet
  facet normal 0 0 -1
    outer loop
      vertex 114 129 0
      vertex 188 136 0
      vertex 117 129 0
    endloop
  endfacet
  facet normal 0 0 -1
    outer loop
      vertex 107 129 0
      vertex 114 129 0
      vertex 107 127 0
    endloop
  endfacet
  facet normal 0 0 -1
    outer loop
      vertex 107 129 0
      vertex 188 136 0
      vertex 114 129 0
    endloop
  endfacet
  facet normal 0 0 -1
    outer loop
      vertex 104 129 0
      vertex 188 136 0
      vertex 107 129 0
    endloop
  endfacet
  facet normal 0 0 -1
    outer loop
      vertex 97 129 0
      vertex 104 129 0
      vertex 97 127 0
    endloop
  endfacet
  facet normal 0 0 -1
    outer loop
      vertex 97 129 0
      vertex 188 136 0
      vertex 104 129 0
    endloop
  endfacet
  facet normal 0 0 -1
    outer loop
      vertex 94 129 0
      vertex 188 136 0
      vertex 97 129 0
    endloop
  endfacet
  facet normal 0 0 -1
    outer loop
      vertex 87 129 0
      vertex 94 129 0
      vertex 87 127 0
    endloop
  endfacet
  facet normal 0 0 -1
    outer loop
      vertex 87 129 0
      vertex 188 136 0
      vertex 94 129 0
    endloop
  endfacet
  facet normal 0 0 -1
    outer loop
      vertex 0 136 0
      vertex 87 129 0
      vertex 84 129 0
    endloop
  endfacet
  facet normal 0 0 -1
    outer loop
      vertex 77 129 0
      vertex 84 129 0
      vertex 77 127 0
    endloop
  endfacet
  facet normal 0 0 -1
    outer loop
      vertex 0 136 0
      vertex 84 129 0
      vertex 77 129 0
    endloop
  endfacet
  facet normal 0 0 -1
    outer loop
      vertex 0 136 0
      vertex 77 129 0
      vertex 74 129 0
    endloop
  endfacet
  facet normal 0 0 -1
    outer loop
      vertex 67 129 0
      vertex 74 129 0
      vertex 67 127 0
    endloop
  endfacet
  facet normal 0 0 -1
    outer loop
      vertex 0 136 0
      vertex 74 129 0
      vertex 67 129 0
    endloop
  endfacet
  facet normal 0 0 -1
    outer loop
      vertex 0 136 0
      vertex 67 129 0
      vertex 64 129 0
    endloop
  endfacet
  facet normal 0 0 -1
    outer loop
      vertex 87 129 0
      vertex 0 136 0
      vertex 188 136 0
    endloop
  endfacet
  facet normal 0 0 -1
    outer loop
      vertex 64 127 0
      vertex 0 136 0
      vertex 64 129 0
    endloop
  endfacet
  facet normal -1 0 0
    outer loop
      vertex 0 119 17
      vertex 0 136 0
      vertex 0 119 8
    endloop
  endfacet
  facet normal -1 0 0
    outer loop
      vertex 0 136 0
      vertex 0 105 8
      vertex 0 119 8
    endloop
  endfacet
  facet normal -1 -0 0
    outer loop
      vertex 0 105 8
      vertex 0 0 0
      vertex 0 105 17
    endloop
  endfacet
  facet normal -1 0 0
    outer loop
      vertex 0 0 0
      vertex 0 105 8
      vertex 0 136 0
    endloop
  endfacet
  facet normal -1 0 0
    outer loop
      vertex 0 136 0
      vertex 0 119 17
      vertex 0 136 28
    endloop
  endfacet
  facet normal -1 0 0
    outer loop
      vertex 0 105 17
      vertex 0 136 28
      vertex 0 119 17
    endloop
  endfacet
  facet normal -1 0 0
    outer loop
      vertex 0 0 28
      vertex 0 105 17
      vertex 0 0 0
    endloop
  endfacet
  facet normal -1 0 0
    outer loop
      vertex 0 105 17
      vertex 0 0 28
      vertex 0 136 28
    endloop
  endfacet
  facet normal 0 1 -0
    outer loop
      vertex 188 136 0
      vertex 0 136 28
      vertex 188 136 28
    endloop
  endfacet
  facet normal 0 1 0
    outer loop
      vertex 0 136 28
      vertex 188 136 0
      vertex 0 136 0
    endloop
  endfacet
  facet normal 0 -1 0
    outer loop
      vertex 0 0 0
      vertex 188 0 28
      vertex 0 0 28
    endloop
  endfacet
  facet normal 0 -1 -0
    outer loop
      vertex 188 0 28
      vertex 0 0 0
      vertex 188 0 0
    endloop
  endfacet
  facet normal -1 0 0
    outer loop
      vertex 185 7.86404 3
      vertex 185 128.136 28
      vertex 185 128.136 3
    endloop
  endfacet
  facet normal -1 -0 0
    outer loop
      vertex 185 128.136 28
      vertex 185 7.86404 3
      vertex 185 7.86404 28
    endloop
  endfacet
  facet normal -0 0 1
    outer loop
      vertex 8.38074 130.094 3
      vertex 64 127 3
      vertex 8.47006 130.543 3
    endloop
  endfacet
  facet normal 0 0 1
    outer loop
      vertex 64 127 3
      vertex 8.47006 5.45684 3
      vertex 8.5 5 3
    endloop
  endfacet
  facet normal -0 0 1
    outer loop
      vertex 8.23358 129.661 3
      vertex 64 127 3
      vertex 8.38074 130.094 3
    endloop
  endfacet
  facet normal 0 0 1
    outer loop
      vertex 64 127 3
      vertex 8.38074 5.90587 3
      vertex 8.47006 5.45684 3
    endloop
  endfacet
  facet normal -0 0 1
    outer loop
      vertex 8.03109 129.25 3
      vertex 64 127 3
      vertex 8.23358 129.661 3
    endloop
  endfacet
  facet normal 0 0 1
    outer loop
      vertex 64 127 3
      vertex 8.23358 6.33939 3
      vertex 8.38074 5.90587 3
    endloop
  endfacet
  facet normal -0 0 1
    outer loop
      vertex 7.77674 128.869 3
      vertex 64 127 3
      vertex 8.03109 129.25 3
    endloop
  endfacet
  facet normal 0 0 1
    outer loop
      vertex 64 127 3
      vertex 8.03109 6.75 3
      vertex 8.23358 6.33939 3
    endloop
  endfacet
  facet normal -0 0 1
    outer loop
      vertex 7.47487 128.525 3
      vertex 64 127 3
      vertex 7.77674 128.869 3
    endloop
  endfacet
  facet normal 0 0 1
    outer loop
      vertex 64 127 3
      vertex 7.77674 7.13066 3
      vertex 8.03109 6.75 3
    endloop
  endfacet
  facet normal -0 0 1
    outer loop
      vertex 7.13066 128.223 3
      vertex 64 127 3
      vertex 7.47487 128.525 3
    endloop
  endfacet
  facet normal 0 0 1
    outer loop
      vertex 64 127 3
      vertex 7.47487 7.47487 3
      vertex 7.77674 7.13066 3
    endloop
  endfacet
  facet normal -0 0 1
    outer loop
      vertex 6.75 127.969 3
      vertex 64 127 3
      vertex 7.13066 128.223 3
    endloop
  endfacet
  facet normal 0 0 1
    outer loop
      vertex 64 127 3
      vertex 7.13066 7.77674 3
      vertex 7.47487 7.47487 3
    endloop
  endfacet
  facet normal -0 0 1
    outer loop
      vertex 6.33939 127.766 3
      vertex 64 127 3
      vertex 6.75 127.969 3
    endloop
  endfacet
  facet normal 0 0 1
    outer loop
      vertex 64 127 3
      vertex 6.75 8.03109 3
      vertex 7.13066 7.77674 3
    endloop
  endfacet
  facet normal 0 0 1
    outer loop
      vertex 6.33939 8.23358 3
      vertex 64 127 3
      vertex 6.33939 127.766 3
    endloop
  endfacet
  facet normal 0 0 1
    outer loop
      vertex 64 127 3
      vertex 6.33939 8.23358 3
      vertex 6.75 8.03109 3
    endloop
  endfacet
  facet normal -0 0 1
    outer loop
      vertex 5.90587 127.619 3
      vertex 6.33939 8.23358 3
      vertex 6.33939 127.766 3
    endloop
  endfacet
  facet normal 0 0 1
    outer loop
      vertex 5.90587 127.619 3
      vertex 5.90587 8.38074 3
      vertex 6.33939 8.23358 3
    endloop
  endfacet
  facet normal -0 0 1
    outer loop
      vertex 5.45684 127.53 3
      vertex 5.90587 8.38074 3
      vertex 5.90587 127.619 3
    endloop
  endfacet
  facet normal 0 0 1
    outer loop
      vertex 5.45684 127.53 3
      vertex 5.45684 8.47006 3
      vertex 5.90587 8.38074 3
    endloop
  endfacet
  facet normal -0 0 1
    outer loop
      vertex 5 127.5 3
      vertex 5.45684 8.47006 3
      vertex 5.45684 127.53 3
    endloop
  endfacet
  facet normal 0 0 1
    outer loop
      vertex 5 127.5 3
      vertex 5 8.5 3
      vertex 5.45684 8.47006 3
    endloop
  endfacet
  facet normal 0 0 1
    outer loop
      vertex 4.54316 127.53 3
      vertex 5 8.5 3
      vertex 5 127.5 3
    endloop
  endfacet
  facet normal 0 0 1
    outer loop
      vertex 4.54316 127.53 3
      vertex 4.54316 8.47006 3
      vertex 5 8.5 3
    endloop
  endfacet
  facet normal 0 0 1
    outer loop
      vertex 4.09413 127.619 3
      vertex 4.54316 8.47006 3
      vertex 4.54316 127.53 3
    endloop
  endfacet
  facet normal 0 0 1
    outer loop
      vertex 4.09413 127.619 3
      vertex 4.09413 8.38074 3
      vertex 4.54316 8.47006 3
    endloop
  endfacet
  facet normal 0 0 1
    outer loop
      vertex 3.66061 127.766 3
      vertex 4.09413 8.38074 3
      vertex 4.09413 127.619 3
    endloop
  endfacet
  facet normal 0 0 1
    outer loop
      vertex 3.66061 127.766 3
      vertex 3.66061 8.23358 3
      vertex 4.09413 8.38074 3
    endloop
  endfacet
  facet normal 0 0 1
    outer loop
      vertex 3.25 127.969 3
      vertex 3.66061 8.23358 3
      vertex 3.66061 127.766 3
    endloop
  endfacet
  facet normal 0 0 1
    outer loop
      vertex 3.25 127.969 3
      vertex 3.25 8.03109 3
      vertex 3.66061 8.23358 3
    endloop
  endfacet
  facet normal 0 0 1
    outer loop
      vertex 3 128.136 3
      vertex 3.25 8.03109 3
      vertex 3.25 127.969 3
    endloop
  endfacet
  facet normal 0 0 1
    outer loop
      vertex 3.25 8.03109 3
      vertex 3 128.136 3
      vertex 3 7.86404 3
    endloop
  endfacet
  facet normal -0 0 1
    outer loop
      vertex 114 127 3
      vertex 179.969 6.75 3
      vertex 117 127 3
    endloop
  endfacet
  facet normal 0 0 1
    outer loop
      vertex 179.53 131.457 3
      vertex 127 129 3
      vertex 179.5 131 3
    endloop
  endfacet
  facet normal 0 0 1
    outer loop
      vertex 179.619 131.906 3
      vertex 127 129 3
      vertex 179.53 131.457 3
    endloop
  endfacet
  facet normal 0 0 1
    outer loop
      vertex 179.766 132.339 3
      vertex 127 129 3
      vertex 179.619 131.906 3
    endloop
  endfacet
  facet normal 0 0 1
    outer loop
      vertex 179.969 132.75 3
      vertex 127 129 3
      vertex 179.766 132.339 3
    endloop
  endfacet
  facet normal 0 0 1
    outer loop
      vertex 180.136 133 3
      vertex 127 129 3
      vertex 179.969 132.75 3
    endloop
  endfacet
  facet normal 0 0 1
    outer loop
      vertex 180.136 133 3
      vertex 124 129 3
      vertex 127 129 3
    endloop
  endfacet
  facet normal 0 0 1
    outer loop
      vertex 124 129 3
      vertex 117 129 3
      vertex 124 127 3
    endloop
  endfacet
  facet normal 0 0 1
    outer loop
      vertex 180.136 133 3
      vertex 117 129 3
      vertex 124 129 3
    endloop
  endfacet
  facet normal 0 0 1
    outer loop
      vertex 180.136 133 3
      vertex 114 129 3
      vertex 117 129 3
    endloop
  endfacet
  facet normal 0 0 1
    outer loop
      vertex 114 129 3
      vertex 107 129 3
      vertex 114 127 3
    endloop
  endfacet
  facet normal 0 0 1
    outer loop
      vertex 180.136 133 3
      vertex 107 129 3
      vertex 114 129 3
    endloop
  endfacet
  facet normal 0 0 1
    outer loop
      vertex 180.136 133 3
      vertex 104 129 3
      vertex 107 129 3
    endloop
  endfacet
  facet normal 0 0 1
    outer loop
      vertex 104 129 3
      vertex 97 129 3
      vertex 104 127 3
    endloop
  endfacet
  facet normal 0 0 1
    outer loop
      vertex 180.136 133 3
      vertex 97 129 3
      vertex 104 129 3
    endloop
  endfacet
  facet normal 0 0 1
    outer loop
      vertex 180.136 133 3
      vertex 94 129 3
      vertex 97 129 3
    endloop
  endfacet
  facet normal 0 0 1
    outer loop
      vertex 94 129 3
      vertex 87 129 3
      vertex 94 127 3
    endloop
  endfacet
  facet normal 0 0 1
    outer loop
      vertex 180.136 133 3
      vertex 87 129 3
      vertex 94 129 3
    endloop
  endfacet
  facet normal 0 0 1
    outer loop
      vertex 180.136 133 3
      vertex 84 129 3
      vertex 87 129 3
    endloop
  endfacet
  facet normal 0 0 1
    outer loop
      vertex 84 129 3
      vertex 77 129 3
      vertex 84 127 3
    endloop
  endfacet
  facet normal -0 0 1
    outer loop
      vertex 7.86404 133 3
      vertex 84 129 3
      vertex 180.136 133 3
    endloop
  endfacet
  facet normal 0 0 1
    outer loop
      vertex 84 129 3
      vertex 7.86404 133 3
      vertex 77 129 3
    endloop
  endfacet
  facet normal 0 0 1
    outer loop
      vertex 74 129 3
      vertex 67 129 3
      vertex 74 127 3
    endloop
  endfacet
  facet normal 0 0 1
    outer loop
      vertex 77 129 3
      vertex 7.86404 133 3
      vertex 74 129 3
    endloop
  endfacet
  facet normal 0 0 1
    outer loop
      vertex 74 129 3
      vertex 7.86404 133 3
      vertex 67 129 3
    endloop
  endfacet
  facet normal -0 0 1
    outer loop
      vertex 8.47006 130.543 3
      vertex 64 129 3
      vertex 8.5 131 3
    endloop
  endfacet
  facet normal 0 0 1
    outer loop
      vertex 67 129 3
      vertex 7.86404 133 3
      vertex 64 129 3
    endloop
  endfacet
  facet normal 0 0 1
    outer loop
      vertex 64 129 3
      vertex 8.47006 131.457 3
      vertex 8.5 131 3
    endloop
  endfacet
  facet normal 0 0 1
    outer loop
      vertex 64 129 3
      vertex 8.38074 131.906 3
      vertex 8.47006 131.457 3
    endloop
  endfacet
  facet normal 0 0 1
    outer loop
      vertex 64 129 3
      vertex 8.23358 132.339 3
      vertex 8.38074 131.906 3
    endloop
  endfacet
  facet normal 0 0 1
    outer loop
      vertex 64 129 3
      vertex 8.03109 132.75 3
      vertex 8.23358 132.339 3
    endloop
  endfacet
  facet normal 0 0 1
    outer loop
      vertex 64 129 3
      vertex 7.86404 133 3
      vertex 8.03109 132.75 3
    endloop
  endfacet
  facet normal -0 0 1
    outer loop
      vertex 184.75 127.969 3
      vertex 185 7.86404 3
      vertex 185 128.136 3
    endloop
  endfacet
  facet normal 0 0 1
    outer loop
      vertex 184.75 127.969 3
      vertex 184.75 8.03109 3
      vertex 185 7.86404 3
    endloop
  endfacet
  facet normal -0 0 1
    outer loop
      vertex 184.339 127.766 3
      vertex 184.75 8.03109 3
      vertex 184.75 127.969 3
    endloop
  endfacet
  facet normal 0 0 1
    outer loop
      vertex 184.339 127.766 3
      vertex 184.339 8.23358 3
      vertex 184.75 8.03109 3
    endloop
  endfacet
  facet normal -0 0 1
    outer loop
      vertex 183.906 127.619 3
      vertex 184.339 8.23358 3
      vertex 184.339 127.766 3
    endloop
  endfacet
  facet normal 0 0 1
    outer loop
      vertex 183.906 127.619 3
      vertex 183.906 8.38074 3
      vertex 184.339 8.23358 3
    endloop
  endfacet
  facet normal -0 0 1
    outer loop
      vertex 183.457 127.53 3
      vertex 183.906 8.38074 3
      vertex 183.906 127.619 3
    endloop
  endfacet
  facet normal 0 0 1
    outer loop
      vertex 183.457 127.53 3
      vertex 183.457 8.47006 3
      vertex 183.906 8.38074 3
    endloop
  endfacet
  facet normal -0 0 1
    outer loop
      vertex 183 127.5 3
      vertex 183.457 8.47006 3
      vertex 183.457 127.53 3
    endloop
  endfacet
  facet normal 0 0 1
    outer loop
      vertex 183 127.5 3
      vertex 183 8.5 3
      vertex 183.457 8.47006 3
    endloop
  endfacet
  facet normal 0 0 1
    outer loop
      vertex 182.543 127.53 3
      vertex 183 8.5 3
      vertex 183 127.5 3
    endloop
  endfacet
  facet normal 0 0 1
    outer loop
      vertex 182.543 127.53 3
      vertex 182.543 8.47006 3
      vertex 183 8.5 3
    endloop
  endfacet
  facet normal 0 0 1
    outer loop
      vertex 182.094 127.619 3
      vertex 182.543 8.47006 3
      vertex 182.543 127.53 3
    endloop
  endfacet
  facet normal 0 0 1
    outer loop
      vertex 182.094 127.619 3
      vertex 182.094 8.38074 3
      vertex 182.543 8.47006 3
    endloop
  endfacet
  facet normal 0 0 1
    outer loop
      vertex 181.661 127.766 3
      vertex 182.094 8.38074 3
      vertex 182.094 127.619 3
    endloop
  endfacet
  facet normal 0 0 1
    outer loop
      vertex 181.661 127.766 3
      vertex 181.661 8.23358 3
      vertex 182.094 8.38074 3
    endloop
  endfacet
  facet normal 0 0 1
    outer loop
      vertex 180.869 128.223 3
      vertex 127 127 3
      vertex 181.25 127.969 3
    endloop
  endfacet
  facet normal 0 0 1
    outer loop
      vertex 181.25 127.969 3
      vertex 127 127 3
      vertex 181.661 127.766 3
    endloop
  endfacet
  facet normal 0 0 1
    outer loop
      vertex 180.525 128.525 3
      vertex 127 127 3
      vertex 180.869 128.223 3
    endloop
  endfacet
  facet normal 0 0 1
    outer loop
      vertex 181.661 127.766 3
      vertex 127 127 3
      vertex 181.661 8.23358 3
    endloop
  endfacet
  facet normal 0 0 1
    outer loop
      vertex 180.223 128.869 3
      vertex 127 127 3
      vertex 180.525 128.525 3
    endloop
  endfacet
  facet normal 0 0 1
    outer loop
      vertex 181.661 8.23358 3
      vertex 127 127 3
      vertex 181.25 8.03109 3
    endloop
  endfacet
  facet normal 0 0 1
    outer loop
      vertex 179.969 129.25 3
      vertex 127 127 3
      vertex 180.223 128.869 3
    endloop
  endfacet
  facet normal 0 0 1
    outer loop
      vertex 181.25 8.03109 3
      vertex 127 127 3
      vertex 180.869 7.77674 3
    endloop
  endfacet
  facet normal 0 0 1
    outer loop
      vertex 179.766 129.661 3
      vertex 127 127 3
      vertex 179.969 129.25 3
    endloop
  endfacet
  facet normal 0 0 1
    outer loop
      vertex 180.869 7.77674 3
      vertex 127 127 3
      vertex 180.525 7.47487 3
    endloop
  endfacet
  facet normal 0 0 1
    outer loop
      vertex 179.619 130.094 3
      vertex 127 127 3
      vertex 179.766 129.661 3
    endloop
  endfacet
  facet normal 0 0 1
    outer loop
      vertex 180.525 7.47487 3
      vertex 127 127 3
      vertex 180.223 7.13066 3
    endloop
  endfacet
  facet normal 0 0 1
    outer loop
      vertex 179.53 130.543 3
      vertex 127 127 3
      vertex 179.619 130.094 3
    endloop
  endfacet
  facet normal -0 0 1
    outer loop
      vertex 124 127 3
      vertex 180.223 7.13066 3
      vertex 127 127 3
    endloop
  endfacet
  facet normal 0 0 1
    outer loop
      vertex 127 127 3
      vertex 179.53 130.543 3
      vertex 127 129 3
    endloop
  endfacet
  facet normal -0 0 1
    outer loop
      vertex 117 127 3
      vertex 180.223 7.13066 3
      vertex 124 127 3
    endloop
  endfacet
  facet normal 0 0 1
    outer loop
      vertex 127 129 3
      vertex 179.53 130.543 3
      vertex 179.5 131 3
    endloop
  endfacet
  facet normal 0 0 1
    outer loop
      vertex 180.223 7.13066 3
      vertex 117 127 3
      vertex 179.969 6.75 3
    endloop
  endfacet
  facet normal -0 0 1
    outer loop
      vertex 107 127 3
      vertex 179.969 6.75 3
      vertex 114 127 3
    endloop
  endfacet
  facet normal 0 0 1
    outer loop
      vertex 179.969 6.75 3
      vertex 107 127 3
      vertex 179.766 6.33939 3
    endloop
  endfacet
  facet normal -0 0 1
    outer loop
      vertex 104 127 3
      vertex 179.766 6.33939 3
      vertex 107 127 3
    endloop
  endfacet
  facet normal -0 0 1
    outer loop
      vertex 97 127 3
      vertex 179.766 6.33939 3
      vertex 104 127 3
    endloop
  endfacet
  facet normal -0 0 1
    outer loop
      vertex 94 127 3
      vertex 179.766 6.33939 3
      vertex 97 127 3
    endloop
  endfacet
  facet normal 0 0 1
    outer loop
      vertex 117 127 3
      vertex 124 127 3
      vertex 117 129 3
    endloop
  endfacet
  facet normal 0 0 1
    outer loop
      vertex 179.766 6.33939 3
      vertex 94 127 3
      vertex 179.619 5.90587 3
    endloop
  endfacet
  facet normal 0 0 1
    outer loop
      vertex 8.5 5 3
      vertex 179.619 5.90587 3
      vertex 94 127 3
    endloop
  endfacet
  facet normal 0 0 1
    outer loop
      vertex 179.619 5.90587 3
      vertex 8.5 5 3
      vertex 179.53 5.45684 3
    endloop
  endfacet
  facet normal 0 0 1
    outer loop
      vertex 107 127 3
      vertex 114 127 3
      vertex 107 129 3
    endloop
  endfacet
  facet normal 0 0 1
    outer loop
      vertex 179.53 5.45684 3
      vertex 8.5 5 3
      vertex 179.5 5 3
    endloop
  endfacet
  facet normal 0 0 1
    outer loop
      vertex 179.5 5 3
      vertex 8.5 5 3
      vertex 179.53 4.54316 3
    endloop
  endfacet
  facet normal 0 0 1
    outer loop
      vertex 97 127 3
      vertex 104 127 3
      vertex 97 129 3
    endloop
  endfacet
  facet normal 0 0 1
    outer loop
      vertex 8.47006 4.54316 3
      vertex 179.53 4.54316 3
      vertex 8.5 5 3
    endloop
  endfacet
  facet normal 0 0 1
    outer loop
      vertex 179.53 4.54316 3
      vertex 8.47006 4.54316 3
      vertex 179.619 4.09413 3
    endloop
  endfacet
  facet normal 0 0 1
    outer loop
      vertex 8.38074 4.09413 3
      vertex 179.619 4.09413 3
      vertex 8.47006 4.54316 3
    endloop
  endfacet
  facet normal 0 0 1
    outer loop
      vertex 87 127 3
      vertex 94 127 3
      vertex 87 129 3
    endloop
  endfacet
  facet normal 0 0 1
    outer loop
      vertex 8.5 5 3
      vertex 94 127 3
      vertex 87 127 3
    endloop
  endfacet
  facet normal 0 0 1
    outer loop
      vertex 8.5 5 3
      vertex 87 127 3
      vertex 84 127 3
    endloop
  endfacet
  facet normal 0 0 1
    outer loop
      vertex 77 127 3
      vertex 84 127 3
      vertex 77 129 3
    endloop
  endfacet
  facet normal 0 0 1
    outer loop
      vertex 8.5 5 3
      vertex 84 127 3
      vertex 77 127 3
    endloop
  endfacet
  facet normal 0 0 1
    outer loop
      vertex 8.5 5 3
      vertex 77 127 3
      vertex 74 127 3
    endloop
  endfacet
  facet normal 0 0 1
    outer loop
      vertex 67 127 3
      vertex 74 127 3
      vertex 67 129 3
    endloop
  endfacet
  facet normal 0 0 1
    outer loop
      vertex 8.5 5 3
      vertex 74 127 3
      vertex 67 127 3
    endloop
  endfacet
  facet normal 0 0 1
    outer loop
      vertex 8.5 5 3
      vertex 67 127 3
      vertex 64 127 3
    endloop
  endfacet
  facet normal 0 0 1
    outer loop
      vertex 64 129 3
      vertex 8.47006 130.543 3
      vertex 64 127 3
    endloop
  endfacet
  facet normal 0 0 1
    outer loop
      vertex 179.619 4.09413 3
      vertex 8.38074 4.09413 3
      vertex 179.766 3.66061 3
    endloop
  endfacet
  facet normal 0 0 1
    outer loop
      vertex 8.23358 3.66061 3
      vertex 179.766 3.66061 3
      vertex 8.38074 4.09413 3
    endloop
  endfacet
  facet normal 0 0 1
    outer loop
      vertex 179.766 3.66061 3
      vertex 8.23358 3.66061 3
      vertex 179.969 3.25 3
    endloop
  endfacet
  facet normal 0 0 1
    outer loop
      vertex 8.03109 3.25 3
      vertex 179.969 3.25 3
      vertex 8.23358 3.66061 3
    endloop
  endfacet
  facet normal 0 0 1
    outer loop
      vertex 179.969 3.25 3
      vertex 8.03109 3.25 3
      vertex 180.136 3 3
    endloop
  endfacet
  facet normal 0 0 1
    outer loop
      vertex 180.136 3 3
      vertex 8.03109 3.25 3
      vertex 7.86404 3 3
    endloop
  endfacet
  facet normal 1 0 0
    outer loop
      vertex 3 128.136 28
      vertex 3 119 17
      vertex 3 128.136 3
    endloop
  endfacet
  facet normal 1 0 0
    outer loop
      vertex 3 128.136 28
      vertex 3 105 17
      vertex 3 119 17
    endloop
  endfacet
  facet normal 1 0 0
    outer loop
      vertex 3 7.86404 3
      vertex 3 105 17
      vertex 3 7.86404 28
    endloop
  endfacet
  facet normal 1 -0 0
    outer loop
      vertex 3 7.86404 28
      vertex 3 105 17
      vertex 3 128.136 28
    endloop
  endfacet
  facet normal 1 -0 0
    outer loop
      vertex 3 119 8
      vertex 3 128.136 3
      vertex 3 119 17
    endloop
  endfacet
  facet normal 1 -0 0
    outer loop
      vertex 3 105 8
      vertex 3 128.136 3
      vertex 3 119 8
    endloop
  endfacet
  facet normal 1 0 0
    outer loop
      vertex 3 105 17
      vertex 3 7.86404 3
      vertex 3 105 8
    endloop
  endfacet
  facet normal 1 0 0
    outer loop
      vertex 3 105 8
      vertex 3 7.86404 3
      vertex 3 128.136 3
    endloop
  endfacet
  facet normal 0 -1 0
    outer loop
      vertex 7.86404 133 3
      vertex 180.136 133 28
      vertex 7.86404 133 28
    endloop
  endfacet
  facet normal 0 -1 -0
    outer loop
      vertex 180.136 133 28
      vertex 7.86404 133 3
      vertex 180.136 133 3
    endloop
  endfacet
  facet normal 0 1 -0
    outer loop
      vertex 180.136 3 3
      vertex 7.86404 3 28
      vertex 180.136 3 28
    endloop
  endfacet
  facet normal 0 1 0
    outer loop
      vertex 7.86404 3 28
      vertex 180.136 3 3
      vertex 7.86404 3 3
    endloop
  endfacet
  facet normal 0.980784 0.195095 0
    outer loop
      vertex 8.47006 5.45684 28
      vertex 8.38074 5.90587 3
      vertex 8.38074 5.90587 28
    endloop
  endfacet
  facet normal 0.980784 0.195095 0
    outer loop
      vertex 8.38074 5.90587 3
      vertex 8.47006 5.45684 28
      vertex 8.47006 5.45684 3
    endloop
  endfacet
  facet normal 0.997859 0.0653969 0
    outer loop
      vertex 8.5 5 28
      vertex 8.47006 5.45684 3
      vertex 8.47006 5.45684 28
    endloop
  endfacet
  facet normal 0.997859 0.0653969 0
    outer loop
      vertex 8.47006 5.45684 3
      vertex 8.5 5 28
      vertex 8.5 5 3
    endloop
  endfacet
  facet normal -0.442288 0.896873 0
    outer loop
      vertex 3.66061 8.23358 3
      vertex 3.25 8.03109 28
      vertex 3.66061 8.23358 28
    endloop
  endfacet
  facet normal -0.442288 0.896873 0
    outer loop
      vertex 3.25 8.03109 28
      vertex 3.66061 8.23358 3
      vertex 3.25 8.03109 3
    endloop
  endfacet
  facet normal 0.94693 0.321439 0
    outer loop
      vertex 8.38074 5.90587 28
      vertex 8.23358 6.33939 3
      vertex 8.23358 6.33939 28
    endloop
  endfacet
  facet normal 0.94693 0.321439 0
    outer loop
      vertex 8.23358 6.33939 3
      vertex 8.38074 5.90587 28
      vertex 8.38074 5.90587 3
    endloop
  endfacet
  facet normal 0.896873 -0.442288 0
    outer loop
      vertex 8.03109 3.25 28
      vertex 8.23358 3.66061 3
      vertex 8.23358 3.66061 28
    endloop
  endfacet
  facet normal 0.896873 -0.442288 0
    outer loop
      vertex 8.23358 3.66061 3
      vertex 8.03109 3.25 28
      vertex 8.03109 3.25 3
    endloop
  endfacet
  facet normal 0.997859 -0.0653969 0
    outer loop
      vertex 8.47006 4.54316 28
      vertex 8.5 5 3
      vertex 8.5 5 28
    endloop
  endfacet
  facet normal 0.997859 -0.0653969 0
    outer loop
      vertex 8.5 5 3
      vertex 8.47006 4.54316 28
      vertex 8.47006 4.54316 3
    endloop
  endfacet
  facet normal 0.659353 0.751833 -0
    outer loop
      vertex 7.47487 7.47487 3
      vertex 7.13066 7.77674 28
      vertex 7.47487 7.47487 28
    endloop
  endfacet
  facet normal 0.659353 0.751833 0
    outer loop
      vertex 7.13066 7.77674 28
      vertex 7.47487 7.47487 3
      vertex 7.13066 7.77674 3
    endloop
  endfacet
  facet normal 0.0653969 0.997859 -0
    outer loop
      vertex 5.45684 8.47006 3
      vertex 5 8.5 28
      vertex 5.45684 8.47006 28
    endloop
  endfacet
  facet normal 0.0653969 0.997859 0
    outer loop
      vertex 5 8.5 28
      vertex 5.45684 8.47006 3
      vertex 5 8.5 3
    endloop
  endfacet
  facet normal 0.831461 -0.555583 0
    outer loop
      vertex 7.86404 3 28
      vertex 8.03109 3.25 3
      vertex 8.03109 3.25 28
    endloop
  endfacet
  facet normal 0.831461 -0.555583 0
    outer loop
      vertex 8.03109 3.25 3
      vertex 7.86404 3 28
      vertex 7.86404 3 3
    endloop
  endfacet
  facet normal -0.0653969 0.997859 0
    outer loop
      vertex 5 8.5 3
      vertex 4.54316 8.47006 28
      vertex 5 8.5 28
    endloop
  endfacet
  facet normal -0.0653969 0.997859 0
    outer loop
      vertex 4.54316 8.47006 28
      vertex 5 8.5 3
      vertex 4.54316 8.47006 3
    endloop
  endfacet
  facet normal -0.321439 0.94693 0
    outer loop
      vertex 4.09413 8.38074 3
      vertex 3.66061 8.23358 28
      vertex 4.09413 8.38074 28
    endloop
  endfacet
  facet normal -0.321439 0.94693 0
    outer loop
      vertex 3.66061 8.23358 28
      vertex 4.09413 8.38074 3
      vertex 3.66061 8.23358 3
    endloop
  endfacet
  facet normal 0.442288 0.896873 -0
    outer loop
      vertex 6.75 8.03109 3
      vertex 6.33939 8.23358 28
      vertex 6.75 8.03109 28
    endloop
  endfacet
  facet normal 0.442288 0.896873 0
    outer loop
      vertex 6.33939 8.23358 28
      vertex 6.75 8.03109 3
      vertex 6.33939 8.23358 3
    endloop
  endfacet
  facet normal 0.980784 -0.195095 0
    outer loop
      vertex 8.38074 4.09413 28
      vertex 8.47006 4.54316 3
      vertex 8.47006 4.54316 28
    endloop
  endfacet
  facet normal 0.980784 -0.195095 0
    outer loop
      vertex 8.47006 4.54316 3
      vertex 8.38074 4.09413 28
      vertex 8.38074 4.09413 3
    endloop
  endfacet
  facet normal 0.831468 0.555572 0
    outer loop
      vertex 8.03109 6.75 28
      vertex 7.77674 7.13066 3
      vertex 7.77674 7.13066 28
    endloop
  endfacet
  facet normal 0.831468 0.555572 0
    outer loop
      vertex 7.77674 7.13066 3
      vertex 8.03109 6.75 28
      vertex 8.03109 6.75 3
    endloop
  endfacet
  facet normal 0.555572 0.831468 -0
    outer loop
      vertex 7.13066 7.77674 3
      vertex 6.75 8.03109 28
      vertex 7.13066 7.77674 28
    endloop
  endfacet
  facet normal 0.555572 0.831468 0
    outer loop
      vertex 6.75 8.03109 28
      vertex 7.13066 7.77674 3
      vertex 6.75 8.03109 3
    endloop
  endfacet
  facet normal 0.321439 0.94693 -0
    outer loop
      vertex 6.33939 8.23358 3
      vertex 5.90587 8.38074 28
      vertex 6.33939 8.23358 28
    endloop
  endfacet
  facet normal 0.321439 0.94693 0
    outer loop
      vertex 5.90587 8.38074 28
      vertex 6.33939 8.23358 3
      vertex 5.90587 8.38074 3
    endloop
  endfacet
  facet normal -0.195095 0.980784 0
    outer loop
      vertex 4.54316 8.47006 3
      vertex 4.09413 8.38074 28
      vertex 4.54316 8.47006 28
    endloop
  endfacet
  facet normal -0.195095 0.980784 0
    outer loop
      vertex 4.09413 8.38074 28
      vertex 4.54316 8.47006 3
      vertex 4.09413 8.38074 3
    endloop
  endfacet
  facet normal 0.896873 0.442288 0
    outer loop
      vertex 8.23358 6.33939 28
      vertex 8.03109 6.75 3
      vertex 8.03109 6.75 28
    endloop
  endfacet
  facet normal 0.896873 0.442288 0
    outer loop
      vertex 8.03109 6.75 3
      vertex 8.23358 6.33939 28
      vertex 8.23358 6.33939 3
    endloop
  endfacet
  facet normal 0.751833 0.659353 0
    outer loop
      vertex 7.77674 7.13066 28
      vertex 7.47487 7.47487 3
      vertex 7.47487 7.47487 28
    endloop
  endfacet
  facet normal 0.751833 0.659353 0
    outer loop
      vertex 7.47487 7.47487 3
      vertex 7.77674 7.13066 28
      vertex 7.77674 7.13066 3
    endloop
  endfacet
  facet normal -0.555583 0.831461 0
    outer loop
      vertex 3.25 8.03109 3
      vertex 3 7.86404 28
      vertex 3.25 8.03109 28
    endloop
  endfacet
  facet normal -0.555583 0.831461 0
    outer loop
      vertex 3 7.86404 28
      vertex 3.25 8.03109 3
      vertex 3 7.86404 3
    endloop
  endfacet
  facet normal 0.94693 -0.321439 0
    outer loop
      vertex 8.23358 3.66061 28
      vertex 8.38074 4.09413 3
      vertex 8.38074 4.09413 28
    endloop
  endfacet
  facet normal 0.94693 -0.321439 0
    outer loop
      vertex 8.38074 4.09413 3
      vertex 8.23358 3.66061 28
      vertex 8.23358 3.66061 3
    endloop
  endfacet
  facet normal 0.195095 0.980784 -0
    outer loop
      vertex 5.90587 8.38074 3
      vertex 5.45684 8.47006 28
      vertex 5.90587 8.38074 28
    endloop
  endfacet
  facet normal 0.195095 0.980784 0
    outer loop
      vertex 5.45684 8.47006 28
      vertex 5.90587 8.38074 3
      vertex 5.45684 8.47006 3
    endloop
  endfacet
  facet normal 0.194423 -0.980918 0
    outer loop
      vertex 5.45684 127.53 3
      vertex 5.90587 127.619 28
      vertex 5.45684 127.53 28
    endloop
  endfacet
  facet normal 0.194423 -0.980918 0
    outer loop
      vertex 5.90587 127.619 28
      vertex 5.45684 127.53 3
      vertex 5.90587 127.619 3
    endloop
  endfacet
  facet normal 0.980782 0.195108 0
    outer loop
      vertex 8.47006 131.457 28
      vertex 8.38074 131.906 3
      vertex 8.38074 131.906 28
    endloop
  endfacet
  facet normal 0.980782 0.195108 0
    outer loop
      vertex 8.38074 131.906 3
      vertex 8.47006 131.457 28
      vertex 8.47006 131.457 3
    endloop
  endfacet
  facet normal 0.997861 0.0653741 0
    outer loop
      vertex 8.5 131 28
      vertex 8.47006 131.457 3
      vertex 8.47006 131.457 28
    endloop
  endfacet
  facet normal 0.997861 0.0653741 0
    outer loop
      vertex 8.47006 131.457 3
      vertex 8.5 131 28
      vertex 8.5 131 3
    endloop
  endfacet
  facet normal 0.89704 -0.44195 0
    outer loop
      vertex 8.03109 129.25 28
      vertex 8.23358 129.661 3
      vertex 8.23358 129.661 28
    endloop
  endfacet
  facet normal 0.89704 -0.44195 0
    outer loop
      vertex 8.23358 129.661 3
      vertex 8.03109 129.25 28
      vertex 8.03109 129.25 3
    endloop
  endfacet
  facet normal 0.997861 -0.0653741 0
    outer loop
      vertex 8.47006 130.543 28
      vertex 8.5 131 3
      vertex 8.5 131 28
    endloop
  endfacet
  facet normal 0.997861 -0.0653741 0
    outer loop
      vertex 8.5 131 3
      vertex 8.47006 130.543 28
      vertex 8.47006 130.543 3
    endloop
  endfacet
  facet normal 0.831697 -0.555229 0
    outer loop
      vertex 7.77674 128.869 28
      vertex 8.03109 129.25 3
      vertex 8.03109 129.25 28
    endloop
  endfacet
  facet normal 0.831697 -0.555229 0
    outer loop
      vertex 8.03109 129.25 3
      vertex 7.77674 128.869 28
      vertex 7.77674 128.869 3
    endloop
  endfacet
  facet normal -0.321126 -0.947037 0
    outer loop
      vertex 3.66061 127.766 3
      vertex 4.09413 127.619 28
      vertex 3.66061 127.766 28
    endloop
  endfacet
  facet normal -0.321126 -0.947037 -0
    outer loop
      vertex 4.09413 127.619 28
      vertex 3.66061 127.766 3
      vertex 4.09413 127.619 3
    endloop
  endfacet
  facet normal 0.0655274 -0.997851 0
    outer loop
      vertex 5 127.5 3
      vertex 5.45684 127.53 28
      vertex 5 127.5 28
    endloop
  endfacet
  facet normal 0.0655274 -0.997851 0
    outer loop
      vertex 5.45684 127.53 28
      vertex 5 127.5 3
      vertex 5.45684 127.53 3
    endloop
  endfacet
  facet normal 0.555043 -0.831822 0
    outer loop
      vertex 6.75 127.969 3
      vertex 7.13066 128.223 28
      vertex 6.75 127.969 28
    endloop
  endfacet
  facet normal 0.555043 -0.831822 0
    outer loop
      vertex 7.13066 128.223 28
      vertex 6.75 127.969 3
      vertex 7.13066 128.223 3
    endloop
  endfacet
  facet normal 0.980782 -0.195108 0
    outer loop
      vertex 8.38074 130.094 28
      vertex 8.47006 130.543 3
      vertex 8.47006 130.543 28
    endloop
  endfacet
  facet normal 0.980782 -0.195108 0
    outer loop
      vertex 8.47006 130.543 3
      vertex 8.38074 130.094 28
      vertex 8.38074 130.094 3
    endloop
  endfacet
  facet normal 0.831461 0.555583 0
    outer loop
      vertex 8.03109 132.75 28
      vertex 7.86404 133 3
      vertex 7.86404 133 28
    endloop
  endfacet
  facet normal 0.831461 0.555583 0
    outer loop
      vertex 7.86404 133 3
      vertex 8.03109 132.75 28
      vertex 8.03109 132.75 3
    endloop
  endfacet
  facet normal 0.659514 -0.751693 0
    outer loop
      vertex 7.13066 128.223 3
      vertex 7.47487 128.525 28
      vertex 7.13066 128.223 28
    endloop
  endfacet
  facet normal 0.659514 -0.751693 0
    outer loop
      vertex 7.47487 128.525 28
      vertex 7.13066 128.223 3
      vertex 7.47487 128.525 3
    endloop
  endfacet
  facet normal 0.89704 0.44195 0
    outer loop
      vertex 8.23358 132.339 28
      vertex 8.03109 132.75 3
      vertex 8.03109 132.75 28
    endloop
  endfacet
  facet normal 0.89704 0.44195 0
    outer loop
      vertex 8.03109 132.75 3
      vertex 8.23358 132.339 28
      vertex 8.23358 132.339 3
    endloop
  endfacet
  facet normal 0.946813 -0.321785 0
    outer loop
      vertex 8.23358 129.661 28
      vertex 8.38074 130.094 3
      vertex 8.38074 130.094 28
    endloop
  endfacet
  facet normal 0.946813 -0.321785 0
    outer loop
      vertex 8.38074 130.094 3
      vertex 8.23358 129.661 28
      vertex 8.23358 129.661 3
    endloop
  endfacet
  facet normal -0.555468 -0.831538 0
    outer loop
      vertex 3 128.136 3
      vertex 3.25 127.969 28
      vertex 3 128.136 28
    endloop
  endfacet
  facet normal -0.555468 -0.831538 -0
    outer loop
      vertex 3.25 127.969 28
      vertex 3 128.136 3
      vertex 3.25 127.969 3
    endloop
  endfacet
  facet normal 0.751634 -0.659581 0
    outer loop
      vertex 7.47487 128.525 28
      vertex 7.77674 128.869 3
      vertex 7.77674 128.869 28
    endloop
  endfacet
  facet normal 0.751634 -0.659581 0
    outer loop
      vertex 7.77674 128.869 3
      vertex 7.47487 128.525 28
      vertex 7.47487 128.525 3
    endloop
  endfacet
  facet normal -0.0655274 -0.997851 0
    outer loop
      vertex 4.54316 127.53 3
      vertex 5 127.5 28
      vertex 4.54316 127.53 28
    endloop
  endfacet
  facet normal -0.0655274 -0.997851 -0
    outer loop
      vertex 5 127.5 28
      vertex 4.54316 127.53 3
      vertex 5 127.5 3
    endloop
  endfacet
  facet normal 0.946813 0.321785 0
    outer loop
      vertex 8.38074 131.906 28
      vertex 8.23358 132.339 3
      vertex 8.23358 132.339 28
    endloop
  endfacet
  facet normal 0.946813 0.321785 0
    outer loop
      vertex 8.23358 132.339 3
      vertex 8.38074 131.906 28
      vertex 8.38074 131.906 3
    endloop
  endfacet
  facet normal 0.321126 -0.947037 0
    outer loop
      vertex 5.90587 127.619 3
      vertex 6.33939 127.766 28
      vertex 5.90587 127.619 28
    endloop
  endfacet
  facet normal 0.321126 -0.947037 0
    outer loop
      vertex 6.33939 127.766 28
      vertex 5.90587 127.619 3
      vertex 6.33939 127.766 3
    endloop
  endfacet
  facet normal 0.443183 -0.896431 0
    outer loop
      vertex 6.33939 127.766 3
      vertex 6.75 127.969 28
      vertex 6.33939 127.766 28
    endloop
  endfacet
  facet normal 0.443183 -0.896431 0
    outer loop
      vertex 6.75 127.969 28
      vertex 6.33939 127.766 3
      vertex 6.75 127.969 3
    endloop
  endfacet
  facet normal -0.194423 -0.980918 0
    outer loop
      vertex 4.09413 127.619 3
      vertex 4.54316 127.53 28
      vertex 4.09413 127.619 28
    endloop
  endfacet
  facet normal -0.194423 -0.980918 -0
    outer loop
      vertex 4.54316 127.53 28
      vertex 4.09413 127.619 3
      vertex 4.54316 127.53 3
    endloop
  endfacet
  facet normal -0.443183 -0.896431 0
    outer loop
      vertex 3.25 127.969 3
      vertex 3.66061 127.766 28
      vertex 3.25 127.969 28
    endloop
  endfacet
  facet normal -0.443183 -0.896431 -0
    outer loop
      vertex 3.66061 127.766 28
      vertex 3.25 127.969 3
      vertex 3.66061 127.766 3
    endloop
  endfacet
  facet normal -0.947037 -0.321126 0
    outer loop
      vertex 179.766 3.66061 3
      vertex 179.619 4.09413 28
      vertex 179.619 4.09413 3
    endloop
  endfacet
  facet normal -0.947037 -0.321126 0
    outer loop
      vertex 179.619 4.09413 28
      vertex 179.766 3.66061 3
      vertex 179.766 3.66061 28
    endloop
  endfacet
  facet normal -0.44195 0.89704 0
    outer loop
      vertex 181.661 8.23358 3
      vertex 181.25 8.03109 28
      vertex 181.661 8.23358 28
    endloop
  endfacet
  facet normal -0.44195 0.89704 0
    outer loop
      vertex 181.25 8.03109 28
      vertex 181.661 8.23358 3
      vertex 181.25 8.03109 3
    endloop
  endfacet
  facet normal -0.659581 0.751634 0
    outer loop
      vertex 180.869 7.77674 3
      vertex 180.525 7.47487 28
      vertex 180.869 7.77674 28
    endloop
  endfacet
  facet normal -0.659581 0.751634 0
    outer loop
      vertex 180.525 7.47487 28
      vertex 180.869 7.77674 3
      vertex 180.525 7.47487 3
    endloop
  endfacet
  facet normal 0.0653741 0.997861 -0
    outer loop
      vertex 183.457 8.47006 3
      vertex 183 8.5 28
      vertex 183.457 8.47006 28
    endloop
  endfacet
  facet normal 0.0653741 0.997861 0
    outer loop
      vertex 183 8.5 28
      vertex 183.457 8.47006 3
      vertex 183 8.5 3
    endloop
  endfacet
  facet normal -0.997851 0.0655274 0
    outer loop
      vertex 179.5 5 3
      vertex 179.53 5.45684 28
      vertex 179.53 5.45684 3
    endloop
  endfacet
  facet normal -0.997851 0.0655274 0
    outer loop
      vertex 179.53 5.45684 28
      vertex 179.5 5 3
      vertex 179.5 5 28
    endloop
  endfacet
  facet normal -0.980918 -0.194423 0
    outer loop
      vertex 179.619 4.09413 3
      vertex 179.53 4.54316 28
      vertex 179.53 4.54316 3
    endloop
  endfacet
  facet normal -0.980918 -0.194423 0
    outer loop
      vertex 179.53 4.54316 28
      vertex 179.619 4.09413 3
      vertex 179.619 4.09413 28
    endloop
  endfacet
  facet normal -0.896431 0.443183 0
    outer loop
      vertex 179.766 6.33939 3
      vertex 179.969 6.75 28
      vertex 179.969 6.75 3
    endloop
  endfacet
  facet normal -0.896431 0.443183 0
    outer loop
      vertex 179.969 6.75 28
      vertex 179.766 6.33939 3
      vertex 179.766 6.33939 28
    endloop
  endfacet
  facet normal -0.831822 0.555043 0
    outer loop
      vertex 179.969 6.75 3
      vertex 180.223 7.13066 28
      vertex 180.223 7.13066 3
    endloop
  endfacet
  facet normal -0.831822 0.555043 0
    outer loop
      vertex 180.223 7.13066 28
      vertex 179.969 6.75 3
      vertex 179.969 6.75 28
    endloop
  endfacet
  facet normal -0.0653741 0.997861 0
    outer loop
      vertex 183 8.5 3
      vertex 182.543 8.47006 28
      vertex 183 8.5 28
    endloop
  endfacet
  facet normal -0.0653741 0.997861 0
    outer loop
      vertex 182.543 8.47006 28
      vertex 183 8.5 3
      vertex 182.543 8.47006 3
    endloop
  endfacet
  facet normal -0.321785 0.946813 0
    outer loop
      vertex 182.094 8.38074 3
      vertex 181.661 8.23358 28
      vertex 182.094 8.38074 28
    endloop
  endfacet
  facet normal -0.321785 0.946813 0
    outer loop
      vertex 181.661 8.23358 28
      vertex 182.094 8.38074 3
      vertex 181.661 8.23358 3
    endloop
  endfacet
  facet normal 0.44195 0.89704 -0
    outer loop
      vertex 184.75 8.03109 3
      vertex 184.339 8.23358 28
      vertex 184.75 8.03109 28
    endloop
  endfacet
  facet normal 0.44195 0.89704 0
    outer loop
      vertex 184.339 8.23358 28
      vertex 184.75 8.03109 3
      vertex 184.339 8.23358 3
    endloop
  endfacet
  facet normal -0.751693 0.659514 0
    outer loop
      vertex 180.223 7.13066 3
      vertex 180.525 7.47487 28
      vertex 180.525 7.47487 3
    endloop
  endfacet
  facet normal -0.751693 0.659514 0
    outer loop
      vertex 180.525 7.47487 28
      vertex 180.223 7.13066 3
      vertex 180.223 7.13066 28
    endloop
  endfacet
  facet normal -0.980918 0.194423 0
    outer loop
      vertex 179.53 5.45684 3
      vertex 179.619 5.90587 28
      vertex 179.619 5.90587 3
    endloop
  endfacet
  facet normal -0.980918 0.194423 0
    outer loop
      vertex 179.619 5.90587 28
      vertex 179.53 5.45684 3
      vertex 179.53 5.45684 28
    endloop
  endfacet
  facet normal 0.555583 0.831461 -0
    outer loop
      vertex 185 7.86404 3
      vertex 184.75 8.03109 28
      vertex 185 7.86404 28
    endloop
  endfacet
  facet normal 0.555583 0.831461 0
    outer loop
      vertex 184.75 8.03109 28
      vertex 185 7.86404 3
      vertex 184.75 8.03109 3
    endloop
  endfacet
  facet normal -0.997851 -0.0655274 0
    outer loop
      vertex 179.53 4.54316 3
      vertex 179.5 5 28
      vertex 179.5 5 3
    endloop
  endfacet
  facet normal -0.997851 -0.0655274 0
    outer loop
      vertex 179.5 5 28
      vertex 179.53 4.54316 3
      vertex 179.53 4.54316 28
    endloop
  endfacet
  facet normal 0.321785 0.946813 -0
    outer loop
      vertex 184.339 8.23358 3
      vertex 183.906 8.38074 28
      vertex 184.339 8.23358 28
    endloop
  endfacet
  facet normal 0.321785 0.946813 0
    outer loop
      vertex 183.906 8.38074 28
      vertex 184.339 8.23358 3
      vertex 183.906 8.38074 3
    endloop
  endfacet
  facet normal -0.195108 0.980782 0
    outer loop
      vertex 182.543 8.47006 3
      vertex 182.094 8.38074 28
      vertex 182.543 8.47006 28
    endloop
  endfacet
  facet normal -0.195108 0.980782 0
    outer loop
      vertex 182.094 8.38074 28
      vertex 182.543 8.47006 3
      vertex 182.094 8.38074 3
    endloop
  endfacet
  facet normal -0.896431 -0.443183 0
    outer loop
      vertex 179.969 3.25 3
      vertex 179.766 3.66061 28
      vertex 179.766 3.66061 3
    endloop
  endfacet
  facet normal -0.896431 -0.443183 0
    outer loop
      vertex 179.766 3.66061 28
      vertex 179.969 3.25 3
      vertex 179.969 3.25 28
    endloop
  endfacet
  facet normal -0.555229 0.831697 0
    outer loop
      vertex 181.25 8.03109 3
      vertex 180.869 7.77674 28
      vertex 181.25 8.03109 28
    endloop
  endfacet
  facet normal -0.555229 0.831697 0
    outer loop
      vertex 180.869 7.77674 28
      vertex 181.25 8.03109 3
      vertex 180.869 7.77674 3
    endloop
  endfacet
  facet normal 0.195108 0.980782 -0
    outer loop
      vertex 183.906 8.38074 3
      vertex 183.457 8.47006 28
      vertex 183.906 8.38074 28
    endloop
  endfacet
  facet normal 0.195108 0.980782 0
    outer loop
      vertex 183.457 8.47006 28
      vertex 183.906 8.38074 3
      vertex 183.457 8.47006 3
    endloop
  endfacet
  facet normal -0.831538 -0.555468 0
    outer loop
      vertex 180.136 3 3
      vertex 179.969 3.25 28
      vertex 179.969 3.25 3
    endloop
  endfacet
  facet normal -0.831538 -0.555468 0
    outer loop
      vertex 179.969 3.25 28
      vertex 180.136 3 3
      vertex 180.136 3 28
    endloop
  endfacet
  facet normal -0.947037 0.321126 0
    outer loop
      vertex 179.619 5.90587 3
      vertex 179.766 6.33939 28
      vertex 179.766 6.33939 3
    endloop
  endfacet
  facet normal -0.947037 0.321126 0
    outer loop
      vertex 179.766 6.33939 28
      vertex 179.619 5.90587 3
      vertex 179.619 5.90587 28
    endloop
  endfacet
  facet normal -0.946919 -0.321471 0
    outer loop
      vertex 179.766 129.661 3
      vertex 179.619 130.094 28
      vertex 179.619 130.094 3
    endloop
  endfacet
  facet normal -0.946919 -0.321471 0
    outer loop
      vertex 179.619 130.094 28
      vertex 179.766 129.661 3
      vertex 179.766 129.661 28
    endloop
  endfacet
  facet normal 0.194435 -0.980915 0
    outer loop
      vertex 183.457 127.53 3
      vertex 183.906 127.619 28
      vertex 183.457 127.53 28
    endloop
  endfacet
  facet normal 0.194435 -0.980915 0
    outer loop
      vertex 183.906 127.619 28
      vertex 183.457 127.53 3
      vertex 183.906 127.619 3
    endloop
  endfacet
  facet normal -0.997852 0.0655045 0
    outer loop
      vertex 179.5 131 3
      vertex 179.53 131.457 28
      vertex 179.53 131.457 3
    endloop
  endfacet
  facet normal -0.997852 0.0655045 0
    outer loop
      vertex 179.53 131.457 28
      vertex 179.5 131 3
      vertex 179.5 131 28
    endloop
  endfacet
  facet normal -0.751493 -0.659741 0
    outer loop
      vertex 180.525 128.525 3
      vertex 180.223 128.869 28
      vertex 180.223 128.869 3
    endloop
  endfacet
  facet normal -0.751493 -0.659741 0
    outer loop
      vertex 180.223 128.869 28
      vertex 180.525 128.525 3
      vertex 180.525 128.525 28
    endloop
  endfacet
  facet normal -0.980915 -0.194435 0
    outer loop
      vertex 179.619 130.094 3
      vertex 179.53 130.543 28
      vertex 179.53 130.543 3
    endloop
  endfacet
  facet normal -0.980915 -0.194435 0
    outer loop
      vertex 179.53 130.543 28
      vertex 179.619 130.094 3
      vertex 179.619 130.094 28
    endloop
  endfacet
  facet normal -0.896598 0.442845 0
    outer loop
      vertex 179.766 132.339 3
      vertex 179.969 132.75 28
      vertex 179.969 132.75 3
    endloop
  endfacet
  facet normal -0.896598 0.442845 0
    outer loop
      vertex 179.969 132.75 28
      vertex 179.766 132.339 3
      vertex 179.766 132.339 28
    endloop
  endfacet
  facet normal -0.831538 0.555468 0
    outer loop
      vertex 179.969 132.75 3
      vertex 180.136 133 28
      vertex 180.136 133 3
    endloop
  endfacet
  facet normal -0.831538 0.555468 0
    outer loop
      vertex 180.136 133 28
      vertex 179.969 132.75 3
      vertex 179.969 132.75 28
    endloop
  endfacet
  facet normal -0.321471 -0.946919 0
    outer loop
      vertex 181.661 127.766 3
      vertex 182.094 127.619 28
      vertex 181.661 127.766 28
    endloop
  endfacet
  facet normal -0.321471 -0.946919 -0
    outer loop
      vertex 182.094 127.619 28
      vertex 181.661 127.766 3
      vertex 182.094 127.619 3
    endloop
  endfacet
  facet normal 0.0655045 -0.997852 0
    outer loop
      vertex 183 127.5 3
      vertex 183.457 127.53 28
      vertex 183 127.5 28
    endloop
  endfacet
  facet normal 0.0655045 -0.997852 0
    outer loop
      vertex 183.457 127.53 28
      vertex 183 127.5 3
      vertex 183.457 127.53 3
    endloop
  endfacet
  facet normal 0.555468 -0.831538 0
    outer loop
      vertex 184.75 127.969 3
      vertex 185 128.136 28
      vertex 184.75 127.969 28
    endloop
  endfacet
  facet normal 0.555468 -0.831538 0
    outer loop
      vertex 185 128.136 28
      vertex 184.75 127.969 3
      vertex 185 128.136 3
    endloop
  endfacet
  facet normal -0.980915 0.194435 0
    outer loop
      vertex 179.53 131.457 3
      vertex 179.619 131.906 28
      vertex 179.619 131.906 3
    endloop
  endfacet
  facet normal -0.980915 0.194435 0
    outer loop
      vertex 179.619 131.906 28
      vertex 179.53 131.457 3
      vertex 179.53 131.457 28
    endloop
  endfacet
  facet normal -0.997852 -0.0655045 0
    outer loop
      vertex 179.53 130.543 3
      vertex 179.5 131 28
      vertex 179.5 131 3
    endloop
  endfacet
  facet normal -0.997852 -0.0655045 0
    outer loop
      vertex 179.5 131 28
      vertex 179.53 130.543 3
      vertex 179.53 130.543 28
    endloop
  endfacet
  facet normal -0.5547 -0.83205 0
    outer loop
      vertex 180.869 128.223 3
      vertex 181.25 127.969 28
      vertex 180.869 128.223 28
    endloop
  endfacet
  facet normal -0.5547 -0.83205 -0
    outer loop
      vertex 181.25 127.969 28
      vertex 180.869 128.223 3
      vertex 181.25 127.969 3
    endloop
  endfacet
  facet normal -0.659741 -0.751493 0
    outer loop
      vertex 180.525 128.525 3
      vertex 180.869 128.223 28
      vertex 180.525 128.525 28
    endloop
  endfacet
  facet normal -0.659741 -0.751493 -0
    outer loop
      vertex 180.869 128.223 28
      vertex 180.525 128.525 3
      vertex 180.869 128.223 3
    endloop
  endfacet
  facet normal -0.896598 -0.442845 0
    outer loop
      vertex 179.969 129.25 3
      vertex 179.766 129.661 28
      vertex 179.766 129.661 3
    endloop
  endfacet
  facet normal -0.896598 -0.442845 0
    outer loop
      vertex 179.766 129.661 28
      vertex 179.969 129.25 3
      vertex 179.969 129.25 28
    endloop
  endfacet
  facet normal -0.0655045 -0.997852 0
    outer loop
      vertex 182.543 127.53 3
      vertex 183 127.5 28
      vertex 182.543 127.53 28
    endloop
  endfacet
  facet normal -0.0655045 -0.997852 -0
    outer loop
      vertex 183 127.5 28
      vertex 182.543 127.53 3
      vertex 183 127.5 3
    endloop
  endfacet
  facet normal 0.321471 -0.946919 0
    outer loop
      vertex 183.906 127.619 3
      vertex 184.339 127.766 28
      vertex 183.906 127.619 28
    endloop
  endfacet
  facet normal 0.321471 -0.946919 0
    outer loop
      vertex 184.339 127.766 28
      vertex 183.906 127.619 3
      vertex 184.339 127.766 3
    endloop
  endfacet
  facet normal 0.442845 -0.896598 0
    outer loop
      vertex 184.339 127.766 3
      vertex 184.75 127.969 28
      vertex 184.339 127.766 28
    endloop
  endfacet
  facet normal 0.442845 -0.896598 0
    outer loop
      vertex 184.75 127.969 28
      vertex 184.339 127.766 3
      vertex 184.75 127.969 3
    endloop
  endfacet
  facet normal -0.194435 -0.980915 0
    outer loop
      vertex 182.094 127.619 3
      vertex 182.543 127.53 28
      vertex 182.094 127.619 28
    endloop
  endfacet
  facet normal -0.194435 -0.980915 -0
    outer loop
      vertex 182.543 127.53 28
      vertex 182.094 127.619 3
      vertex 182.543 127.53 3
    endloop
  endfacet
  facet normal -0.442845 -0.896598 0
    outer loop
      vertex 181.25 127.969 3
      vertex 181.661 127.766 28
      vertex 181.25 127.969 28
    endloop
  endfacet
  facet normal -0.442845 -0.896598 -0
    outer loop
      vertex 181.661 127.766 28
      vertex 181.25 127.969 3
      vertex 181.661 127.766 3
    endloop
  endfacet
  facet normal -0.83205 -0.5547 0
    outer loop
      vertex 180.223 128.869 3
      vertex 179.969 129.25 28
      vertex 179.969 129.25 3
    endloop
  endfacet
  facet normal -0.83205 -0.5547 0
    outer loop
      vertex 179.969 129.25 28
      vertex 180.223 128.869 3
      vertex 180.223 128.869 28
    endloop
  endfacet
  facet normal -0.946919 0.321471 0
    outer loop
      vertex 179.619 131.906 3
      vertex 179.766 132.339 28
      vertex 179.766 132.339 3
    endloop
  endfacet
  facet normal -0.946919 0.321471 0
    outer loop
      vertex 179.766 132.339 28
      vertex 179.619 131.906 3
      vertex 179.619 131.906 28
    endloop
  endfacet
  facet normal -0.321427 0.946934 0
    outer loop
      vertex 5.49749 3.79896 3
      vertex 5.33646 3.7443 28
      vertex 5.49749 3.79896 28
    endloop
  endfacet
  facet normal -0.321427 0.946934 0
    outer loop
      vertex 5.33646 3.7443 28
      vertex 5.49749 3.79896 3
      vertex 5.33646 3.7443 3
    endloop
  endfacet
  facet normal -0.980779 -0.195121 0
    outer loop
      vertex 6.28888 5.16968 3
      vertex 6.2557 5.33646 28
      vertex 6.2557 5.33646 3
    endloop
  endfacet
  facet normal -0.980779 -0.195121 0
    outer loop
      vertex 6.2557 5.33646 28
      vertex 6.28888 5.16968 3
      vertex 6.28888 5.16968 28
    endloop
  endfacet
  facet normal -0.997859 -0.0653948 0
    outer loop
      vertex 6.3 5 3
      vertex 6.28888 5.16968 28
      vertex 6.28888 5.16968 3
    endloop
  endfacet
  facet normal -0.997859 -0.0653948 0
    outer loop
      vertex 6.28888 5.16968 28
      vertex 6.3 5 3
      vertex 6.3 5 28
    endloop
  endfacet
  facet normal -0.946934 -0.321427 0
    outer loop
      vertex 6.2557 5.33646 3
      vertex 6.20104 5.49749 28
      vertex 6.20104 5.49749 3
    endloop
  endfacet
  facet normal -0.946934 -0.321427 0
    outer loop
      vertex 6.20104 5.49749 28
      vertex 6.2557 5.33646 3
      vertex 6.2557 5.33646 28
    endloop
  endfacet
  facet normal -0.321427 -0.946934 0
    outer loop
      vertex 5.33646 6.2557 3
      vertex 5.49749 6.20104 28
      vertex 5.33646 6.2557 28
    endloop
  endfacet
  facet normal -0.321427 -0.946934 -0
    outer loop
      vertex 5.49749 6.20104 28
      vertex 5.33646 6.2557 3
      vertex 5.49749 6.20104 3
    endloop
  endfacet
  facet normal 0.896872 -0.442291 0
    outer loop
      vertex 3.79896 5.49749 28
      vertex 3.87417 5.65 3
      vertex 3.87417 5.65 28
    endloop
  endfacet
  facet normal 0.896872 -0.442291 0
    outer loop
      vertex 3.87417 5.65 3
      vertex 3.79896 5.49749 28
      vertex 3.79896 5.49749 3
    endloop
  endfacet
  facet normal 0.751844 0.659341 0
    outer loop
      vertex 4.08076 4.08076 28
      vertex 3.96864 4.20861 3
      vertex 3.96864 4.20861 28
    endloop
  endfacet
  facet normal 0.751844 0.659341 0
    outer loop
      vertex 3.96864 4.20861 3
      vertex 4.08076 4.08076 28
      vertex 4.08076 4.08076 3
    endloop
  endfacet
  facet normal -0.83148 -0.555555 0
    outer loop
      vertex 6.12583 5.65 3
      vertex 6.03136 5.79139 28
      vertex 6.03136 5.79139 3
    endloop
  endfacet
  facet normal -0.83148 -0.555555 0
    outer loop
      vertex 6.03136 5.79139 28
      vertex 6.12583 5.65 3
      vertex 6.12583 5.65 28
    endloop
  endfacet
  facet normal -0.896872 -0.442291 0
    outer loop
      vertex 6.20104 5.49749 3
      vertex 6.12583 5.65 28
      vertex 6.12583 5.65 3
    endloop
  endfacet
  facet normal -0.896872 -0.442291 0
    outer loop
      vertex 6.12583 5.65 28
      vertex 6.20104 5.49749 3
      vertex 6.20104 5.49749 28
    endloop
  endfacet
  facet normal 0.659341 0.751844 -0
    outer loop
      vertex 4.20861 3.96864 3
      vertex 4.08076 4.08076 28
      vertex 4.20861 3.96864 28
    endloop
  endfacet
  facet normal 0.659341 0.751844 0
    outer loop
      vertex 4.08076 4.08076 28
      vertex 4.20861 3.96864 3
      vertex 4.08076 4.08076 3
    endloop
  endfacet
  facet normal 0.751844 -0.659341 0
    outer loop
      vertex 3.96864 5.79139 28
      vertex 4.08076 5.91924 3
      vertex 4.08076 5.91924 28
    endloop
  endfacet
  facet normal 0.751844 -0.659341 0
    outer loop
      vertex 4.08076 5.91924 3
      vertex 3.96864 5.79139 28
      vertex 3.96864 5.79139 3
    endloop
  endfacet
  facet normal 0.83148 -0.555555 0
    outer loop
      vertex 3.87417 5.65 28
      vertex 3.96864 5.79139 3
      vertex 3.96864 5.79139 28
    endloop
  endfacet
  facet normal 0.83148 -0.555555 0
    outer loop
      vertex 3.96864 5.79139 3
      vertex 3.87417 5.65 28
      vertex 3.87417 5.65 3
    endloop
  endfacet
  facet normal 0.195121 -0.980779 0
    outer loop
      vertex 4.66354 6.2557 3
      vertex 4.83032 6.28888 28
      vertex 4.66354 6.2557 28
    endloop
  endfacet
  facet normal 0.195121 -0.980779 0
    outer loop
      vertex 4.83032 6.28888 28
      vertex 4.66354 6.2557 3
      vertex 4.83032 6.28888 3
    endloop
  endfacet
  facet normal -0.442291 0.896872 0
    outer loop
      vertex 5.65 3.87417 3
      vertex 5.49749 3.79896 28
      vertex 5.65 3.87417 28
    endloop
  endfacet
  facet normal -0.442291 0.896872 0
    outer loop
      vertex 5.49749 3.79896 28
      vertex 5.65 3.87417 3
      vertex 5.49749 3.79896 3
    endloop
  endfacet
  facet normal 0.946934 -0.321427 0
    outer loop
      vertex 3.7443 5.33646 28
      vertex 3.79896 5.49749 3
      vertex 3.79896 5.49749 28
    endloop
  endfacet
  facet normal 0.946934 -0.321427 0
    outer loop
      vertex 3.79896 5.49749 3
      vertex 3.7443 5.33646 28
      vertex 3.7443 5.33646 3
    endloop
  endfacet
  facet normal 0.442291 -0.896872 0
    outer loop
      vertex 4.35 6.12583 3
      vertex 4.50251 6.20104 28
      vertex 4.35 6.12583 28
    endloop
  endfacet
  facet normal 0.442291 -0.896872 0
    outer loop
      vertex 4.50251 6.20104 28
      vertex 4.35 6.12583 3
      vertex 4.50251 6.20104 3
    endloop
  endfacet
  facet normal 0.321427 0.946934 -0
    outer loop
      vertex 4.66354 3.7443 3
      vertex 4.50251 3.79896 28
      vertex 4.66354 3.7443 28
    endloop
  endfacet
  facet normal 0.321427 0.946934 0
    outer loop
      vertex 4.50251 3.79896 28
      vertex 4.66354 3.7443 3
      vertex 4.50251 3.79896 3
    endloop
  endfacet
  facet normal -0.83148 0.555555 0
    outer loop
      vertex 6.03136 4.20861 3
      vertex 6.12583 4.35 28
      vertex 6.12583 4.35 3
    endloop
  endfacet
  facet normal -0.83148 0.555555 0
    outer loop
      vertex 6.12583 4.35 28
      vertex 6.03136 4.20861 3
      vertex 6.03136 4.20861 28
    endloop
  endfacet
  facet normal -0.195121 0.980779 0
    outer loop
      vertex 5.33646 3.7443 3
      vertex 5.16968 3.71112 28
      vertex 5.33646 3.7443 28
    endloop
  endfacet
  facet normal -0.195121 0.980779 0
    outer loop
      vertex 5.16968 3.71112 28
      vertex 5.33646 3.7443 3
      vertex 5.16968 3.71112 3
    endloop
  endfacet
  facet normal -0.0653948 -0.997859 0
    outer loop
      vertex 5 6.3 3
      vertex 5.16968 6.28888 28
      vertex 5 6.3 28
    endloop
  endfacet
  facet normal -0.0653948 -0.997859 -0
    outer loop
      vertex 5.16968 6.28888 28
      vertex 5 6.3 3
      vertex 5.16968 6.28888 3
    endloop
  endfacet
  facet normal -0.980779 0.195121 0
    outer loop
      vertex 6.2557 4.66354 3
      vertex 6.28888 4.83032 28
      vertex 6.28888 4.83032 3
    endloop
  endfacet
  facet normal -0.980779 0.195121 0
    outer loop
      vertex 6.28888 4.83032 28
      vertex 6.2557 4.66354 3
      vertex 6.2557 4.66354 28
    endloop
  endfacet
  facet normal -0.555555 0.83148 0
    outer loop
      vertex 5.79139 3.96864 3
      vertex 5.65 3.87417 28
      vertex 5.79139 3.96864 28
    endloop
  endfacet
  facet normal -0.555555 0.83148 0
    outer loop
      vertex 5.65 3.87417 28
      vertex 5.79139 3.96864 3
      vertex 5.65 3.87417 3
    endloop
  endfacet
  facet normal -0.555555 -0.83148 0
    outer loop
      vertex 5.65 6.12583 3
      vertex 5.79139 6.03136 28
      vertex 5.65 6.12583 28
    endloop
  endfacet
  facet normal -0.555555 -0.83148 -0
    outer loop
      vertex 5.79139 6.03136 28
      vertex 5.65 6.12583 3
      vertex 5.79139 6.03136 3
    endloop
  endfacet
  facet normal -0.896872 0.442291 0
    outer loop
      vertex 6.12583 4.35 3
      vertex 6.20104 4.50251 28
      vertex 6.20104 4.50251 3
    endloop
  endfacet
  facet normal -0.896872 0.442291 0
    outer loop
      vertex 6.20104 4.50251 28
      vertex 6.12583 4.35 3
      vertex 6.12583 4.35 28
    endloop
  endfacet
  facet normal 0.555555 -0.83148 0
    outer loop
      vertex 4.20861 6.03136 3
      vertex 4.35 6.12583 28
      vertex 4.20861 6.03136 28
    endloop
  endfacet
  facet normal 0.555555 -0.83148 0
    outer loop
      vertex 4.35 6.12583 28
      vertex 4.20861 6.03136 3
      vertex 4.35 6.12583 3
    endloop
  endfacet
  facet normal -0.751844 0.659341 0
    outer loop
      vertex 5.91924 4.08076 3
      vertex 6.03136 4.20861 28
      vertex 6.03136 4.20861 3
    endloop
  endfacet
  facet normal -0.751844 0.659341 0
    outer loop
      vertex 6.03136 4.20861 28
      vertex 5.91924 4.08076 3
      vertex 5.91924 4.08076 28
    endloop
  endfacet
  facet normal -0.195121 -0.980779 0
    outer loop
      vertex 5.16968 6.28888 3
      vertex 5.33646 6.2557 28
      vertex 5.16968 6.28888 28
    endloop
  endfacet
  facet normal -0.195121 -0.980779 -0
    outer loop
      vertex 5.33646 6.2557 28
      vertex 5.16968 6.28888 3
      vertex 5.33646 6.2557 3
    endloop
  endfacet
  facet normal 0.659341 -0.751844 0
    outer loop
      vertex 4.08076 5.91924 3
      vertex 4.20861 6.03136 28
      vertex 4.08076 5.91924 28
    endloop
  endfacet
  facet normal 0.659341 -0.751844 0
    outer loop
      vertex 4.20861 6.03136 28
      vertex 4.08076 5.91924 3
      vertex 4.20861 6.03136 3
    endloop
  endfacet
  facet normal 0.321427 -0.946934 0
    outer loop
      vertex 4.50251 6.20104 3
      vertex 4.66354 6.2557 28
      vertex 4.50251 6.20104 28
    endloop
  endfacet
  facet normal 0.321427 -0.946934 0
    outer loop
      vertex 4.66354 6.2557 28
      vertex 4.50251 6.20104 3
      vertex 4.66354 6.2557 3
    endloop
  endfacet
  facet normal -0.997859 0.0653948 0
    outer loop
      vertex 6.28888 4.83032 3
      vertex 6.3 5 28
      vertex 6.3 5 3
    endloop
  endfacet
  facet normal -0.997859 0.0653948 0
    outer loop
      vertex 6.3 5 28
      vertex 6.28888 4.83032 3
      vertex 6.28888 4.83032 28
    endloop
  endfacet
  facet normal 0.980779 0.195121 0
    outer loop
      vertex 3.7443 4.66354 28
      vertex 3.71112 4.83032 3
      vertex 3.71112 4.83032 28
    endloop
  endfacet
  facet normal 0.980779 0.195121 0
    outer loop
      vertex 3.71112 4.83032 3
      vertex 3.7443 4.66354 28
      vertex 3.7443 4.66354 3
    endloop
  endfacet
  facet normal -0.659341 -0.751844 0
    outer loop
      vertex 5.79139 6.03136 3
      vertex 5.91924 5.91924 28
      vertex 5.79139 6.03136 28
    endloop
  endfacet
  facet normal -0.659341 -0.751844 -0
    outer loop
      vertex 5.91924 5.91924 28
      vertex 5.79139 6.03136 3
      vertex 5.91924 5.91924 3
    endloop
  endfacet
  facet normal -0.0653948 0.997859 0
    outer loop
      vertex 5.16968 3.71112 3
      vertex 5 3.7 28
      vertex 5.16968 3.71112 28
    endloop
  endfacet
  facet normal -0.0653948 0.997859 0
    outer loop
      vertex 5 3.7 28
      vertex 5.16968 3.71112 3
      vertex 5 3.7 3
    endloop
  endfacet
  facet normal 0.896872 0.442291 0
    outer loop
      vertex 3.87417 4.35 28
      vertex 3.79896 4.50251 3
      vertex 3.79896 4.50251 28
    endloop
  endfacet
  facet normal 0.896872 0.442291 0
    outer loop
      vertex 3.79896 4.50251 3
      vertex 3.87417 4.35 28
      vertex 3.87417 4.35 3
    endloop
  endfacet
  facet normal 0.442291 0.896872 -0
    outer loop
      vertex 4.50251 3.79896 3
      vertex 4.35 3.87417 28
      vertex 4.50251 3.79896 28
    endloop
  endfacet
  facet normal 0.442291 0.896872 0
    outer loop
      vertex 4.35 3.87417 28
      vertex 4.50251 3.79896 3
      vertex 4.35 3.87417 3
    endloop
  endfacet
  facet normal 0.83148 0.555555 0
    outer loop
      vertex 3.96864 4.20861 28
      vertex 3.87417 4.35 3
      vertex 3.87417 4.35 28
    endloop
  endfacet
  facet normal 0.83148 0.555555 0
    outer loop
      vertex 3.87417 4.35 3
      vertex 3.96864 4.20861 28
      vertex 3.96864 4.20861 3
    endloop
  endfacet
  facet normal -0.751844 -0.659341 0
    outer loop
      vertex 6.03136 5.79139 3
      vertex 5.91924 5.91924 28
      vertex 5.91924 5.91924 3
    endloop
  endfacet
  facet normal -0.751844 -0.659341 0
    outer loop
      vertex 5.91924 5.91924 28
      vertex 6.03136 5.79139 3
      vertex 6.03136 5.79139 28
    endloop
  endfacet
  facet normal -0.946934 0.321427 0
    outer loop
      vertex 6.20104 4.50251 3
      vertex 6.2557 4.66354 28
      vertex 6.2557 4.66354 3
    endloop
  endfacet
  facet normal -0.946934 0.321427 0
    outer loop
      vertex 6.2557 4.66354 28
      vertex 6.20104 4.50251 3
      vertex 6.20104 4.50251 28
    endloop
  endfacet
  facet normal 0.0653948 -0.997859 0
    outer loop
      vertex 4.83032 6.28888 3
      vertex 5 6.3 28
      vertex 4.83032 6.28888 28
    endloop
  endfacet
  facet normal 0.0653948 -0.997859 0
    outer loop
      vertex 5 6.3 28
      vertex 4.83032 6.28888 3
      vertex 5 6.3 3
    endloop
  endfacet
  facet normal -0.442291 -0.896872 0
    outer loop
      vertex 5.49749 6.20104 3
      vertex 5.65 6.12583 28
      vertex 5.49749 6.20104 28
    endloop
  endfacet
  facet normal -0.442291 -0.896872 -0
    outer loop
      vertex 5.65 6.12583 28
      vertex 5.49749 6.20104 3
      vertex 5.65 6.12583 3
    endloop
  endfacet
  facet normal 0.980779 -0.195121 0
    outer loop
      vertex 3.71112 5.16968 28
      vertex 3.7443 5.33646 3
      vertex 3.7443 5.33646 28
    endloop
  endfacet
  facet normal 0.980779 -0.195121 0
    outer loop
      vertex 3.7443 5.33646 3
      vertex 3.71112 5.16968 28
      vertex 3.71112 5.16968 3
    endloop
  endfacet
  facet normal 0.946934 0.321427 0
    outer loop
      vertex 3.79896 4.50251 28
      vertex 3.7443 4.66354 3
      vertex 3.7443 4.66354 28
    endloop
  endfacet
  facet normal 0.946934 0.321427 0
    outer loop
      vertex 3.7443 4.66354 3
      vertex 3.79896 4.50251 28
      vertex 3.79896 4.50251 3
    endloop
  endfacet
  facet normal 0.997859 0.0653948 0
    outer loop
      vertex 3.71112 4.83032 28
      vertex 3.7 5 3
      vertex 3.7 5 28
    endloop
  endfacet
  facet normal 0.997859 0.0653948 0
    outer loop
      vertex 3.7 5 3
      vertex 3.71112 4.83032 28
      vertex 3.71112 4.83032 3
    endloop
  endfacet
  facet normal 0.997859 -0.0653948 0
    outer loop
      vertex 3.7 5 28
      vertex 3.71112 5.16968 3
      vertex 3.71112 5.16968 28
    endloop
  endfacet
  facet normal 0.997859 -0.0653948 0
    outer loop
      vertex 3.71112 5.16968 3
      vertex 3.7 5 28
      vertex 3.7 5 3
    endloop
  endfacet
  facet normal 0.555555 0.83148 -0
    outer loop
      vertex 4.35 3.87417 3
      vertex 4.20861 3.96864 28
      vertex 4.35 3.87417 28
    endloop
  endfacet
  facet normal 0.555555 0.83148 0
    outer loop
      vertex 4.20861 3.96864 28
      vertex 4.35 3.87417 3
      vertex 4.20861 3.96864 3
    endloop
  endfacet
  facet normal 0 0 1
    outer loop
      vertex 6.28888 5.16968 3
      vertex 6.28888 4.83032 3
      vertex 6.3 5 3
    endloop
  endfacet
  facet normal 0 0 1
    outer loop
      vertex 6.2557 5.33646 3
      vertex 6.28888 4.83032 3
      vertex 6.28888 5.16968 3
    endloop
  endfacet
  facet normal 0 0 1
    outer loop
      vertex 6.2557 5.33646 3
      vertex 6.2557 4.66354 3
      vertex 6.28888 4.83032 3
    endloop
  endfacet
  facet normal 0 0 1
    outer loop
      vertex 6.20104 5.49749 3
      vertex 6.2557 4.66354 3
      vertex 6.2557 5.33646 3
    endloop
  endfacet
  facet normal 0 0 1
    outer loop
      vertex 6.20104 5.49749 3
      vertex 6.20104 4.50251 3
      vertex 6.2557 4.66354 3
    endloop
  endfacet
  facet normal 0 0 1
    outer loop
      vertex 6.12583 5.65 3
      vertex 6.20104 4.50251 3
      vertex 6.20104 5.49749 3
    endloop
  endfacet
  facet normal 0 0 1
    outer loop
      vertex 6.12583 5.65 3
      vertex 6.12583 4.35 3
      vertex 6.20104 4.50251 3
    endloop
  endfacet
  facet normal 0 0 1
    outer loop
      vertex 6.03136 5.79139 3
      vertex 6.12583 4.35 3
      vertex 6.12583 5.65 3
    endloop
  endfacet
  facet normal 0 0 1
    outer loop
      vertex 6.03136 5.79139 3
      vertex 6.03136 4.20861 3
      vertex 6.12583 4.35 3
    endloop
  endfacet
  facet normal 0 0 1
    outer loop
      vertex 5.91924 5.91924 3
      vertex 6.03136 4.20861 3
      vertex 6.03136 5.79139 3
    endloop
  endfacet
  facet normal 0 0 1
    outer loop
      vertex 5.91924 5.91924 3
      vertex 5.91924 4.08076 3
      vertex 6.03136 4.20861 3
    endloop
  endfacet
  facet normal 0 0 1
    outer loop
      vertex 5.79139 6.03136 3
      vertex 5.91924 4.08076 3
      vertex 5.91924 5.91924 3
    endloop
  endfacet
  facet normal 0 0 1
    outer loop
      vertex 5.79139 6.03136 3
      vertex 5.79139 3.96864 3
      vertex 5.91924 4.08076 3
    endloop
  endfacet
  facet normal 0 0 1
    outer loop
      vertex 5.65 6.12583 3
      vertex 5.79139 3.96864 3
      vertex 5.79139 6.03136 3
    endloop
  endfacet
  facet normal 0 0 1
    outer loop
      vertex 5.65 6.12583 3
      vertex 5.65 3.87417 3
      vertex 5.79139 3.96864 3
    endloop
  endfacet
  facet normal 0 0 1
    outer loop
      vertex 5.49749 6.20104 3
      vertex 5.65 3.87417 3
      vertex 5.65 6.12583 3
    endloop
  endfacet
  facet normal 0 0 1
    outer loop
      vertex 5.49749 6.20104 3
      vertex 5.49749 3.79896 3
      vertex 5.65 3.87417 3
    endloop
  endfacet
  facet normal 0 0 1
    outer loop
      vertex 5.33646 6.2557 3
      vertex 5.49749 3.79896 3
      vertex 5.49749 6.20104 3
    endloop
  endfacet
  facet normal 0 0 1
    outer loop
      vertex 5.33646 6.2557 3
      vertex 5.33646 3.7443 3
      vertex 5.49749 3.79896 3
    endloop
  endfacet
  facet normal 0 0 1
    outer loop
      vertex 5.16968 6.28888 3
      vertex 5.33646 3.7443 3
      vertex 5.33646 6.2557 3
    endloop
  endfacet
  facet normal 0 0 1
    outer loop
      vertex 5.16968 6.28888 3
      vertex 5.16968 3.71112 3
      vertex 5.33646 3.7443 3
    endloop
  endfacet
  facet normal 0 0 1
    outer loop
      vertex 5 6.3 3
      vertex 5.16968 3.71112 3
      vertex 5.16968 6.28888 3
    endloop
  endfacet
  facet normal 0 0 1
    outer loop
      vertex 5 6.3 3
      vertex 5 3.7 3
      vertex 5.16968 3.71112 3
    endloop
  endfacet
  facet normal -0 0 1
    outer loop
      vertex 4.83032 6.28888 3
      vertex 5 3.7 3
      vertex 5 6.3 3
    endloop
  endfacet
  facet normal 0 0 1
    outer loop
      vertex 4.83032 6.28888 3
      vertex 4.83032 3.71112 3
      vertex 5 3.7 3
    endloop
  endfacet
  facet normal -0 0 1
    outer loop
      vertex 4.66354 6.2557 3
      vertex 4.83032 3.71112 3
      vertex 4.83032 6.28888 3
    endloop
  endfacet
  facet normal 0 0 1
    outer loop
      vertex 4.66354 6.2557 3
      vertex 4.66354 3.7443 3
      vertex 4.83032 3.71112 3
    endloop
  endfacet
  facet normal -0 0 1
    outer loop
      vertex 4.50251 6.20104 3
      vertex 4.66354 3.7443 3
      vertex 4.66354 6.2557 3
    endloop
  endfacet
  facet normal 0 0 1
    outer loop
      vertex 4.50251 6.20104 3
      vertex 4.50251 3.79896 3
      vertex 4.66354 3.7443 3
    endloop
  endfacet
  facet normal -0 0 1
    outer loop
      vertex 4.35 6.12583 3
      vertex 4.50251 3.79896 3
      vertex 4.50251 6.20104 3
    endloop
  endfacet
  facet normal 0 0 1
    outer loop
      vertex 4.35 6.12583 3
      vertex 4.35 3.87417 3
      vertex 4.50251 3.79896 3
    endloop
  endfacet
  facet normal -0 0 1
    outer loop
      vertex 4.20861 6.03136 3
      vertex 4.35 3.87417 3
      vertex 4.35 6.12583 3
    endloop
  endfacet
  facet normal 0 0 1
    outer loop
      vertex 4.20861 6.03136 3
      vertex 4.20861 3.96864 3
      vertex 4.35 3.87417 3
    endloop
  endfacet
  facet normal -0 0 1
    outer loop
      vertex 4.08076 5.91924 3
      vertex 4.20861 3.96864 3
      vertex 4.20861 6.03136 3
    endloop
  endfacet
  facet normal 0 0 1
    outer loop
      vertex 4.08076 5.91924 3
      vertex 4.08076 4.08076 3
      vertex 4.20861 3.96864 3
    endloop
  endfacet
  facet normal -0 0 1
    outer loop
      vertex 3.96864 5.79139 3
      vertex 4.08076 4.08076 3
      vertex 4.08076 5.91924 3
    endloop
  endfacet
  facet normal 0 0 1
    outer loop
      vertex 3.96864 5.79139 3
      vertex 3.96864 4.20861 3
      vertex 4.08076 4.08076 3
    endloop
  endfacet
  facet normal -0 0 1
    outer loop
      vertex 3.87417 5.65 3
      vertex 3.96864 4.20861 3
      vertex 3.96864 5.79139 3
    endloop
  endfacet
  facet normal 0 0 1
    outer loop
      vertex 3.87417 5.65 3
      vertex 3.87417 4.35 3
      vertex 3.96864 4.20861 3
    endloop
  endfacet
  facet normal -0 0 1
    outer loop
      vertex 3.79896 5.49749 3
      vertex 3.87417 4.35 3
      vertex 3.87417 5.65 3
    endloop
  endfacet
  facet normal 0 0 1
    outer loop
      vertex 3.79896 5.49749 3
      vertex 3.79896 4.50251 3
      vertex 3.87417 4.35 3
    endloop
  endfacet
  facet normal -0 0 1
    outer loop
      vertex 3.7443 5.33646 3
      vertex 3.79896 4.50251 3
      vertex 3.79896 5.49749 3
    endloop
  endfacet
  facet normal 0 0 1
    outer loop
      vertex 3.7443 5.33646 3
      vertex 3.7443 4.66354 3
      vertex 3.79896 4.50251 3
    endloop
  endfacet
  facet normal -0 0 1
    outer loop
      vertex 3.71112 5.16968 3
      vertex 3.7443 4.66354 3
      vertex 3.7443 5.33646 3
    endloop
  endfacet
  facet normal 0 0 1
    outer loop
      vertex 3.71112 5.16968 3
      vertex 3.71112 4.83032 3
      vertex 3.7443 4.66354 3
    endloop
  endfacet
  facet normal 0 -0 1
    outer loop
      vertex 3.71112 4.83032 3
      vertex 3.71112 5.16968 3
      vertex 3.7 5 3
    endloop
  endfacet
  facet normal 0.0653948 0.997859 -0
    outer loop
      vertex 5 3.7 3
      vertex 4.83032 3.71112 28
      vertex 5 3.7 28
    endloop
  endfacet
  facet normal 0.0653948 0.997859 0
    outer loop
      vertex 4.83032 3.71112 28
      vertex 5 3.7 3
      vertex 4.83032 3.71112 3
    endloop
  endfacet
  facet normal 0.195121 0.980779 -0
    outer loop
      vertex 4.83032 3.71112 3
      vertex 4.66354 3.7443 28
      vertex 4.83032 3.71112 28
    endloop
  endfacet
  facet normal 0.195121 0.980779 0
    outer loop
      vertex 4.66354 3.7443 28
      vertex 4.83032 3.71112 3
      vertex 4.66354 3.7443 3
    endloop
  endfacet
  facet normal -0.659341 0.751844 0
    outer loop
      vertex 5.91924 4.08076 3
      vertex 5.79139 3.96864 28
      vertex 5.91924 4.08076 28
    endloop
  endfacet
  facet normal -0.659341 0.751844 0
    outer loop
      vertex 5.79139 3.96864 28
      vertex 5.91924 4.08076 3
      vertex 5.79139 3.96864 3
    endloop
  endfacet
  facet normal -0.323218 0.946324 0
    outer loop
      vertex 5.49749 129.799 3
      vertex 5.33646 129.744 28
      vertex 5.49749 129.799 28
    endloop
  endfacet
  facet normal -0.323218 0.946324 0
    outer loop
      vertex 5.33646 129.744 28
      vertex 5.49749 129.799 3
      vertex 5.33646 129.744 3
    endloop
  endfacet
  facet normal -0.980603 -0.196003 0
    outer loop
      vertex 6.28888 131.17 3
      vertex 6.2557 131.336 28
      vertex 6.2557 131.336 3
    endloop
  endfacet
  facet normal -0.980603 -0.196003 0
    outer loop
      vertex 6.2557 131.336 28
      vertex 6.28888 131.17 3
      vertex 6.28888 131.17 28
    endloop
  endfacet
  facet normal -0.997867 -0.0652723 0
    outer loop
      vertex 6.3 131 3
      vertex 6.28888 131.17 28
      vertex 6.28888 131.17 3
    endloop
  endfacet
  facet normal -0.997867 -0.0652723 0
    outer loop
      vertex 6.28888 131.17 28
      vertex 6.3 131 3
      vertex 6.3 131 28
    endloop
  endfacet
  facet normal -0.946916 -0.321481 0
    outer loop
      vertex 6.2557 131.336 3
      vertex 6.20104 131.497 28
      vertex 6.20104 131.497 3
    endloop
  endfacet
  facet normal -0.946916 -0.321481 0
    outer loop
      vertex 6.20104 131.497 28
      vertex 6.2557 131.336 3
      vertex 6.2557 131.336 28
    endloop
  endfacet
  facet normal -0.323218 -0.946324 0
    outer loop
      vertex 5.33646 132.256 3
      vertex 5.49749 132.201 28
      vertex 5.33646 132.256 28
    endloop
  endfacet
  facet normal -0.323218 -0.946324 -0
    outer loop
      vertex 5.49749 132.201 28
      vertex 5.33646 132.256 3
      vertex 5.49749 132.201 3
    endloop
  endfacet
  facet normal 0.897433 -0.44115 0
    outer loop
      vertex 3.79896 131.497 28
      vertex 3.87417 131.65 3
      vertex 3.87417 131.65 28
    endloop
  endfacet
  facet normal 0.897433 -0.44115 0
    outer loop
      vertex 3.87417 131.65 3
      vertex 3.79896 131.497 28
      vertex 3.79896 131.497 3
    endloop
  endfacet
  facet normal 0.752227 0.658904 0
    outer loop
      vertex 4.08076 130.081 28
      vertex 3.96864 130.209 3
      vertex 3.96864 130.209 28
    endloop
  endfacet
  facet normal 0.752227 0.658904 0
    outer loop
      vertex 3.96864 130.209 3
      vertex 4.08076 130.081 28
      vertex 4.08076 130.081 3
    endloop
  endfacet
  facet normal -0.83077 -0.556616 0
    outer loop
      vertex 6.12583 131.65 3
      vertex 6.03136 131.791 28
      vertex 6.03136 131.791 3
    endloop
  endfacet
  facet normal -0.83077 -0.556616 0
    outer loop
      vertex 6.03136 131.791 28
      vertex 6.12583 131.65 3
      vertex 6.12583 131.65 28
    endloop
  endfacet
  facet normal -0.897433 -0.44115 0
    outer loop
      vertex 6.20104 131.497 3
      vertex 6.12583 131.65 28
      vertex 6.12583 131.65 3
    endloop
  endfacet
  facet normal -0.897433 -0.44115 0
    outer loop
      vertex 6.12583 131.65 28
      vertex 6.20104 131.497 3
      vertex 6.20104 131.497 28
    endloop
  endfacet
  facet normal 0.658942 0.752194 -0
    outer loop
      vertex 4.20861 129.969 3
      vertex 4.08076 130.081 28
      vertex 4.20861 129.969 28
    endloop
  endfacet
  facet normal 0.658942 0.752194 0
    outer loop
      vertex 4.08076 130.081 28
      vertex 4.20861 129.969 3
      vertex 4.08076 130.081 3
    endloop
  endfacet
  facet normal 0.752227 -0.658904 0
    outer loop
      vertex 3.96864 131.791 28
      vertex 4.08076 131.919 3
      vertex 4.08076 131.919 28
    endloop
  endfacet
  facet normal 0.752227 -0.658904 0
    outer loop
      vertex 4.08076 131.919 3
      vertex 3.96864 131.791 28
      vertex 3.96864 131.791 3
    endloop
  endfacet
  facet normal 0.83077 -0.556616 0
    outer loop
      vertex 3.87417 131.65 28
      vertex 3.96864 131.791 3
      vertex 3.96864 131.791 28
    endloop
  endfacet
  facet normal 0.83077 -0.556616 0
    outer loop
      vertex 3.96864 131.791 3
      vertex 3.87417 131.65 28
      vertex 3.87417 131.65 3
    endloop
  endfacet
  facet normal -0.441296 0.897361 0
    outer loop
      vertex 5.65 129.874 3
      vertex 5.49749 129.799 28
      vertex 5.65 129.874 28
    endloop
  endfacet
  facet normal -0.441296 0.897361 0
    outer loop
      vertex 5.49749 129.799 28
      vertex 5.65 129.874 3
      vertex 5.49749 129.799 3
    endloop
  endfacet
  facet normal 0.946916 -0.321481 0
    outer loop
      vertex 3.7443 131.336 28
      vertex 3.79896 131.497 3
      vertex 3.79896 131.497 28
    endloop
  endfacet
  facet normal 0.946916 -0.321481 0
    outer loop
      vertex 3.79896 131.497 3
      vertex 3.7443 131.336 28
      vertex 3.7443 131.336 3
    endloop
  endfacet
  facet normal 0.441296 -0.897361 0
    outer loop
      vertex 4.35 132.126 3
      vertex 4.50251 132.201 28
      vertex 4.35 132.126 28
    endloop
  endfacet
  facet normal 0.441296 -0.897361 0
    outer loop
      vertex 4.50251 132.201 28
      vertex 4.35 132.126 3
      vertex 4.50251 132.201 3
    endloop
  endfacet
  facet normal 0.323218 0.946324 -0
    outer loop
      vertex 4.66354 129.744 3
      vertex 4.50251 129.799 28
      vertex 4.66354 129.744 28
    endloop
  endfacet
  facet normal 0.323218 0.946324 0
    outer loop
      vertex 4.50251 129.799 28
      vertex 4.66354 129.744 3
      vertex 4.50251 129.799 3
    endloop
  endfacet
  facet normal -0.83077 0.556616 0
    outer loop
      vertex 6.03136 130.209 3
      vertex 6.12583 130.35 28
      vertex 6.12583 130.35 3
    endloop
  endfacet
  facet normal -0.83077 0.556616 0
    outer loop
      vertex 6.12583 130.35 28
      vertex 6.03136 130.209 3
      vertex 6.03136 130.209 28
    endloop
  endfacet
  facet normal -0.194102 0.980981 0
    outer loop
      vertex 5.33646 129.744 3
      vertex 5.16968 129.711 28
      vertex 5.33646 129.744 28
    endloop
  endfacet
  facet normal -0.194102 0.980981 0
    outer loop
      vertex 5.16968 129.711 28
      vertex 5.33646 129.744 3
      vertex 5.16968 129.711 3
    endloop
  endfacet
  facet normal -0.0646921 -0.997905 0
    outer loop
      vertex 5 132.3 3
      vertex 5.16968 132.289 28
      vertex 5 132.3 28
    endloop
  endfacet
  facet normal -0.0646921 -0.997905 -0
    outer loop
      vertex 5.16968 132.289 28
      vertex 5 132.3 3
      vertex 5.16968 132.289 3
    endloop
  endfacet
  facet normal -0.980603 0.196003 0
    outer loop
      vertex 6.2557 130.664 3
      vertex 6.28888 130.83 28
      vertex 6.28888 130.83 3
    endloop
  endfacet
  facet normal -0.980603 0.196003 0
    outer loop
      vertex 6.28888 130.83 28
      vertex 6.2557 130.664 3
      vertex 6.2557 130.664 28
    endloop
  endfacet
  facet normal -0.557704 0.83004 0
    outer loop
      vertex 5.79139 129.969 3
      vertex 5.65 129.874 28
      vertex 5.79139 129.969 28
    endloop
  endfacet
  facet normal -0.557704 0.83004 0
    outer loop
      vertex 5.65 129.874 28
      vertex 5.79139 129.969 3
      vertex 5.65 129.874 3
    endloop
  endfacet
  facet normal -0.557704 -0.83004 0
    outer loop
      vertex 5.65 132.126 3
      vertex 5.79139 132.031 28
      vertex 5.65 132.126 28
    endloop
  endfacet
  facet normal -0.557704 -0.83004 -0
    outer loop
      vertex 5.79139 132.031 28
      vertex 5.65 132.126 3
      vertex 5.79139 132.031 3
    endloop
  endfacet
  facet normal -0.897433 0.44115 0
    outer loop
      vertex 6.12583 130.35 3
      vertex 6.20104 130.503 28
      vertex 6.20104 130.503 3
    endloop
  endfacet
  facet normal -0.897433 0.44115 0
    outer loop
      vertex 6.20104 130.503 28
      vertex 6.12583 130.35 3
      vertex 6.12583 130.35 28
    endloop
  endfacet
  facet normal 0.557704 -0.83004 0
    outer loop
      vertex 4.20861 132.031 3
      vertex 4.35 132.126 28
      vertex 4.20861 132.031 28
    endloop
  endfacet
  facet normal 0.557704 -0.83004 0
    outer loop
      vertex 4.35 132.126 28
      vertex 4.20861 132.031 3
      vertex 4.35 132.126 3
    endloop
  endfacet
  facet normal -0.752227 0.658904 0
    outer loop
      vertex 5.91924 130.081 3
      vertex 6.03136 130.209 28
      vertex 6.03136 130.209 3
    endloop
  endfacet
  facet normal -0.752227 0.658904 0
    outer loop
      vertex 6.03136 130.209 28
      vertex 5.91924 130.081 3
      vertex 5.91924 130.081 28
    endloop
  endfacet
  facet normal -0.194102 -0.980981 0
    outer loop
      vertex 5.16968 132.289 3
      vertex 5.33646 132.256 28
      vertex 5.16968 132.289 28
    endloop
  endfacet
  facet normal -0.194102 -0.980981 -0
    outer loop
      vertex 5.33646 132.256 28
      vertex 5.16968 132.289 3
      vertex 5.33646 132.256 3
    endloop
  endfacet
  facet normal 0.658942 -0.752194 0
    outer loop
      vertex 4.08076 131.919 3
      vertex 4.20861 132.031 28
      vertex 4.08076 131.919 28
    endloop
  endfacet
  facet normal 0.658942 -0.752194 0
    outer loop
      vertex 4.20861 132.031 28
      vertex 4.08076 131.919 3
      vertex 4.20861 132.031 3
    endloop
  endfacet
  facet normal 0.323218 -0.946324 0
    outer loop
      vertex 4.50251 132.201 3
      vertex 4.66354 132.256 28
      vertex 4.50251 132.201 28
    endloop
  endfacet
  facet normal 0.323218 -0.946324 0
    outer loop
      vertex 4.66354 132.256 28
      vertex 4.50251 132.201 3
      vertex 4.66354 132.256 3
    endloop
  endfacet
  facet normal -0.997867 0.0652723 0
    outer loop
      vertex 6.28888 130.83 3
      vertex 6.3 131 28
      vertex 6.3 131 3
    endloop
  endfacet
  facet normal -0.997867 0.0652723 0
    outer loop
      vertex 6.3 131 28
      vertex 6.28888 130.83 3
      vertex 6.28888 130.83 28
    endloop
  endfacet
  facet normal 0.980603 0.196003 0
    outer loop
      vertex 3.7443 130.664 28
      vertex 3.71112 130.83 3
      vertex 3.71112 130.83 28
    endloop
  endfacet
  facet normal 0.980603 0.196003 0
    outer loop
      vertex 3.71112 130.83 3
      vertex 3.7443 130.664 28
      vertex 3.7443 130.664 3
    endloop
  endfacet
  facet normal -0.658942 -0.752194 0
    outer loop
      vertex 5.79139 132.031 3
      vertex 5.91924 131.919 28
      vertex 5.79139 132.031 28
    endloop
  endfacet
  facet normal -0.658942 -0.752194 -0
    outer loop
      vertex 5.91924 131.919 28
      vertex 5.79139 132.031 3
      vertex 5.91924 131.919 3
    endloop
  endfacet
  facet normal -0.0646921 0.997905 0
    outer loop
      vertex 5.16968 129.711 3
      vertex 5 129.7 28
      vertex 5.16968 129.711 28
    endloop
  endfacet
  facet normal -0.0646921 0.997905 0
    outer loop
      vertex 5 129.7 28
      vertex 5.16968 129.711 3
      vertex 5 129.7 3
    endloop
  endfacet
  facet normal 0.897433 0.44115 0
    outer loop
      vertex 3.87417 130.35 28
      vertex 3.79896 130.503 3
      vertex 3.79896 130.503 28
    endloop
  endfacet
  facet normal 0.897433 0.44115 0
    outer loop
      vertex 3.79896 130.503 3
      vertex 3.87417 130.35 28
      vertex 3.87417 130.35 3
    endloop
  endfacet
  facet normal 0.441296 0.897361 -0
    outer loop
      vertex 4.50251 129.799 3
      vertex 4.35 129.874 28
      vertex 4.50251 129.799 28
    endloop
  endfacet
  facet normal 0.441296 0.897361 0
    outer loop
      vertex 4.35 129.874 28
      vertex 4.50251 129.799 3
      vertex 4.35 129.874 3
    endloop
  endfacet
  facet normal 0.83077 0.556616 0
    outer loop
      vertex 3.96864 130.209 28
      vertex 3.87417 130.35 3
      vertex 3.87417 130.35 28
    endloop
  endfacet
  facet normal 0.83077 0.556616 0
    outer loop
      vertex 3.87417 130.35 3
      vertex 3.96864 130.209 28
      vertex 3.96864 130.209 3
    endloop
  endfacet
  facet normal -0.752227 -0.658904 0
    outer loop
      vertex 6.03136 131.791 3
      vertex 5.91924 131.919 28
      vertex 5.91924 131.919 3
    endloop
  endfacet
  facet normal -0.752227 -0.658904 0
    outer loop
      vertex 5.91924 131.919 28
      vertex 6.03136 131.791 3
      vertex 6.03136 131.791 28
    endloop
  endfacet
  facet normal -0.946916 0.321481 0
    outer loop
      vertex 6.20104 130.503 3
      vertex 6.2557 130.664 28
      vertex 6.2557 130.664 3
    endloop
  endfacet
  facet normal -0.946916 0.321481 0
    outer loop
      vertex 6.2557 130.664 28
      vertex 6.20104 130.503 3
      vertex 6.20104 130.503 28
    endloop
  endfacet
  facet normal 0.0646921 -0.997905 0
    outer loop
      vertex 4.83032 132.289 3
      vertex 5 132.3 28
      vertex 4.83032 132.289 28
    endloop
  endfacet
  facet normal 0.0646921 -0.997905 0
    outer loop
      vertex 5 132.3 28
      vertex 4.83032 132.289 3
      vertex 5 132.3 3
    endloop
  endfacet
  facet normal -0.441296 -0.897361 0
    outer loop
      vertex 5.49749 132.201 3
      vertex 5.65 132.126 28
      vertex 5.49749 132.201 28
    endloop
  endfacet
  facet normal -0.441296 -0.897361 -0
    outer loop
      vertex 5.65 132.126 28
      vertex 5.49749 132.201 3
      vertex 5.65 132.126 3
    endloop
  endfacet
  facet normal 0.980603 -0.196003 0
    outer loop
      vertex 3.71112 131.17 28
      vertex 3.7443 131.336 3
      vertex 3.7443 131.336 28
    endloop
  endfacet
  facet normal 0.980603 -0.196003 0
    outer loop
      vertex 3.7443 131.336 3
      vertex 3.71112 131.17 28
      vertex 3.71112 131.17 3
    endloop
  endfacet
  facet normal 0.946916 0.321481 0
    outer loop
      vertex 3.79896 130.503 28
      vertex 3.7443 130.664 3
      vertex 3.7443 130.664 28
    endloop
  endfacet
  facet normal 0.946916 0.321481 0
    outer loop
      vertex 3.7443 130.664 3
      vertex 3.79896 130.503 28
      vertex 3.79896 130.503 3
    endloop
  endfacet
  facet normal 0.194102 -0.980981 0
    outer loop
      vertex 4.66354 132.256 3
      vertex 4.83032 132.289 28
      vertex 4.66354 132.256 28
    endloop
  endfacet
  facet normal 0.194102 -0.980981 0
    outer loop
      vertex 4.83032 132.289 28
      vertex 4.66354 132.256 3
      vertex 4.83032 132.289 3
    endloop
  endfacet
  facet normal 0.997867 0.0652723 0
    outer loop
      vertex 3.71112 130.83 28
      vertex 3.7 131 3
      vertex 3.7 131 28
    endloop
  endfacet
  facet normal 0.997867 0.0652723 0
    outer loop
      vertex 3.7 131 3
      vertex 3.71112 130.83 28
      vertex 3.71112 130.83 3
    endloop
  endfacet
  facet normal 0.997867 -0.0652723 0
    outer loop
      vertex 3.7 131 28
      vertex 3.71112 131.17 3
      vertex 3.71112 131.17 28
    endloop
  endfacet
  facet normal 0.997867 -0.0652723 0
    outer loop
      vertex 3.71112 131.17 3
      vertex 3.7 131 28
      vertex 3.7 131 3
    endloop
  endfacet
  facet normal 0.557704 0.83004 -0
    outer loop
      vertex 4.35 129.874 3
      vertex 4.20861 129.969 28
      vertex 4.35 129.874 28
    endloop
  endfacet
  facet normal 0.557704 0.83004 0
    outer loop
      vertex 4.20861 129.969 28
      vertex 4.35 129.874 3
      vertex 4.20861 129.969 3
    endloop
  endfacet
  facet normal 0 0 1
    outer loop
      vertex 6.28888 131.17 3
      vertex 6.28888 130.83 3
      vertex 6.3 131 3
    endloop
  endfacet
  facet normal 0 0 1
    outer loop
      vertex 6.2557 131.336 3
      vertex 6.28888 130.83 3
      vertex 6.28888 131.17 3
    endloop
  endfacet
  facet normal 0 0 1
    outer loop
      vertex 6.2557 131.336 3
      vertex 6.2557 130.664 3
      vertex 6.28888 130.83 3
    endloop
  endfacet
  facet normal 0 0 1
    outer loop
      vertex 6.20104 131.497 3
      vertex 6.2557 130.664 3
      vertex 6.2557 131.336 3
    endloop
  endfacet
  facet normal 0 0 1
    outer loop
      vertex 6.20104 131.497 3
      vertex 6.20104 130.503 3
      vertex 6.2557 130.664 3
    endloop
  endfacet
  facet normal 0 0 1
    outer loop
      vertex 6.12583 131.65 3
      vertex 6.20104 130.503 3
      vertex 6.20104 131.497 3
    endloop
  endfacet
  facet normal 0 0 1
    outer loop
      vertex 6.12583 131.65 3
      vertex 6.12583 130.35 3
      vertex 6.20104 130.503 3
    endloop
  endfacet
  facet normal 0 0 1
    outer loop
      vertex 6.03136 131.791 3
      vertex 6.12583 130.35 3
      vertex 6.12583 131.65 3
    endloop
  endfacet
  facet normal 0 0 1
    outer loop
      vertex 6.03136 131.791 3
      vertex 6.03136 130.209 3
      vertex 6.12583 130.35 3
    endloop
  endfacet
  facet normal 0 0 1
    outer loop
      vertex 5.91924 131.919 3
      vertex 6.03136 130.209 3
      vertex 6.03136 131.791 3
    endloop
  endfacet
  facet normal 0 0 1
    outer loop
      vertex 5.91924 131.919 3
      vertex 5.91924 130.081 3
      vertex 6.03136 130.209 3
    endloop
  endfacet
  facet normal 0 0 1
    outer loop
      vertex 5.79139 132.031 3
      vertex 5.91924 130.081 3
      vertex 5.91924 131.919 3
    endloop
  endfacet
  facet normal 0 0 1
    outer loop
      vertex 5.79139 132.031 3
      vertex 5.79139 129.969 3
      vertex 5.91924 130.081 3
    endloop
  endfacet
  facet normal 0 0 1
    outer loop
      vertex 5.65 132.126 3
      vertex 5.79139 129.969 3
      vertex 5.79139 132.031 3
    endloop
  endfacet
  facet normal 0 0 1
    outer loop
      vertex 5.65 132.126 3
      vertex 5.65 129.874 3
      vertex 5.79139 129.969 3
    endloop
  endfacet
  facet normal 0 0 1
    outer loop
      vertex 5.49749 132.201 3
      vertex 5.65 129.874 3
      vertex 5.65 132.126 3
    endloop
  endfacet
  facet normal 0 0 1
    outer loop
      vertex 5.49749 132.201 3
      vertex 5.49749 129.799 3
      vertex 5.65 129.874 3
    endloop
  endfacet
  facet normal 0 0 1
    outer loop
      vertex 5.33646 132.256 3
      vertex 5.49749 129.799 3
      vertex 5.49749 132.201 3
    endloop
  endfacet
  facet normal 0 0 1
    outer loop
      vertex 5.33646 132.256 3
      vertex 5.33646 129.744 3
      vertex 5.49749 129.799 3
    endloop
  endfacet
  facet normal 0 0 1
    outer loop
      vertex 5.16968 132.289 3
      vertex 5.33646 129.744 3
      vertex 5.33646 132.256 3
    endloop
  endfacet
  facet normal 0 0 1
    outer loop
      vertex 5.16968 132.289 3
      vertex 5.16968 129.711 3
      vertex 5.33646 129.744 3
    endloop
  endfacet
  facet normal 0 0 1
    outer loop
      vertex 5 132.3 3
      vertex 5.16968 129.711 3
      vertex 5.16968 132.289 3
    endloop
  endfacet
  facet normal 0 0 1
    outer loop
      vertex 5 132.3 3
      vertex 5 129.7 3
      vertex 5.16968 129.711 3
    endloop
  endfacet
  facet normal -0 0 1
    outer loop
      vertex 4.83032 132.289 3
      vertex 5 129.7 3
      vertex 5 132.3 3
    endloop
  endfacet
  facet normal 0 0 1
    outer loop
      vertex 4.83032 132.289 3
      vertex 4.83032 129.711 3
      vertex 5 129.7 3
    endloop
  endfacet
  facet normal -0 0 1
    outer loop
      vertex 4.66354 132.256 3
      vertex 4.83032 129.711 3
      vertex 4.83032 132.289 3
    endloop
  endfacet
  facet normal 0 0 1
    outer loop
      vertex 4.66354 132.256 3
      vertex 4.66354 129.744 3
      vertex 4.83032 129.711 3
    endloop
  endfacet
  facet normal -0 0 1
    outer loop
      vertex 4.50251 132.201 3
      vertex 4.66354 129.744 3
      vertex 4.66354 132.256 3
    endloop
  endfacet
  facet normal 0 0 1
    outer loop
      vertex 4.50251 132.201 3
      vertex 4.50251 129.799 3
      vertex 4.66354 129.744 3
    endloop
  endfacet
  facet normal -0 0 1
    outer loop
      vertex 4.35 132.126 3
      vertex 4.50251 129.799 3
      vertex 4.50251 132.201 3
    endloop
  endfacet
  facet normal 0 0 1
    outer loop
      vertex 4.35 132.126 3
      vertex 4.35 129.874 3
      vertex 4.50251 129.799 3
    endloop
  endfacet
  facet normal -0 0 1
    outer loop
      vertex 4.20861 132.031 3
      vertex 4.35 129.874 3
      vertex 4.35 132.126 3
    endloop
  endfacet
  facet normal 0 0 1
    outer loop
      vertex 4.20861 132.031 3
      vertex 4.20861 129.969 3
      vertex 4.35 129.874 3
    endloop
  endfacet
  facet normal -0 0 1
    outer loop
      vertex 4.08076 131.919 3
      vertex 4.20861 129.969 3
      vertex 4.20861 132.031 3
    endloop
  endfacet
  facet normal 0 0 1
    outer loop
      vertex 4.08076 131.919 3
      vertex 4.08076 130.081 3
      vertex 4.20861 129.969 3
    endloop
  endfacet
  facet normal -0 0 1
    outer loop
      vertex 3.96864 131.791 3
      vertex 4.08076 130.081 3
      vertex 4.08076 131.919 3
    endloop
  endfacet
  facet normal 0 0 1
    outer loop
      vertex 3.96864 131.791 3
      vertex 3.96864 130.209 3
      vertex 4.08076 130.081 3
    endloop
  endfacet
  facet normal -0 0 1
    outer loop
      vertex 3.87417 131.65 3
      vertex 3.96864 130.209 3
      vertex 3.96864 131.791 3
    endloop
  endfacet
  facet normal 0 0 1
    outer loop
      vertex 3.87417 131.65 3
      vertex 3.87417 130.35 3
      vertex 3.96864 130.209 3
    endloop
  endfacet
  facet normal -0 0 1
    outer loop
      vertex 3.79896 131.497 3
      vertex 3.87417 130.35 3
      vertex 3.87417 131.65 3
    endloop
  endfacet
  facet normal 0 0 1
    outer loop
      vertex 3.79896 131.497 3
      vertex 3.79896 130.503 3
      vertex 3.87417 130.35 3
    endloop
  endfacet
  facet normal -0 0 1
    outer loop
      vertex 3.7443 131.336 3
      vertex 3.79896 130.503 3
      vertex 3.79896 131.497 3
    endloop
  endfacet
  facet normal 0 0 1
    outer loop
      vertex 3.7443 131.336 3
      vertex 3.7443 130.664 3
      vertex 3.79896 130.503 3
    endloop
  endfacet
  facet normal -0 0 1
    outer loop
      vertex 3.71112 131.17 3
      vertex 3.7443 130.664 3
      vertex 3.7443 131.336 3
    endloop
  endfacet
  facet normal 0 0 1
    outer loop
      vertex 3.71112 131.17 3
      vertex 3.71112 130.83 3
      vertex 3.7443 130.664 3
    endloop
  endfacet
  facet normal 0 -0 1
    outer loop
      vertex 3.71112 130.83 3
      vertex 3.71112 131.17 3
      vertex 3.7 131 3
    endloop
  endfacet
  facet normal 0.0646921 0.997905 -0
    outer loop
      vertex 5 129.7 3
      vertex 4.83032 129.711 28
      vertex 5 129.7 28
    endloop
  endfacet
  facet normal 0.0646921 0.997905 0
    outer loop
      vertex 4.83032 129.711 28
      vertex 5 129.7 3
      vertex 4.83032 129.711 3
    endloop
  endfacet
  facet normal 0.194102 0.980981 -0
    outer loop
      vertex 4.83032 129.711 3
      vertex 4.66354 129.744 28
      vertex 4.83032 129.711 28
    endloop
  endfacet
  facet normal 0.194102 0.980981 0
    outer loop
      vertex 4.66354 129.744 28
      vertex 4.83032 129.711 3
      vertex 4.66354 129.744 3
    endloop
  endfacet
  facet normal -0.658942 0.752194 0
    outer loop
      vertex 5.91924 130.081 3
      vertex 5.79139 129.969 28
      vertex 5.91924 130.081 28
    endloop
  endfacet
  facet normal -0.658942 0.752194 0
    outer loop
      vertex 5.79139 129.969 28
      vertex 5.91924 130.081 3
      vertex 5.79139 129.969 3
    endloop
  endfacet
  facet normal -0.321481 0.946916 0
    outer loop
      vertex 183.497 3.79896 3
      vertex 183.336 3.7443 28
      vertex 183.497 3.79896 28
    endloop
  endfacet
  facet normal -0.321481 0.946916 0
    outer loop
      vertex 183.336 3.7443 28
      vertex 183.497 3.79896 3
      vertex 183.336 3.7443 3
    endloop
  endfacet
  facet normal -0.980981 -0.194102 0
    outer loop
      vertex 184.289 5.16968 3
      vertex 184.256 5.33646 28
      vertex 184.256 5.33646 3
    endloop
  endfacet
  facet normal -0.980981 -0.194102 0
    outer loop
      vertex 184.256 5.33646 28
      vertex 184.289 5.16968 3
      vertex 184.289 5.16968 28
    endloop
  endfacet
  facet normal -0.997905 -0.0646921 0
    outer loop
      vertex 184.3 5 3
      vertex 184.289 5.16968 28
      vertex 184.289 5.16968 3
    endloop
  endfacet
  facet normal -0.997905 -0.0646921 0
    outer loop
      vertex 184.289 5.16968 28
      vertex 184.3 5 3
      vertex 184.3 5 28
    endloop
  endfacet
  facet normal -0.946324 -0.323218 0
    outer loop
      vertex 184.256 5.33646 3
      vertex 184.201 5.49749 28
      vertex 184.201 5.49749 3
    endloop
  endfacet
  facet normal -0.946324 -0.323218 0
    outer loop
      vertex 184.201 5.49749 28
      vertex 184.256 5.33646 3
      vertex 184.256 5.33646 28
    endloop
  endfacet
  facet normal -0.321481 -0.946916 0
    outer loop
      vertex 183.336 6.2557 3
      vertex 183.497 6.20104 28
      vertex 183.336 6.2557 28
    endloop
  endfacet
  facet normal -0.321481 -0.946916 -0
    outer loop
      vertex 183.497 6.20104 28
      vertex 183.336 6.2557 3
      vertex 183.497 6.20104 3
    endloop
  endfacet
  facet normal 0.897361 -0.441296 0
    outer loop
      vertex 181.799 5.49749 28
      vertex 181.874 5.65 3
      vertex 181.874 5.65 28
    endloop
  endfacet
  facet normal 0.897361 -0.441296 0
    outer loop
      vertex 181.874 5.65 3
      vertex 181.799 5.49749 28
      vertex 181.799 5.49749 3
    endloop
  endfacet
  facet normal 0.752194 0.658942 0
    outer loop
      vertex 182.081 4.08076 28
      vertex 181.969 4.20861 3
      vertex 181.969 4.20861 28
    endloop
  endfacet
  facet normal 0.752194 0.658942 0
    outer loop
      vertex 181.969 4.20861 3
      vertex 182.081 4.08076 28
      vertex 182.081 4.08076 3
    endloop
  endfacet
  facet normal -0.83004 -0.557704 0
    outer loop
      vertex 184.126 5.65 3
      vertex 184.031 5.79139 28
      vertex 184.031 5.79139 3
    endloop
  endfacet
  facet normal -0.83004 -0.557704 0
    outer loop
      vertex 184.031 5.79139 28
      vertex 184.126 5.65 3
      vertex 184.126 5.65 28
    endloop
  endfacet
  facet normal -0.897361 -0.441296 0
    outer loop
      vertex 184.201 5.49749 3
      vertex 184.126 5.65 28
      vertex 184.126 5.65 3
    endloop
  endfacet
  facet normal -0.897361 -0.441296 0
    outer loop
      vertex 184.126 5.65 28
      vertex 184.201 5.49749 3
      vertex 184.201 5.49749 28
    endloop
  endfacet
  facet normal 0.658904 0.752227 -0
    outer loop
      vertex 182.209 3.96864 3
      vertex 182.081 4.08076 28
      vertex 182.209 3.96864 28
    endloop
  endfacet
  facet normal 0.658904 0.752227 0
    outer loop
      vertex 182.081 4.08076 28
      vertex 182.209 3.96864 3
      vertex 182.081 4.08076 3
    endloop
  endfacet
  facet normal 0.752194 -0.658942 0
    outer loop
      vertex 181.969 5.79139 28
      vertex 182.081 5.91924 3
      vertex 182.081 5.91924 28
    endloop
  endfacet
  facet normal 0.752194 -0.658942 0
    outer loop
      vertex 182.081 5.91924 3
      vertex 181.969 5.79139 28
      vertex 181.969 5.79139 3
    endloop
  endfacet
  facet normal -0.946324 0.323218 0
    outer loop
      vertex 184.201 4.50251 3
      vertex 184.256 4.66354 28
      vertex 184.256 4.66354 3
    endloop
  endfacet
  facet normal -0.946324 0.323218 0
    outer loop
      vertex 184.256 4.66354 28
      vertex 184.201 4.50251 3
      vertex 184.201 4.50251 28
    endloop
  endfacet
  facet normal 0.83004 -0.557704 0
    outer loop
      vertex 181.874 5.65 28
      vertex 181.969 5.79139 3
      vertex 181.969 5.79139 28
    endloop
  endfacet
  facet normal 0.83004 -0.557704 0
    outer loop
      vertex 181.969 5.79139 3
      vertex 181.874 5.65 28
      vertex 181.874 5.65 3
    endloop
  endfacet
  facet normal 0.196003 -0.980603 0
    outer loop
      vertex 182.664 6.2557 3
      vertex 182.83 6.28888 28
      vertex 182.664 6.2557 28
    endloop
  endfacet
  facet normal 0.196003 -0.980603 0
    outer loop
      vertex 182.83 6.28888 28
      vertex 182.664 6.2557 3
      vertex 182.83 6.28888 3
    endloop
  endfacet
  facet normal -0.44115 0.897433 0
    outer loop
      vertex 183.65 3.87417 3
      vertex 183.497 3.79896 28
      vertex 183.65 3.87417 28
    endloop
  endfacet
  facet normal -0.44115 0.897433 0
    outer loop
      vertex 183.497 3.79896 28
      vertex 183.65 3.87417 3
      vertex 183.497 3.79896 3
    endloop
  endfacet
  facet normal 0.946324 -0.323218 0
    outer loop
      vertex 181.744 5.33646 28
      vertex 181.799 5.49749 3
      vertex 181.799 5.49749 28
    endloop
  endfacet
  facet normal 0.946324 -0.323218 0
    outer loop
      vertex 181.799 5.49749 3
      vertex 181.744 5.33646 28
      vertex 181.744 5.33646 3
    endloop
  endfacet
  facet normal 0.44115 -0.897433 0
    outer loop
      vertex 182.35 6.12583 3
      vertex 182.503 6.20104 28
      vertex 182.35 6.12583 28
    endloop
  endfacet
  facet normal 0.44115 -0.897433 0
    outer loop
      vertex 182.503 6.20104 28
      vertex 182.35 6.12583 3
      vertex 182.503 6.20104 3
    endloop
  endfacet
  facet normal 0.321481 0.946916 -0
    outer loop
      vertex 182.664 3.7443 3
      vertex 182.503 3.79896 28
      vertex 182.664 3.7443 28
    endloop
  endfacet
  facet normal 0.321481 0.946916 0
    outer loop
      vertex 182.503 3.79896 28
      vertex 182.664 3.7443 3
      vertex 182.503 3.79896 3
    endloop
  endfacet
  facet normal -0.83004 0.557704 0
    outer loop
      vertex 184.031 4.20861 3
      vertex 184.126 4.35 28
      vertex 184.126 4.35 3
    endloop
  endfacet
  facet normal -0.83004 0.557704 0
    outer loop
      vertex 184.126 4.35 28
      vertex 184.031 4.20861 3
      vertex 184.031 4.20861 28
    endloop
  endfacet
  facet normal -0.196003 0.980603 0
    outer loop
      vertex 183.336 3.7443 3
      vertex 183.17 3.71112 28
      vertex 183.336 3.7443 28
    endloop
  endfacet
  facet normal -0.196003 0.980603 0
    outer loop
      vertex 183.17 3.71112 28
      vertex 183.336 3.7443 3
      vertex 183.17 3.71112 3
    endloop
  endfacet
  facet normal -0.0652723 -0.997867 0
    outer loop
      vertex 183 6.3 3
      vertex 183.17 6.28888 28
      vertex 183 6.3 28
    endloop
  endfacet
  facet normal -0.0652723 -0.997867 -0
    outer loop
      vertex 183.17 6.28888 28
      vertex 183 6.3 3
      vertex 183.17 6.28888 3
    endloop
  endfacet
  facet normal -0.980981 0.194102 0
    outer loop
      vertex 184.256 4.66354 3
      vertex 184.289 4.83032 28
      vertex 184.289 4.83032 3
    endloop
  endfacet
  facet normal -0.980981 0.194102 0
    outer loop
      vertex 184.289 4.83032 28
      vertex 184.256 4.66354 3
      vertex 184.256 4.66354 28
    endloop
  endfacet
  facet normal -0.556616 0.83077 0
    outer loop
      vertex 183.791 3.96864 3
      vertex 183.65 3.87417 28
      vertex 183.791 3.96864 28
    endloop
  endfacet
  facet normal -0.556616 0.83077 0
    outer loop
      vertex 183.65 3.87417 28
      vertex 183.791 3.96864 3
      vertex 183.65 3.87417 3
    endloop
  endfacet
  facet normal -0.556616 -0.83077 0
    outer loop
      vertex 183.65 6.12583 3
      vertex 183.791 6.03136 28
      vertex 183.65 6.12583 28
    endloop
  endfacet
  facet normal -0.556616 -0.83077 -0
    outer loop
      vertex 183.791 6.03136 28
      vertex 183.65 6.12583 3
      vertex 183.791 6.03136 3
    endloop
  endfacet
  facet normal -0.897361 0.441296 0
    outer loop
      vertex 184.126 4.35 3
      vertex 184.201 4.50251 28
      vertex 184.201 4.50251 3
    endloop
  endfacet
  facet normal -0.897361 0.441296 0
    outer loop
      vertex 184.201 4.50251 28
      vertex 184.126 4.35 3
      vertex 184.126 4.35 28
    endloop
  endfacet
  facet normal 0.556616 -0.83077 0
    outer loop
      vertex 182.209 6.03136 3
      vertex 182.35 6.12583 28
      vertex 182.209 6.03136 28
    endloop
  endfacet
  facet normal 0.556616 -0.83077 0
    outer loop
      vertex 182.35 6.12583 28
      vertex 182.209 6.03136 3
      vertex 182.35 6.12583 3
    endloop
  endfacet
  facet normal -0.752194 0.658942 0
    outer loop
      vertex 183.919 4.08076 3
      vertex 184.031 4.20861 28
      vertex 184.031 4.20861 3
    endloop
  endfacet
  facet normal -0.752194 0.658942 0
    outer loop
      vertex 184.031 4.20861 28
      vertex 183.919 4.08076 3
      vertex 183.919 4.08076 28
    endloop
  endfacet
  facet normal -0.196003 -0.980603 0
    outer loop
      vertex 183.17 6.28888 3
      vertex 183.336 6.2557 28
      vertex 183.17 6.28888 28
    endloop
  endfacet
  facet normal -0.196003 -0.980603 -0
    outer loop
      vertex 183.336 6.2557 28
      vertex 183.17 6.28888 3
      vertex 183.336 6.2557 3
    endloop
  endfacet
  facet normal 0.658904 -0.752227 0
    outer loop
      vertex 182.081 5.91924 3
      vertex 182.209 6.03136 28
      vertex 182.081 5.91924 28
    endloop
  endfacet
  facet normal 0.658904 -0.752227 0
    outer loop
      vertex 182.209 6.03136 28
      vertex 182.081 5.91924 3
      vertex 182.209 6.03136 3
    endloop
  endfacet
  facet normal 0.321481 -0.946916 0
    outer loop
      vertex 182.503 6.20104 3
      vertex 182.664 6.2557 28
      vertex 182.503 6.20104 28
    endloop
  endfacet
  facet normal 0.321481 -0.946916 0
    outer loop
      vertex 182.664 6.2557 28
      vertex 182.503 6.20104 3
      vertex 182.664 6.2557 3
    endloop
  endfacet
  facet normal -0.997905 0.0646921 0
    outer loop
      vertex 184.289 4.83032 3
      vertex 184.3 5 28
      vertex 184.3 5 3
    endloop
  endfacet
  facet normal -0.997905 0.0646921 0
    outer loop
      vertex 184.3 5 28
      vertex 184.289 4.83032 3
      vertex 184.289 4.83032 28
    endloop
  endfacet
  facet normal 0.980981 0.194102 0
    outer loop
      vertex 181.744 4.66354 28
      vertex 181.711 4.83032 3
      vertex 181.711 4.83032 28
    endloop
  endfacet
  facet normal 0.980981 0.194102 0
    outer loop
      vertex 181.711 4.83032 3
      vertex 181.744 4.66354 28
      vertex 181.744 4.66354 3
    endloop
  endfacet
  facet normal -0.658904 -0.752227 0
    outer loop
      vertex 183.791 6.03136 3
      vertex 183.919 5.91924 28
      vertex 183.791 6.03136 28
    endloop
  endfacet
  facet normal -0.658904 -0.752227 -0
    outer loop
      vertex 183.919 5.91924 28
      vertex 183.791 6.03136 3
      vertex 183.919 5.91924 3
    endloop
  endfacet
  facet normal -0.0652723 0.997867 0
    outer loop
      vertex 183.17 3.71112 3
      vertex 183 3.7 28
      vertex 183.17 3.71112 28
    endloop
  endfacet
  facet normal -0.0652723 0.997867 0
    outer loop
      vertex 183 3.7 28
      vertex 183.17 3.71112 3
      vertex 183 3.7 3
    endloop
  endfacet
  facet normal 0.897361 0.441296 0
    outer loop
      vertex 181.874 4.35 28
      vertex 181.799 4.50251 3
      vertex 181.799 4.50251 28
    endloop
  endfacet
  facet normal 0.897361 0.441296 0
    outer loop
      vertex 181.799 4.50251 3
      vertex 181.874 4.35 28
      vertex 181.874 4.35 3
    endloop
  endfacet
  facet normal 0.44115 0.897433 -0
    outer loop
      vertex 182.503 3.79896 3
      vertex 182.35 3.87417 28
      vertex 182.503 3.79896 28
    endloop
  endfacet
  facet normal 0.44115 0.897433 0
    outer loop
      vertex 182.35 3.87417 28
      vertex 182.503 3.79896 3
      vertex 182.35 3.87417 3
    endloop
  endfacet
  facet normal 0.83004 0.557704 0
    outer loop
      vertex 181.969 4.20861 28
      vertex 181.874 4.35 3
      vertex 181.874 4.35 28
    endloop
  endfacet
  facet normal 0.83004 0.557704 0
    outer loop
      vertex 181.874 4.35 3
      vertex 181.969 4.20861 28
      vertex 181.969 4.20861 3
    endloop
  endfacet
  facet normal -0.752194 -0.658942 0
    outer loop
      vertex 184.031 5.79139 3
      vertex 183.919 5.91924 28
      vertex 183.919 5.91924 3
    endloop
  endfacet
  facet normal -0.752194 -0.658942 0
    outer loop
      vertex 183.919 5.91924 28
      vertex 184.031 5.79139 3
      vertex 184.031 5.79139 28
    endloop
  endfacet
  facet normal 0.0652723 -0.997867 0
    outer loop
      vertex 182.83 6.28888 3
      vertex 183 6.3 28
      vertex 182.83 6.28888 28
    endloop
  endfacet
  facet normal 0.0652723 -0.997867 0
    outer loop
      vertex 183 6.3 28
      vertex 182.83 6.28888 3
      vertex 183 6.3 3
    endloop
  endfacet
  facet normal -0.44115 -0.897433 0
    outer loop
      vertex 183.497 6.20104 3
      vertex 183.65 6.12583 28
      vertex 183.497 6.20104 28
    endloop
  endfacet
  facet normal -0.44115 -0.897433 -0
    outer loop
      vertex 183.65 6.12583 28
      vertex 183.497 6.20104 3
      vertex 183.65 6.12583 3
    endloop
  endfacet
  facet normal 0.980981 -0.194102 0
    outer loop
      vertex 181.711 5.16968 28
      vertex 181.744 5.33646 3
      vertex 181.744 5.33646 28
    endloop
  endfacet
  facet normal 0.980981 -0.194102 0
    outer loop
      vertex 181.744 5.33646 3
      vertex 181.711 5.16968 28
      vertex 181.711 5.16968 3
    endloop
  endfacet
  facet normal 0.946324 0.323218 0
    outer loop
      vertex 181.799 4.50251 28
      vertex 181.744 4.66354 3
      vertex 181.744 4.66354 28
    endloop
  endfacet
  facet normal 0.946324 0.323218 0
    outer loop
      vertex 181.744 4.66354 3
      vertex 181.799 4.50251 28
      vertex 181.799 4.50251 3
    endloop
  endfacet
  facet normal 0.997905 0.0646921 0
    outer loop
      vertex 181.711 4.83032 28
      vertex 181.7 5 3
      vertex 181.7 5 28
    endloop
  endfacet
  facet normal 0.997905 0.0646921 0
    outer loop
      vertex 181.7 5 3
      vertex 181.711 4.83032 28
      vertex 181.711 4.83032 3
    endloop
  endfacet
  facet normal 0.997905 -0.0646921 0
    outer loop
      vertex 181.7 5 28
      vertex 181.711 5.16968 3
      vertex 181.711 5.16968 28
    endloop
  endfacet
  facet normal 0.997905 -0.0646921 0
    outer loop
      vertex 181.711 5.16968 3
      vertex 181.7 5 28
      vertex 181.7 5 3
    endloop
  endfacet
  facet normal 0.556616 0.83077 -0
    outer loop
      vertex 182.35 3.87417 3
      vertex 182.209 3.96864 28
      vertex 182.35 3.87417 28
    endloop
  endfacet
  facet normal 0.556616 0.83077 0
    outer loop
      vertex 182.209 3.96864 28
      vertex 182.35 3.87417 3
      vertex 182.209 3.96864 3
    endloop
  endfacet
  facet normal 0 0 1
    outer loop
      vertex 184.289 5.16968 3
      vertex 184.289 4.83032 3
      vertex 184.3 5 3
    endloop
  endfacet
  facet normal 0 0 1
    outer loop
      vertex 184.256 5.33646 3
      vertex 184.289 4.83032 3
      vertex 184.289 5.16968 3
    endloop
  endfacet
  facet normal 0 0 1
    outer loop
      vertex 184.256 5.33646 3
      vertex 184.256 4.66354 3
      vertex 184.289 4.83032 3
    endloop
  endfacet
  facet normal 0 0 1
    outer loop
      vertex 184.201 5.49749 3
      vertex 184.256 4.66354 3
      vertex 184.256 5.33646 3
    endloop
  endfacet
  facet normal 0 0 1
    outer loop
      vertex 184.201 5.49749 3
      vertex 184.201 4.50251 3
      vertex 184.256 4.66354 3
    endloop
  endfacet
  facet normal 0 0 1
    outer loop
      vertex 184.126 5.65 3
      vertex 184.201 4.50251 3
      vertex 184.201 5.49749 3
    endloop
  endfacet
  facet normal 0 0 1
    outer loop
      vertex 184.126 5.65 3
      vertex 184.126 4.35 3
      vertex 184.201 4.50251 3
    endloop
  endfacet
  facet normal 0 0 1
    outer loop
      vertex 184.031 5.79139 3
      vertex 184.126 4.35 3
      vertex 184.126 5.65 3
    endloop
  endfacet
  facet normal 0 0 1
    outer loop
      vertex 184.031 5.79139 3
      vertex 184.031 4.20861 3
      vertex 184.126 4.35 3
    endloop
  endfacet
  facet normal 0 0 1
    outer loop
      vertex 183.919 5.91924 3
      vertex 184.031 4.20861 3
      vertex 184.031 5.79139 3
    endloop
  endfacet
  facet normal 0 0 1
    outer loop
      vertex 183.919 5.91924 3
      vertex 183.919 4.08076 3
      vertex 184.031 4.20861 3
    endloop
  endfacet
  facet normal 0 0 1
    outer loop
      vertex 183.791 6.03136 3
      vertex 183.919 4.08076 3
      vertex 183.919 5.91924 3
    endloop
  endfacet
  facet normal 0 0 1
    outer loop
      vertex 183.791 6.03136 3
      vertex 183.791 3.96864 3
      vertex 183.919 4.08076 3
    endloop
  endfacet
  facet normal 0 0 1
    outer loop
      vertex 183.65 6.12583 3
      vertex 183.791 3.96864 3
      vertex 183.791 6.03136 3
    endloop
  endfacet
  facet normal 0 0 1
    outer loop
      vertex 183.65 6.12583 3
      vertex 183.65 3.87417 3
      vertex 183.791 3.96864 3
    endloop
  endfacet
  facet normal 0 0 1
    outer loop
      vertex 183.497 6.20104 3
      vertex 183.65 3.87417 3
      vertex 183.65 6.12583 3
    endloop
  endfacet
  facet normal 0 0 1
    outer loop
      vertex 183.497 6.20104 3
      vertex 183.497 3.79896 3
      vertex 183.65 3.87417 3
    endloop
  endfacet
  facet normal 0 0 1
    outer loop
      vertex 183.336 6.2557 3
      vertex 183.497 3.79896 3
      vertex 183.497 6.20104 3
    endloop
  endfacet
  facet normal 0 0 1
    outer loop
      vertex 183.336 6.2557 3
      vertex 183.336 3.7443 3
      vertex 183.497 3.79896 3
    endloop
  endfacet
  facet normal 0 0 1
    outer loop
      vertex 183.17 6.28888 3
      vertex 183.336 3.7443 3
      vertex 183.336 6.2557 3
    endloop
  endfacet
  facet normal 0 0 1
    outer loop
      vertex 183.17 6.28888 3
      vertex 183.17 3.71112 3
      vertex 183.336 3.7443 3
    endloop
  endfacet
  facet normal 0 0 1
    outer loop
      vertex 183 6.3 3
      vertex 183.17 3.71112 3
      vertex 183.17 6.28888 3
    endloop
  endfacet
  facet normal 0 0 1
    outer loop
      vertex 183 6.3 3
      vertex 183 3.7 3
      vertex 183.17 3.71112 3
    endloop
  endfacet
  facet normal -0 0 1
    outer loop
      vertex 182.83 6.28888 3
      vertex 183 3.7 3
      vertex 183 6.3 3
    endloop
  endfacet
  facet normal 0 0 1
    outer loop
      vertex 182.83 6.28888 3
      vertex 182.83 3.71112 3
      vertex 183 3.7 3
    endloop
  endfacet
  facet normal -0 0 1
    outer loop
      vertex 182.664 6.2557 3
      vertex 182.83 3.71112 3
      vertex 182.83 6.28888 3
    endloop
  endfacet
  facet normal 0 0 1
    outer loop
      vertex 182.664 6.2557 3
      vertex 182.664 3.7443 3
      vertex 182.83 3.71112 3
    endloop
  endfacet
  facet normal -0 0 1
    outer loop
      vertex 182.503 6.20104 3
      vertex 182.664 3.7443 3
      vertex 182.664 6.2557 3
    endloop
  endfacet
  facet normal 0 0 1
    outer loop
      vertex 182.503 6.20104 3
      vertex 182.503 3.79896 3
      vertex 182.664 3.7443 3
    endloop
  endfacet
  facet normal -0 0 1
    outer loop
      vertex 182.35 6.12583 3
      vertex 182.503 3.79896 3
      vertex 182.503 6.20104 3
    endloop
  endfacet
  facet normal 0 0 1
    outer loop
      vertex 182.35 6.12583 3
      vertex 182.35 3.87417 3
      vertex 182.503 3.79896 3
    endloop
  endfacet
  facet normal -0 0 1
    outer loop
      vertex 182.209 6.03136 3
      vertex 182.35 3.87417 3
      vertex 182.35 6.12583 3
    endloop
  endfacet
  facet normal 0 0 1
    outer loop
      vertex 182.209 6.03136 3
      vertex 182.209 3.96864 3
      vertex 182.35 3.87417 3
    endloop
  endfacet
  facet normal -0 0 1
    outer loop
      vertex 182.081 5.91924 3
      vertex 182.209 3.96864 3
      vertex 182.209 6.03136 3
    endloop
  endfacet
  facet normal 0 0 1
    outer loop
      vertex 182.081 5.91924 3
      vertex 182.081 4.08076 3
      vertex 182.209 3.96864 3
    endloop
  endfacet
  facet normal -0 0 1
    outer loop
      vertex 181.969 5.79139 3
      vertex 182.081 4.08076 3
      vertex 182.081 5.91924 3
    endloop
  endfacet
  facet normal 0 0 1
    outer loop
      vertex 181.969 5.79139 3
      vertex 181.969 4.20861 3
      vertex 182.081 4.08076 3
    endloop
  endfacet
  facet normal -0 0 1
    outer loop
      vertex 181.874 5.65 3
      vertex 181.969 4.20861 3
      vertex 181.969 5.79139 3
    endloop
  endfacet
  facet normal 0 0 1
    outer loop
      vertex 181.874 5.65 3
      vertex 181.874 4.35 3
      vertex 181.969 4.20861 3
    endloop
  endfacet
  facet normal -0 0 1
    outer loop
      vertex 181.799 5.49749 3
      vertex 181.874 4.35 3
      vertex 181.874 5.65 3
    endloop
  endfacet
  facet normal 0 0 1
    outer loop
      vertex 181.799 5.49749 3
      vertex 181.799 4.50251 3
      vertex 181.874 4.35 3
    endloop
  endfacet
  facet normal -0 0 1
    outer loop
      vertex 181.744 5.33646 3
      vertex 181.799 4.50251 3
      vertex 181.799 5.49749 3
    endloop
  endfacet
  facet normal 0 0 1
    outer loop
      vertex 181.744 5.33646 3
      vertex 181.744 4.66354 3
      vertex 181.799 4.50251 3
    endloop
  endfacet
  facet normal -0 0 1
    outer loop
      vertex 181.711 5.16968 3
      vertex 181.744 4.66354 3
      vertex 181.744 5.33646 3
    endloop
  endfacet
  facet normal 0 0 1
    outer loop
      vertex 181.711 5.16968 3
      vertex 181.711 4.83032 3
      vertex 181.744 4.66354 3
    endloop
  endfacet
  facet normal 0 -0 1
    outer loop
      vertex 181.711 4.83032 3
      vertex 181.711 5.16968 3
      vertex 181.7 5 3
    endloop
  endfacet
  facet normal 0.0652723 0.997867 -0
    outer loop
      vertex 183 3.7 3
      vertex 182.83 3.71112 28
      vertex 183 3.7 28
    endloop
  endfacet
  facet normal 0.0652723 0.997867 0
    outer loop
      vertex 182.83 3.71112 28
      vertex 183 3.7 3
      vertex 182.83 3.71112 3
    endloop
  endfacet
  facet normal 0.196003 0.980603 -0
    outer loop
      vertex 182.83 3.71112 3
      vertex 182.664 3.7443 28
      vertex 182.83 3.71112 28
    endloop
  endfacet
  facet normal 0.196003 0.980603 0
    outer loop
      vertex 182.664 3.7443 28
      vertex 182.83 3.71112 3
      vertex 182.664 3.7443 3
    endloop
  endfacet
  facet normal -0.658904 0.752227 0
    outer loop
      vertex 183.919 4.08076 3
      vertex 183.791 3.96864 28
      vertex 183.919 4.08076 28
    endloop
  endfacet
  facet normal -0.658904 0.752227 0
    outer loop
      vertex 183.791 3.96864 28
      vertex 183.919 4.08076 3
      vertex 183.791 3.96864 3
    endloop
  endfacet
  facet normal -0.323272 0.946306 0
    outer loop
      vertex 183.497 129.799 3
      vertex 183.336 129.744 28
      vertex 183.497 129.799 28
    endloop
  endfacet
  facet normal -0.323272 0.946306 0
    outer loop
      vertex 183.336 129.744 28
      vertex 183.497 129.799 3
      vertex 183.336 129.744 3
    endloop
  endfacet
  facet normal -0.980807 -0.19498 0
    outer loop
      vertex 184.289 131.17 3
      vertex 184.256 131.336 28
      vertex 184.256 131.336 3
    endloop
  endfacet
  facet normal -0.980807 -0.19498 0
    outer loop
      vertex 184.256 131.336 28
      vertex 184.289 131.17 3
      vertex 184.289 131.17 28
    endloop
  endfacet
  facet normal -0.997913 -0.0645708 0
    outer loop
      vertex 184.3 131 3
      vertex 184.289 131.17 28
      vertex 184.289 131.17 3
    endloop
  endfacet
  facet normal -0.997913 -0.0645708 0
    outer loop
      vertex 184.289 131.17 28
      vertex 184.3 131 3
      vertex 184.3 131 28
    endloop
  endfacet
  facet normal -0.946306 -0.323272 0
    outer loop
      vertex 184.256 131.336 3
      vertex 184.201 131.497 28
      vertex 184.201 131.497 3
    endloop
  endfacet
  facet normal -0.946306 -0.323272 0
    outer loop
      vertex 184.201 131.497 28
      vertex 184.256 131.336 3
      vertex 184.256 131.336 28
    endloop
  endfacet
  facet normal -0.323272 -0.946306 0
    outer loop
      vertex 183.336 132.256 3
      vertex 183.497 132.201 28
      vertex 183.336 132.256 28
    endloop
  endfacet
  facet normal -0.323272 -0.946306 -0
    outer loop
      vertex 183.497 132.201 28
      vertex 183.336 132.256 3
      vertex 183.497 132.201 3
    endloop
  endfacet
  facet normal 0.897921 -0.440157 0
    outer loop
      vertex 181.799 131.497 28
      vertex 181.874 131.65 3
      vertex 181.874 131.65 28
    endloop
  endfacet
  facet normal 0.897921 -0.440157 0
    outer loop
      vertex 181.874 131.65 3
      vertex 181.799 131.497 28
      vertex 181.799 131.497 3
    endloop
  endfacet
  facet normal 0.752577 0.658505 0
    outer loop
      vertex 182.081 130.081 28
      vertex 181.969 130.209 3
      vertex 181.969 130.209 28
    endloop
  endfacet
  facet normal 0.752577 0.658505 0
    outer loop
      vertex 181.969 130.209 3
      vertex 182.081 130.081 28
      vertex 182.081 130.081 3
    endloop
  endfacet
  facet normal -0.829326 -0.558766 0
    outer loop
      vertex 184.126 131.65 3
      vertex 184.031 131.791 28
      vertex 184.031 131.791 3
    endloop
  endfacet
  facet normal -0.829326 -0.558766 0
    outer loop
      vertex 184.031 131.791 28
      vertex 184.126 131.65 3
      vertex 184.126 131.65 28
    endloop
  endfacet
  facet normal -0.897921 -0.440157 0
    outer loop
      vertex 184.201 131.497 3
      vertex 184.126 131.65 28
      vertex 184.126 131.65 3
    endloop
  endfacet
  facet normal -0.897921 -0.440157 0
    outer loop
      vertex 184.126 131.65 28
      vertex 184.201 131.497 3
      vertex 184.201 131.497 28
    endloop
  endfacet
  facet normal 0.658505 0.752577 -0
    outer loop
      vertex 182.209 129.969 3
      vertex 182.081 130.081 28
      vertex 182.209 129.969 28
    endloop
  endfacet
  facet normal 0.658505 0.752577 0
    outer loop
      vertex 182.081 130.081 28
      vertex 182.209 129.969 3
      vertex 182.081 130.081 3
    endloop
  endfacet
  facet normal 0.752577 -0.658505 0
    outer loop
      vertex 181.969 131.791 28
      vertex 182.081 131.919 3
      vertex 182.081 131.919 28
    endloop
  endfacet
  facet normal 0.752577 -0.658505 0
    outer loop
      vertex 182.081 131.919 3
      vertex 181.969 131.791 28
      vertex 181.969 131.791 3
    endloop
  endfacet
  facet normal 0.829326 -0.558766 0
    outer loop
      vertex 181.874 131.65 28
      vertex 181.969 131.791 3
      vertex 181.969 131.791 28
    endloop
  endfacet
  facet normal 0.829326 -0.558766 0
    outer loop
      vertex 181.969 131.791 3
      vertex 181.874 131.65 28
      vertex 181.874 131.65 3
    endloop
  endfacet
  facet normal 0.19498 -0.980807 0
    outer loop
      vertex 182.664 132.256 3
      vertex 182.83 132.289 28
      vertex 182.664 132.256 28
    endloop
  endfacet
  facet normal 0.19498 -0.980807 0
    outer loop
      vertex 182.83 132.289 28
      vertex 182.664 132.256 3
      vertex 182.83 132.289 3
    endloop
  endfacet
  facet normal -0.440157 0.897921 0
    outer loop
      vertex 183.65 129.874 3
      vertex 183.497 129.799 28
      vertex 183.65 129.874 28
    endloop
  endfacet
  facet normal -0.440157 0.897921 0
    outer loop
      vertex 183.497 129.799 28
      vertex 183.65 129.874 3
      vertex 183.497 129.799 3
    endloop
  endfacet
  facet normal 0.946306 -0.323272 0
    outer loop
      vertex 181.744 131.336 28
      vertex 181.799 131.497 3
      vertex 181.799 131.497 28
    endloop
  endfacet
  facet normal 0.946306 -0.323272 0
    outer loop
      vertex 181.799 131.497 3
      vertex 181.744 131.336 28
      vertex 181.744 131.336 3
    endloop
  endfacet
  facet normal 0.440157 -0.897921 0
    outer loop
      vertex 182.35 132.126 3
      vertex 182.503 132.201 28
      vertex 182.35 132.126 28
    endloop
  endfacet
  facet normal 0.440157 -0.897921 0
    outer loop
      vertex 182.503 132.201 28
      vertex 182.35 132.126 3
      vertex 182.503 132.201 3
    endloop
  endfacet
  facet normal 0.323272 0.946306 -0
    outer loop
      vertex 182.664 129.744 3
      vertex 182.503 129.799 28
      vertex 182.664 129.744 28
    endloop
  endfacet
  facet normal 0.323272 0.946306 0
    outer loop
      vertex 182.503 129.799 28
      vertex 182.664 129.744 3
      vertex 182.503 129.799 3
    endloop
  endfacet
  facet normal -0.829326 0.558766 0
    outer loop
      vertex 184.031 130.209 3
      vertex 184.126 130.35 28
      vertex 184.126 130.35 3
    endloop
  endfacet
  facet normal -0.829326 0.558766 0
    outer loop
      vertex 184.126 130.35 28
      vertex 184.031 130.209 3
      vertex 184.031 130.209 28
    endloop
  endfacet
  facet normal -0.19498 0.980807 0
    outer loop
      vertex 183.336 129.744 3
      vertex 183.17 129.711 28
      vertex 183.336 129.744 28
    endloop
  endfacet
  facet normal -0.19498 0.980807 0
    outer loop
      vertex 183.17 129.711 28
      vertex 183.336 129.744 3
      vertex 183.17 129.711 3
    endloop
  endfacet
  facet normal -0.0645708 -0.997913 0
    outer loop
      vertex 183 132.3 3
      vertex 183.17 132.289 28
      vertex 183 132.3 28
    endloop
  endfacet
  facet normal -0.0645708 -0.997913 -0
    outer loop
      vertex 183.17 132.289 28
      vertex 183 132.3 3
      vertex 183.17 132.289 3
    endloop
  endfacet
  facet normal -0.980807 0.19498 0
    outer loop
      vertex 184.256 130.664 3
      vertex 184.289 130.83 28
      vertex 184.289 130.83 3
    endloop
  endfacet
  facet normal -0.980807 0.19498 0
    outer loop
      vertex 184.289 130.83 28
      vertex 184.256 130.664 3
      vertex 184.256 130.664 28
    endloop
  endfacet
  facet normal -0.558766 0.829326 0
    outer loop
      vertex 183.791 129.969 3
      vertex 183.65 129.874 28
      vertex 183.791 129.969 28
    endloop
  endfacet
  facet normal -0.558766 0.829326 0
    outer loop
      vertex 183.65 129.874 28
      vertex 183.791 129.969 3
      vertex 183.65 129.874 3
    endloop
  endfacet
  facet normal -0.558766 -0.829326 0
    outer loop
      vertex 183.65 132.126 3
      vertex 183.791 132.031 28
      vertex 183.65 132.126 28
    endloop
  endfacet
  facet normal -0.558766 -0.829326 -0
    outer loop
      vertex 183.791 132.031 28
      vertex 183.65 132.126 3
      vertex 183.791 132.031 3
    endloop
  endfacet
  facet normal -0.897921 0.440157 0
    outer loop
      vertex 184.126 130.35 3
      vertex 184.201 130.503 28
      vertex 184.201 130.503 3
    endloop
  endfacet
  facet normal -0.897921 0.440157 0
    outer loop
      vertex 184.201 130.503 28
      vertex 184.126 130.35 3
      vertex 184.126 130.35 28
    endloop
  endfacet
  facet normal 0.558766 -0.829326 0
    outer loop
      vertex 182.209 132.031 3
      vertex 182.35 132.126 28
      vertex 182.209 132.031 28
    endloop
  endfacet
  facet normal 0.558766 -0.829326 0
    outer loop
      vertex 182.35 132.126 28
      vertex 182.209 132.031 3
      vertex 182.35 132.126 3
    endloop
  endfacet
  facet normal -0.752577 0.658505 0
    outer loop
      vertex 183.919 130.081 3
      vertex 184.031 130.209 28
      vertex 184.031 130.209 3
    endloop
  endfacet
  facet normal -0.752577 0.658505 0
    outer loop
      vertex 184.031 130.209 28
      vertex 183.919 130.081 3
      vertex 183.919 130.081 28
    endloop
  endfacet
  facet normal -0.19498 -0.980807 0
    outer loop
      vertex 183.17 132.289 3
      vertex 183.336 132.256 28
      vertex 183.17 132.289 28
    endloop
  endfacet
  facet normal -0.19498 -0.980807 -0
    outer loop
      vertex 183.336 132.256 28
      vertex 183.17 132.289 3
      vertex 183.336 132.256 3
    endloop
  endfacet
  facet normal 0.658505 -0.752577 0
    outer loop
      vertex 182.081 131.919 3
      vertex 182.209 132.031 28
      vertex 182.081 131.919 28
    endloop
  endfacet
  facet normal 0.658505 -0.752577 0
    outer loop
      vertex 182.209 132.031 28
      vertex 182.081 131.919 3
      vertex 182.209 132.031 3
    endloop
  endfacet
  facet normal 0.323272 -0.946306 0
    outer loop
      vertex 182.503 132.201 3
      vertex 182.664 132.256 28
      vertex 182.503 132.201 28
    endloop
  endfacet
  facet normal 0.323272 -0.946306 0
    outer loop
      vertex 182.664 132.256 28
      vertex 182.503 132.201 3
      vertex 182.664 132.256 3
    endloop
  endfacet
  facet normal -0.997913 0.0645708 0
    outer loop
      vertex 184.289 130.83 3
      vertex 184.3 131 28
      vertex 184.3 131 3
    endloop
  endfacet
  facet normal -0.997913 0.0645708 0
    outer loop
      vertex 184.3 131 28
      vertex 184.289 130.83 3
      vertex 184.289 130.83 28
    endloop
  endfacet
  facet normal 0.980807 0.19498 0
    outer loop
      vertex 181.744 130.664 28
      vertex 181.711 130.83 3
      vertex 181.711 130.83 28
    endloop
  endfacet
  facet normal 0.980807 0.19498 0
    outer loop
      vertex 181.711 130.83 3
      vertex 181.744 130.664 28
      vertex 181.744 130.664 3
    endloop
  endfacet
  facet normal -0.658505 -0.752577 0
    outer loop
      vertex 183.791 132.031 3
      vertex 183.919 131.919 28
      vertex 183.791 132.031 28
    endloop
  endfacet
  facet normal -0.658505 -0.752577 -0
    outer loop
      vertex 183.919 131.919 28
      vertex 183.791 132.031 3
      vertex 183.919 131.919 3
    endloop
  endfacet
  facet normal -0.0645708 0.997913 0
    outer loop
      vertex 183.17 129.711 3
      vertex 183 129.7 28
      vertex 183.17 129.711 28
    endloop
  endfacet
  facet normal -0.0645708 0.997913 0
    outer loop
      vertex 183 129.7 28
      vertex 183.17 129.711 3
      vertex 183 129.7 3
    endloop
  endfacet
  facet normal 0.897921 0.440157 0
    outer loop
      vertex 181.874 130.35 28
      vertex 181.799 130.503 3
      vertex 181.799 130.503 28
    endloop
  endfacet
  facet normal 0.897921 0.440157 0
    outer loop
      vertex 181.799 130.503 3
      vertex 181.874 130.35 28
      vertex 181.874 130.35 3
    endloop
  endfacet
  facet normal 0.440157 0.897921 -0
    outer loop
      vertex 182.503 129.799 3
      vertex 182.35 129.874 28
      vertex 182.503 129.799 28
    endloop
  endfacet
  facet normal 0.440157 0.897921 0
    outer loop
      vertex 182.35 129.874 28
      vertex 182.503 129.799 3
      vertex 182.35 129.874 3
    endloop
  endfacet
  facet normal 0.829326 0.558766 0
    outer loop
      vertex 181.969 130.209 28
      vertex 181.874 130.35 3
      vertex 181.874 130.35 28
    endloop
  endfacet
  facet normal 0.829326 0.558766 0
    outer loop
      vertex 181.874 130.35 3
      vertex 181.969 130.209 28
      vertex 181.969 130.209 3
    endloop
  endfacet
  facet normal -0.752577 -0.658505 0
    outer loop
      vertex 184.031 131.791 3
      vertex 183.919 131.919 28
      vertex 183.919 131.919 3
    endloop
  endfacet
  facet normal -0.752577 -0.658505 0
    outer loop
      vertex 183.919 131.919 28
      vertex 184.031 131.791 3
      vertex 184.031 131.791 28
    endloop
  endfacet
  facet normal -0.946306 0.323272 0
    outer loop
      vertex 184.201 130.503 3
      vertex 184.256 130.664 28
      vertex 184.256 130.664 3
    endloop
  endfacet
  facet normal -0.946306 0.323272 0
    outer loop
      vertex 184.256 130.664 28
      vertex 184.201 130.503 3
      vertex 184.201 130.503 28
    endloop
  endfacet
  facet normal 0.0645708 -0.997913 0
    outer loop
      vertex 182.83 132.289 3
      vertex 183 132.3 28
      vertex 182.83 132.289 28
    endloop
  endfacet
  facet normal 0.0645708 -0.997913 0
    outer loop
      vertex 183 132.3 28
      vertex 182.83 132.289 3
      vertex 183 132.3 3
    endloop
  endfacet
  facet normal -0.440157 -0.897921 0
    outer loop
      vertex 183.497 132.201 3
      vertex 183.65 132.126 28
      vertex 183.497 132.201 28
    endloop
  endfacet
  facet normal -0.440157 -0.897921 -0
    outer loop
      vertex 183.65 132.126 28
      vertex 183.497 132.201 3
      vertex 183.65 132.126 3
    endloop
  endfacet
  facet normal 0.980807 -0.19498 0
    outer loop
      vertex 181.711 131.17 28
      vertex 181.744 131.336 3
      vertex 181.744 131.336 28
    endloop
  endfacet
  facet normal 0.980807 -0.19498 0
    outer loop
      vertex 181.744 131.336 3
      vertex 181.711 131.17 28
      vertex 181.711 131.17 3
    endloop
  endfacet
  facet normal 0.946306 0.323272 0
    outer loop
      vertex 181.799 130.503 28
      vertex 181.744 130.664 3
      vertex 181.744 130.664 28
    endloop
  endfacet
  facet normal 0.946306 0.323272 0
    outer loop
      vertex 181.744 130.664 3
      vertex 181.799 130.503 28
      vertex 181.799 130.503 3
    endloop
  endfacet
  facet normal 0.997913 0.0645708 0
    outer loop
      vertex 181.711 130.83 28
      vertex 181.7 131 3
      vertex 181.7 131 28
    endloop
  endfacet
  facet normal 0.997913 0.0645708 0
    outer loop
      vertex 181.7 131 3
      vertex 181.711 130.83 28
      vertex 181.711 130.83 3
    endloop
  endfacet
  facet normal 0.997913 -0.0645708 0
    outer loop
      vertex 181.7 131 28
      vertex 181.711 131.17 3
      vertex 181.711 131.17 28
    endloop
  endfacet
  facet normal 0.997913 -0.0645708 0
    outer loop
      vertex 181.711 131.17 3
      vertex 181.7 131 28
      vertex 181.7 131 3
    endloop
  endfacet
  facet normal 0.558766 0.829326 -0
    outer loop
      vertex 182.35 129.874 3
      vertex 182.209 129.969 28
      vertex 182.35 129.874 28
    endloop
  endfacet
  facet normal 0.558766 0.829326 0
    outer loop
      vertex 182.209 129.969 28
      vertex 182.35 129.874 3
      vertex 182.209 129.969 3
    endloop
  endfacet
  facet normal 0 0 1
    outer loop
      vertex 184.289 131.17 3
      vertex 184.289 130.83 3
      vertex 184.3 131 3
    endloop
  endfacet
  facet normal 0 0 1
    outer loop
      vertex 184.256 131.336 3
      vertex 184.289 130.83 3
      vertex 184.289 131.17 3
    endloop
  endfacet
  facet normal 0 0 1
    outer loop
      vertex 184.256 131.336 3
      vertex 184.256 130.664 3
      vertex 184.289 130.83 3
    endloop
  endfacet
  facet normal 0 0 1
    outer loop
      vertex 184.201 131.497 3
      vertex 184.256 130.664 3
      vertex 184.256 131.336 3
    endloop
  endfacet
  facet normal 0 0 1
    outer loop
      vertex 184.201 131.497 3
      vertex 184.201 130.503 3
      vertex 184.256 130.664 3
    endloop
  endfacet
  facet normal 0 0 1
    outer loop
      vertex 184.126 131.65 3
      vertex 184.201 130.503 3
      vertex 184.201 131.497 3
    endloop
  endfacet
  facet normal 0 0 1
    outer loop
      vertex 184.126 131.65 3
      vertex 184.126 130.35 3
      vertex 184.201 130.503 3
    endloop
  endfacet
  facet normal 0 0 1
    outer loop
      vertex 184.031 131.791 3
      vertex 184.126 130.35 3
      vertex 184.126 131.65 3
    endloop
  endfacet
  facet normal 0 0 1
    outer loop
      vertex 184.031 131.791 3
      vertex 184.031 130.209 3
      vertex 184.126 130.35 3
    endloop
  endfacet
  facet normal 0 0 1
    outer loop
      vertex 183.919 131.919 3
      vertex 184.031 130.209 3
      vertex 184.031 131.791 3
    endloop
  endfacet
  facet normal 0 0 1
    outer loop
      vertex 183.919 131.919 3
      vertex 183.919 130.081 3
      vertex 184.031 130.209 3
    endloop
  endfacet
  facet normal 0 0 1
    outer loop
      vertex 183.791 132.031 3
      vertex 183.919 130.081 3
      vertex 183.919 131.919 3
    endloop
  endfacet
  facet normal 0 0 1
    outer loop
      vertex 183.791 132.031 3
      vertex 183.791 129.969 3
      vertex 183.919 130.081 3
    endloop
  endfacet
  facet normal 0 0 1
    outer loop
      vertex 183.65 132.126 3
      vertex 183.791 129.969 3
      vertex 183.791 132.031 3
    endloop
  endfacet
  facet normal 0 0 1
    outer loop
      vertex 183.65 132.126 3
      vertex 183.65 129.874 3
      vertex 183.791 129.969 3
    endloop
  endfacet
  facet normal 0 0 1
    outer loop
      vertex 183.497 132.201 3
      vertex 183.65 129.874 3
      vertex 183.65 132.126 3
    endloop
  endfacet
  facet normal 0 0 1
    outer loop
      vertex 183.497 132.201 3
      vertex 183.497 129.799 3
      vertex 183.65 129.874 3
    endloop
  endfacet
  facet normal 0 0 1
    outer loop
      vertex 183.336 132.256 3
      vertex 183.497 129.799 3
      vertex 183.497 132.201 3
    endloop
  endfacet
  facet normal 0 0 1
    outer loop
      vertex 183.336 132.256 3
      vertex 183.336 129.744 3
      vertex 183.497 129.799 3
    endloop
  endfacet
  facet normal 0 0 1
    outer loop
      vertex 183.17 132.289 3
      vertex 183.336 129.744 3
      vertex 183.336 132.256 3
    endloop
  endfacet
  facet normal 0 0 1
    outer loop
      vertex 183.17 132.289 3
      vertex 183.17 129.711 3
      vertex 183.336 129.744 3
    endloop
  endfacet
  facet normal 0 0 1
    outer loop
      vertex 183 132.3 3
      vertex 183.17 129.711 3
      vertex 183.17 132.289 3
    endloop
  endfacet
  facet normal 0 0 1
    outer loop
      vertex 183 132.3 3
      vertex 183 129.7 3
      vertex 183.17 129.711 3
    endloop
  endfacet
  facet normal -0 0 1
    outer loop
      vertex 182.83 132.289 3
      vertex 183 129.7 3
      vertex 183 132.3 3
    endloop
  endfacet
  facet normal 0 0 1
    outer loop
      vertex 182.83 132.289 3
      vertex 182.83 129.711 3
      vertex 183 129.7 3
    endloop
  endfacet
  facet normal -0 0 1
    outer loop
      vertex 182.664 132.256 3
      vertex 182.83 129.711 3
      vertex 182.83 132.289 3
    endloop
  endfacet
  facet normal 0 0 1
    outer loop
      vertex 182.664 132.256 3
      vertex 182.664 129.744 3
      vertex 182.83 129.711 3
    endloop
  endfacet
  facet normal -0 0 1
    outer loop
      vertex 182.503 132.201 3
      vertex 182.664 129.744 3
      vertex 182.664 132.256 3
    endloop
  endfacet
  facet normal 0 0 1
    outer loop
      vertex 182.503 132.201 3
      vertex 182.503 129.799 3
      vertex 182.664 129.744 3
    endloop
  endfacet
  facet normal -0 0 1
    outer loop
      vertex 182.35 132.126 3
      vertex 182.503 129.799 3
      vertex 182.503 132.201 3
    endloop
  endfacet
  facet normal 0 0 1
    outer loop
      vertex 182.35 132.126 3
      vertex 182.35 129.874 3
      vertex 182.503 129.799 3
    endloop
  endfacet
  facet normal -0 0 1
    outer loop
      vertex 182.209 132.031 3
      vertex 182.35 129.874 3
      vertex 182.35 132.126 3
    endloop
  endfacet
  facet normal 0 0 1
    outer loop
      vertex 182.209 132.031 3
      vertex 182.209 129.969 3
      vertex 182.35 129.874 3
    endloop
  endfacet
  facet normal -0 0 1
    outer loop
      vertex 182.081 131.919 3
      vertex 182.209 129.969 3
      vertex 182.209 132.031 3
    endloop
  endfacet
  facet normal 0 0 1
    outer loop
      vertex 182.081 131.919 3
      vertex 182.081 130.081 3
      vertex 182.209 129.969 3
    endloop
  endfacet
  facet normal -0 0 1
    outer loop
      vertex 181.969 131.791 3
      vertex 182.081 130.081 3
      vertex 182.081 131.919 3
    endloop
  endfacet
  facet normal 0 0 1
    outer loop
      vertex 181.969 131.791 3
      vertex 181.969 130.209 3
      vertex 182.081 130.081 3
    endloop
  endfacet
  facet normal -0 0 1
    outer loop
      vertex 181.874 131.65 3
      vertex 181.969 130.209 3
      vertex 181.969 131.791 3
    endloop
  endfacet
  facet normal 0 0 1
    outer loop
      vertex 181.874 131.65 3
      vertex 181.874 130.35 3
      vertex 181.969 130.209 3
    endloop
  endfacet
  facet normal -0 0 1
    outer loop
      vertex 181.799 131.497 3
      vertex 181.874 130.35 3
      vertex 181.874 131.65 3
    endloop
  endfacet
  facet normal 0 0 1
    outer loop
      vertex 181.799 131.497 3
      vertex 181.799 130.503 3
      vertex 181.874 130.35 3
    endloop
  endfacet
  facet normal -0 0 1
    outer loop
      vertex 181.744 131.336 3
      vertex 181.799 130.503 3
      vertex 181.799 131.497 3
    endloop
  endfacet
  facet normal 0 0 1
    outer loop
      vertex 181.744 131.336 3
      vertex 181.744 130.664 3
      vertex 181.799 130.503 3
    endloop
  endfacet
  facet normal -0 0 1
    outer loop
      vertex 181.711 131.17 3
      vertex 181.744 130.664 3
      vertex 181.744 131.336 3
    endloop
  endfacet
  facet normal 0 0 1
    outer loop
      vertex 181.711 131.17 3
      vertex 181.711 130.83 3
      vertex 181.744 130.664 3
    endloop
  endfacet
  facet normal 0 -0 1
    outer loop
      vertex 181.711 130.83 3
      vertex 181.711 131.17 3
      vertex 181.7 131 3
    endloop
  endfacet
  facet normal 0.0645708 0.997913 -0
    outer loop
      vertex 183 129.7 3
      vertex 182.83 129.711 28
      vertex 183 129.7 28
    endloop
  endfacet
  facet normal 0.0645708 0.997913 0
    outer loop
      vertex 182.83 129.711 28
      vertex 183 129.7 3
      vertex 182.83 129.711 3
    endloop
  endfacet
  facet normal 0.19498 0.980807 -0
    outer loop
      vertex 182.83 129.711 3
      vertex 182.664 129.744 28
      vertex 182.83 129.711 28
    endloop
  endfacet
  facet normal 0.19498 0.980807 0
    outer loop
      vertex 182.664 129.744 28
      vertex 182.83 129.711 3
      vertex 182.664 129.744 3
    endloop
  endfacet
  facet normal -0.658505 0.752577 0
    outer loop
      vertex 183.919 130.081 3
      vertex 183.791 129.969 28
      vertex 183.919 130.081 28
    endloop
  endfacet
  facet normal -0.658505 0.752577 0
    outer loop
      vertex 183.791 129.969 28
      vertex 183.919 130.081 3
      vertex 183.791 129.969 3
    endloop
  endfacet
  facet normal -1 0 0
    outer loop
      vertex 67 127 0
      vertex 67 129 3
      vertex 67 129 0
    endloop
  endfacet
  facet normal -1 -0 0
    outer loop
      vertex 67 129 3
      vertex 67 127 0
      vertex 67 127 3
    endloop
  endfacet
  facet normal 1 -0 0
    outer loop
      vertex 64 127 3
      vertex 64 129 0
      vertex 64 129 3
    endloop
  endfacet
  facet normal 1 0 0
    outer loop
      vertex 64 129 0
      vertex 64 127 3
      vertex 64 127 0
    endloop
  endfacet
  facet normal 0 -1 0
    outer loop
      vertex 64 129 0
      vertex 67 129 3
      vertex 64 129 3
    endloop
  endfacet
  facet normal 0 -1 -0
    outer loop
      vertex 67 129 3
      vertex 64 129 0
      vertex 67 129 0
    endloop
  endfacet
  facet normal 0 1 -0
    outer loop
      vertex 67 127 0
      vertex 64 127 3
      vertex 67 127 3
    endloop
  endfacet
  facet normal 0 1 0
    outer loop
      vertex 64 127 3
      vertex 67 127 0
      vertex 64 127 0
    endloop
  endfacet
  facet normal -1 0 0
    outer loop
      vertex 77 127 0
      vertex 77 129 3
      vertex 77 129 0
    endloop
  endfacet
  facet normal -1 -0 0
    outer loop
      vertex 77 129 3
      vertex 77 127 0
      vertex 77 127 3
    endloop
  endfacet
  facet normal 1 -0 0
    outer loop
      vertex 74 127 3
      vertex 74 129 0
      vertex 74 129 3
    endloop
  endfacet
  facet normal 1 0 0
    outer loop
      vertex 74 129 0
      vertex 74 127 3
      vertex 74 127 0
    endloop
  endfacet
  facet normal 0 -1 0
    outer loop
      vertex 74 129 0
      vertex 77 129 3
      vertex 74 129 3
    endloop
  endfacet
  facet normal 0 -1 -0
    outer loop
      vertex 77 129 3
      vertex 74 129 0
      vertex 77 129 0
    endloop
  endfacet
  facet normal 0 1 -0
    outer loop
      vertex 77 127 0
      vertex 74 127 3
      vertex 77 127 3
    endloop
  endfacet
  facet normal 0 1 0
    outer loop
      vertex 74 127 3
      vertex 77 127 0
      vertex 74 127 0
    endloop
  endfacet
  facet normal -1 0 0
    outer loop
      vertex 87 127 0
      vertex 87 129 3
      vertex 87 129 0
    endloop
  endfacet
  facet normal -1 -0 0
    outer loop
      vertex 87 129 3
      vertex 87 127 0
      vertex 87 127 3
    endloop
  endfacet
  facet normal 1 -0 0
    outer loop
      vertex 84 127 3
      vertex 84 129 0
      vertex 84 129 3
    endloop
  endfacet
  facet normal 1 0 0
    outer loop
      vertex 84 129 0
      vertex 84 127 3
      vertex 84 127 0
    endloop
  endfacet
  facet normal 0 -1 0
    outer loop
      vertex 84 129 0
      vertex 87 129 3
      vertex 84 129 3
    endloop
  endfacet
  facet normal 0 -1 -0
    outer loop
      vertex 87 129 3
      vertex 84 129 0
      vertex 87 129 0
    endloop
  endfacet
  facet normal 0 1 -0
    outer loop
      vertex 87 127 0
      vertex 84 127 3
      vertex 87 127 3
    endloop
  endfacet
  facet normal 0 1 0
    outer loop
      vertex 84 127 3
      vertex 87 127 0
      vertex 84 127 0
    endloop
  endfacet
  facet normal -1 0 0
    outer loop
      vertex 97 127 0
      vertex 97 129 3
      vertex 97 129 0
    endloop
  endfacet
  facet normal -1 -0 0
    outer loop
      vertex 97 129 3
      vertex 97 127 0
      vertex 97 127 3
    endloop
  endfacet
  facet normal 1 -0 0
    outer loop
      vertex 94 127 3
      vertex 94 129 0
      vertex 94 129 3
    endloop
  endfacet
  facet normal 1 0 0
    outer loop
      vertex 94 129 0
      vertex 94 127 3
      vertex 94 127 0
    endloop
  endfacet
  facet normal 0 -1 0
    outer loop
      vertex 94 129 0
      vertex 97 129 3
      vertex 94 129 3
    endloop
  endfacet
  facet normal 0 -1 -0
    outer loop
      vertex 97 129 3
      vertex 94 129 0
      vertex 97 129 0
    endloop
  endfacet
  facet normal 0 1 -0
    outer loop
      vertex 97 127 0
      vertex 94 127 3
      vertex 97 127 3
    endloop
  endfacet
  facet normal 0 1 0
    outer loop
      vertex 94 127 3
      vertex 97 127 0
      vertex 94 127 0
    endloop
  endfacet
  facet normal -1 0 0
    outer loop
      vertex 107 127 0
      vertex 107 129 3
      vertex 107 129 0
    endloop
  endfacet
  facet normal -1 -0 0
    outer loop
      vertex 107 129 3
      vertex 107 127 0
      vertex 107 127 3
    endloop
  endfacet
  facet normal 1 -0 0
    outer loop
      vertex 104 127 3
      vertex 104 129 0
      vertex 104 129 3
    endloop
  endfacet
  facet normal 1 0 0
    outer loop
      vertex 104 129 0
      vertex 104 127 3
      vertex 104 127 0
    endloop
  endfacet
  facet normal 0 -1 0
    outer loop
      vertex 104 129 0
      vertex 107 129 3
      vertex 104 129 3
    endloop
  endfacet
  facet normal 0 -1 -0
    outer loop
      vertex 107 129 3
      vertex 104 129 0
      vertex 107 129 0
    endloop
  endfacet
  facet normal 0 1 -0
    outer loop
      vertex 107 127 0
      vertex 104 127 3
      vertex 107 127 3
    endloop
  endfacet
  facet normal 0 1 0
    outer loop
      vertex 104 127 3
      vertex 107 127 0
      vertex 104 127 0
    endloop
  endfacet
  facet normal -1 0 0
    outer loop
      vertex 117 127 0
      vertex 117 129 3
      vertex 117 129 0
    endloop
  endfacet
  facet normal -1 -0 0
    outer loop
      vertex 117 129 3
      vertex 117 127 0
      vertex 117 127 3
    endloop
  endfacet
  facet normal 1 -0 0
    outer loop
      vertex 114 127 3
      vertex 114 129 0
      vertex 114 129 3
    endloop
  endfacet
  facet normal 1 0 0
    outer loop
      vertex 114 129 0
      vertex 114 127 3
      vertex 114 127 0
    endloop
  endfacet
  facet normal 0 -1 0
    outer loop
      vertex 114 129 0
      vertex 117 129 3
      vertex 114 129 3
    endloop
  endfacet
  facet normal 0 -1 -0
    outer loop
      vertex 117 129 3
      vertex 114 129 0
      vertex 117 129 0
    endloop
  endfacet
  facet normal 0 1 -0
    outer loop
      vertex 117 127 0
      vertex 114 127 3
      vertex 117 127 3
    endloop
  endfacet
  facet normal 0 1 0
    outer loop
      vertex 114 127 3
      vertex 117 127 0
      vertex 114 127 0
    endloop
  endfacet
  facet normal -1 0 0
    outer loop
      vertex 127 127 0
      vertex 127 129 3
      vertex 127 129 0
    endloop
  endfacet
  facet normal -1 -0 0
    outer loop
      vertex 127 129 3
      vertex 127 127 0
      vertex 127 127 3
    endloop
  endfacet
  facet normal 1 -0 0
    outer loop
      vertex 124 127 3
      vertex 124 129 0
      vertex 124 129 3
    endloop
  endfacet
  facet normal 1 0 0
    outer loop
      vertex 124 129 0
      vertex 124 127 3
      vertex 124 127 0
    endloop
  endfacet
  facet normal 0 -1 0
    outer loop
      vertex 124 129 0
      vertex 127 129 3
      vertex 124 129 3
    endloop
  endfacet
  facet normal 0 -1 -0
    outer loop
      vertex 127 129 3
      vertex 124 129 0
      vertex 127 129 0
    endloop
  endfacet
  facet normal 0 1 -0
    outer loop
      vertex 127 127 0
      vertex 124 127 3
      vertex 127 127 3
    endloop
  endfacet
  facet normal 0 1 0
    outer loop
      vertex 124 127 3
      vertex 127 127 0
      vertex 124 127 0
    endloop
  endfacet
  facet normal 0 0 -1
    outer loop
      vertex 0 105 17
      vertex 3 119 17
      vertex 3 105 17
    endloop
  endfacet
  facet normal -0 0 -1
    outer loop
      vertex 3 119 17
      vertex 0 105 17
      vertex 0 119 17
    endloop
  endfacet
  facet normal -0 0 1
    outer loop
      vertex 0 119 8
      vertex 3 105 8
      vertex 3 119 8
    endloop
  endfacet
  facet normal 0 0 1
    outer loop
      vertex 3 105 8
      vertex 0 119 8
      vertex 0 105 8
    endloop
  endfacet
  facet normal 0 -1 0
    outer loop
      vertex 0 119 8
      vertex 3 119 17
      vertex 0 119 17
    endloop
  endfacet
  facet normal 0 -1 -0
    outer loop
      vertex 3 119 17
      vertex 0 119 8
      vertex 3 119 8
    endloop
  endfacet
  facet normal 0 1 -0
    outer loop
      vertex 3 105 8
      vertex 0 105 17
      vertex 3 105 17
    endloop
  endfacet
  facet normal 0 1 0
    outer loop
      vertex 0 105 17
      vertex 3 105 8
      vertex 0 105 8
    endloop
  endfacet
endsolid OpenSCAD_Model
