solid OpenSCAD_Model
  facet normal 0.980787 0.195081 0
    outer loop
      vertex 4.95722 0.652631 34
      vertex 4.82963 1.2941 0
      vertex 4.82963 1.2941 34
    endloop
  endfacet
  facet normal 0.980787 0.195081 0
    outer loop
      vertex 4.82963 1.2941 0
      vertex 4.95722 0.652631 34
      vertex 4.95722 0.652631 0
    endloop
  endfacet
  facet normal 0.997858 0.0654097 0
    outer loop
      vertex 5 0 34
      vertex 4.95722 0.652631 0
      vertex 4.95722 0.652631 34
    endloop
  endfacet
  facet normal 0.997858 0.0654097 0
    outer loop
      vertex 4.95722 0.652631 0
      vertex 5 0 34
      vertex 5 0 0
    endloop
  endfacet
  facet normal 0.321438 -0.946931 0
    outer loop
      vertex 1.2941 -4.82963 0
      vertex 1.91342 -4.6194 34
      vertex 1.2941 -4.82963 34
    endloop
  endfacet
  facet normal 0.321438 -0.946931 0
    outer loop
      vertex 1.91342 -4.6194 34
      vertex 1.2941 -4.82963 0
      vertex 1.91342 -4.6194 0
    endloop
  endfacet
  facet normal 0.831471 0.555568 0
    outer loop
      vertex 4.33013 2.5 34
      vertex 3.96677 3.04381 0
      vertex 3.96677 3.04381 34
    endloop
  endfacet
  facet normal 0.831471 0.555568 0
    outer loop
      vertex 3.96677 3.04381 0
      vertex 4.33013 2.5 34
      vertex 4.33013 2.5 0
    endloop
  endfacet
  facet normal -0.896872 0.44229 0
    outer loop
      vertex -4.6194 1.91342 0
      vertex -4.33013 2.5 34
      vertex -4.33013 2.5 0
    endloop
  endfacet
  facet normal -0.896872 0.44229 0
    outer loop
      vertex -4.33013 2.5 34
      vertex -4.6194 1.91342 0
      vertex -4.6194 1.91342 34
    endloop
  endfacet
  facet normal -0.555568 0.831471 0
    outer loop
      vertex -2.5 4.33013 0
      vertex -3.04381 3.96677 34
      vertex -2.5 4.33013 34
    endloop
  endfacet
  facet normal -0.555568 0.831471 0
    outer loop
      vertex -3.04381 3.96677 34
      vertex -2.5 4.33013 0
      vertex -3.04381 3.96677 0
    endloop
  endfacet
  facet normal -0.659357 0.75183 0
    outer loop
      vertex -3.04381 3.96677 0
      vertex -3.53553 3.53553 34
      vertex -3.04381 3.96677 34
    endloop
  endfacet
  facet normal -0.659357 0.75183 0
    outer loop
      vertex -3.53553 3.53553 34
      vertex -3.04381 3.96677 0
      vertex -3.53553 3.53553 0
    endloop
  endfacet
  facet normal -0.75183 0.659357 0
    outer loop
      vertex -3.96677 3.04381 0
      vertex -3.53553 3.53553 34
      vertex -3.53553 3.53553 0
    endloop
  endfacet
  facet normal -0.75183 0.659357 0
    outer loop
      vertex -3.53553 3.53553 34
      vertex -3.96677 3.04381 0
      vertex -3.96677 3.04381 34
    endloop
  endfacet
  facet normal 0.946931 -0.321438 0
    outer loop
      vertex 4.6194 -1.91342 34
      vertex 4.82963 -1.2941 0
      vertex 4.82963 -1.2941 34
    endloop
  endfacet
  facet normal 0.946931 -0.321438 0
    outer loop
      vertex 4.82963 -1.2941 0
      vertex 4.6194 -1.91342 34
      vertex 4.6194 -1.91342 0
    endloop
  endfacet
  facet normal -0.997858 0.0654097 0
    outer loop
      vertex -5 0 0
      vertex -4.95722 0.652631 34
      vertex -4.95722 0.652631 0
    endloop
  endfacet
  facet normal -0.997858 0.0654097 0
    outer loop
      vertex -4.95722 0.652631 34
      vertex -5 0 0
      vertex -5 0 34
    endloop
  endfacet
  facet normal 0.555568 0.831471 -0
    outer loop
      vertex 3.04381 3.96677 0
      vertex 2.5 4.33013 34
      vertex 3.04381 3.96677 34
    endloop
  endfacet
  facet normal 0.555568 0.831471 0
    outer loop
      vertex 2.5 4.33013 34
      vertex 3.04381 3.96677 0
      vertex 2.5 4.33013 0
    endloop
  endfacet
  facet normal -0.321438 -0.946931 0
    outer loop
      vertex -1.91342 -4.6194 0
      vertex -1.2941 -4.82963 34
      vertex -1.91342 -4.6194 34
    endloop
  endfacet
  facet normal -0.321438 -0.946931 -0
    outer loop
      vertex -1.2941 -4.82963 34
      vertex -1.91342 -4.6194 0
      vertex -1.2941 -4.82963 0
    endloop
  endfacet
  facet normal 0.195081 -0.980787 0
    outer loop
      vertex 0.652631 -4.95722 0
      vertex 1.2941 -4.82963 34
      vertex 0.652631 -4.95722 34
    endloop
  endfacet
  facet normal 0.195081 -0.980787 0
    outer loop
      vertex 1.2941 -4.82963 34
      vertex 0.652631 -4.95722 0
      vertex 1.2941 -4.82963 0
    endloop
  endfacet
  facet normal -0.321438 0.946931 0
    outer loop
      vertex -1.2941 4.82963 0
      vertex -1.91342 4.6194 34
      vertex -1.2941 4.82963 34
    endloop
  endfacet
  facet normal -0.321438 0.946931 0
    outer loop
      vertex -1.91342 4.6194 34
      vertex -1.2941 4.82963 0
      vertex -1.91342 4.6194 0
    endloop
  endfacet
  facet normal -0.831471 -0.555568 0
    outer loop
      vertex -3.96677 -3.04381 0
      vertex -4.33013 -2.5 34
      vertex -4.33013 -2.5 0
    endloop
  endfacet
  facet normal -0.831471 -0.555568 0
    outer loop
      vertex -4.33013 -2.5 34
      vertex -3.96677 -3.04381 0
      vertex -3.96677 -3.04381 34
    endloop
  endfacet
  facet normal 0.555568 -0.831471 0
    outer loop
      vertex 2.5 -4.33013 0
      vertex 3.04381 -3.96677 34
      vertex 2.5 -4.33013 34
    endloop
  endfacet
  facet normal 0.555568 -0.831471 0
    outer loop
      vertex 3.04381 -3.96677 34
      vertex 2.5 -4.33013 0
      vertex 3.04381 -3.96677 0
    endloop
  endfacet
  facet normal -0.946931 0.321438 0
    outer loop
      vertex -4.82963 1.2941 0
      vertex -4.6194 1.91342 34
      vertex -4.6194 1.91342 0
    endloop
  endfacet
  facet normal -0.946931 0.321438 0
    outer loop
      vertex -4.6194 1.91342 34
      vertex -4.82963 1.2941 0
      vertex -4.82963 1.2941 34
    endloop
  endfacet
  facet normal 0.321438 0.946931 -0
    outer loop
      vertex 1.91342 4.6194 0
      vertex 1.2941 4.82963 34
      vertex 1.91342 4.6194 34
    endloop
  endfacet
  facet normal 0.321438 0.946931 0
    outer loop
      vertex 1.2941 4.82963 34
      vertex 1.91342 4.6194 0
      vertex 1.2941 4.82963 0
    endloop
  endfacet
  facet normal 0.0654097 0.997858 -0
    outer loop
      vertex 0.652631 4.95722 0
      vertex 0 5 34
      vertex 0.652631 4.95722 34
    endloop
  endfacet
  facet normal 0.0654097 0.997858 0
    outer loop
      vertex 0 5 34
      vertex 0.652631 4.95722 0
      vertex 0 5 0
    endloop
  endfacet
  facet normal -0.44229 0.896872 0
    outer loop
      vertex -1.91342 4.6194 0
      vertex -2.5 4.33013 34
      vertex -1.91342 4.6194 34
    endloop
  endfacet
  facet normal -0.44229 0.896872 0
    outer loop
      vertex -2.5 4.33013 34
      vertex -1.91342 4.6194 0
      vertex -2.5 4.33013 0
    endloop
  endfacet
  facet normal 0.831471 -0.555568 0
    outer loop
      vertex 3.96677 -3.04381 34
      vertex 4.33013 -2.5 0
      vertex 4.33013 -2.5 34
    endloop
  endfacet
  facet normal 0.831471 -0.555568 0
    outer loop
      vertex 4.33013 -2.5 0
      vertex 3.96677 -3.04381 34
      vertex 3.96677 -3.04381 0
    endloop
  endfacet
  facet normal -0.997858 -0.0654097 0
    outer loop
      vertex -4.95722 -0.652631 0
      vertex -5 0 34
      vertex -5 0 0
    endloop
  endfacet
  facet normal -0.997858 -0.0654097 0
    outer loop
      vertex -5 0 34
      vertex -4.95722 -0.652631 0
      vertex -4.95722 -0.652631 34
    endloop
  endfacet
  facet normal -0.946931 -0.321438 0
    outer loop
      vertex -4.6194 -1.91342 0
      vertex -4.82963 -1.2941 34
      vertex -4.82963 -1.2941 0
    endloop
  endfacet
  facet normal -0.946931 -0.321438 0
    outer loop
      vertex -4.82963 -1.2941 34
      vertex -4.6194 -1.91342 0
      vertex -4.6194 -1.91342 34
    endloop
  endfacet
  facet normal -0.659357 -0.75183 0
    outer loop
      vertex -3.53553 -3.53553 0
      vertex -3.04381 -3.96677 34
      vertex -3.53553 -3.53553 34
    endloop
  endfacet
  facet normal -0.659357 -0.75183 -0
    outer loop
      vertex -3.04381 -3.96677 34
      vertex -3.53553 -3.53553 0
      vertex -3.04381 -3.96677 0
    endloop
  endfacet
  facet normal 0.44229 0.896872 -0
    outer loop
      vertex 2.5 4.33013 0
      vertex 1.91342 4.6194 34
      vertex 2.5 4.33013 34
    endloop
  endfacet
  facet normal 0.44229 0.896872 0
    outer loop
      vertex 1.91342 4.6194 34
      vertex 2.5 4.33013 0
      vertex 1.91342 4.6194 0
    endloop
  endfacet
  facet normal -0.195081 0.980787 0
    outer loop
      vertex -0.652631 4.95722 0
      vertex -1.2941 4.82963 34
      vertex -0.652631 4.95722 34
    endloop
  endfacet
  facet normal -0.195081 0.980787 0
    outer loop
      vertex -1.2941 4.82963 34
      vertex -0.652631 4.95722 0
      vertex -1.2941 4.82963 0
    endloop
  endfacet
  facet normal 0.75183 0.659357 0
    outer loop
      vertex 3.96677 3.04381 34
      vertex 3.53553 3.53553 0
      vertex 3.53553 3.53553 34
    endloop
  endfacet
  facet normal 0.75183 0.659357 0
    outer loop
      vertex 3.53553 3.53553 0
      vertex 3.96677 3.04381 34
      vertex 3.96677 3.04381 0
    endloop
  endfacet
  facet normal 0.195081 0.980787 -0
    outer loop
      vertex 1.2941 4.82963 0
      vertex 0.652631 4.95722 34
      vertex 1.2941 4.82963 34
    endloop
  endfacet
  facet normal 0.195081 0.980787 0
    outer loop
      vertex 0.652631 4.95722 34
      vertex 1.2941 4.82963 0
      vertex 0.652631 4.95722 0
    endloop
  endfacet
  facet normal 0.75183 -0.659357 0
    outer loop
      vertex 3.53553 -3.53553 34
      vertex 3.96677 -3.04381 0
      vertex 3.96677 -3.04381 34
    endloop
  endfacet
  facet normal 0.75183 -0.659357 0
    outer loop
      vertex 3.96677 -3.04381 0
      vertex 3.53553 -3.53553 34
      vertex 3.53553 -3.53553 0
    endloop
  endfacet
  facet normal -0.44229 -0.896872 0
    outer loop
      vertex -2.5 -4.33013 0
      vertex -1.91342 -4.6194 34
      vertex -2.5 -4.33013 34
    endloop
  endfacet
  facet normal -0.44229 -0.896872 -0
    outer loop
      vertex -1.91342 -4.6194 34
      vertex -2.5 -4.33013 0
      vertex -1.91342 -4.6194 0
    endloop
  endfacet
  facet normal -0.0654097 0.997858 0
    outer loop
      vertex 0 5 0
      vertex -0.652631 4.95722 34
      vertex 0 5 34
    endloop
  endfacet
  facet normal -0.0654097 0.997858 0
    outer loop
      vertex -0.652631 4.95722 34
      vertex 0 5 0
      vertex -0.652631 4.95722 0
    endloop
  endfacet
  facet normal -0.980787 0.195081 0
    outer loop
      vertex -4.95722 0.652631 0
      vertex -4.82963 1.2941 34
      vertex -4.82963 1.2941 0
    endloop
  endfacet
  facet normal -0.980787 0.195081 0
    outer loop
      vertex -4.82963 1.2941 34
      vertex -4.95722 0.652631 0
      vertex -4.95722 0.652631 34
    endloop
  endfacet
  facet normal 0.0654097 -0.997858 0
    outer loop
      vertex 0 -5 0
      vertex 0.652631 -4.95722 34
      vertex 0 -5 34
    endloop
  endfacet
  facet normal 0.0654097 -0.997858 0
    outer loop
      vertex 0.652631 -4.95722 34
      vertex 0 -5 0
      vertex 0.652631 -4.95722 0
    endloop
  endfacet
  facet normal 0.44229 -0.896872 0
    outer loop
      vertex 1.91342 -4.6194 0
      vertex 2.5 -4.33013 34
      vertex 1.91342 -4.6194 34
    endloop
  endfacet
  facet normal 0.44229 -0.896872 0
    outer loop
      vertex 2.5 -4.33013 34
      vertex 1.91342 -4.6194 0
      vertex 2.5 -4.33013 0
    endloop
  endfacet
  facet normal 0.659357 -0.75183 0
    outer loop
      vertex 3.04381 -3.96677 0
      vertex 3.53553 -3.53553 34
      vertex 3.04381 -3.96677 34
    endloop
  endfacet
  facet normal 0.659357 -0.75183 0
    outer loop
      vertex 3.53553 -3.53553 34
      vertex 3.04381 -3.96677 0
      vertex 3.53553 -3.53553 0
    endloop
  endfacet
  facet normal -0.896872 -0.44229 0
    outer loop
      vertex -4.33013 -2.5 0
      vertex -4.6194 -1.91342 34
      vertex -4.6194 -1.91342 0
    endloop
  endfacet
  facet normal -0.896872 -0.44229 0
    outer loop
      vertex -4.6194 -1.91342 34
      vertex -4.33013 -2.5 0
      vertex -4.33013 -2.5 34
    endloop
  endfacet
  facet normal 0.896872 -0.44229 0
    outer loop
      vertex 4.33013 -2.5 34
      vertex 4.6194 -1.91342 0
      vertex 4.6194 -1.91342 34
    endloop
  endfacet
  facet normal 0.896872 -0.44229 0
    outer loop
      vertex 4.6194 -1.91342 0
      vertex 4.33013 -2.5 34
      vertex 4.33013 -2.5 0
    endloop
  endfacet
  facet normal 0.659357 0.75183 -0
    outer loop
      vertex 3.53553 3.53553 0
      vertex 3.04381 3.96677 34
      vertex 3.53553 3.53553 34
    endloop
  endfacet
  facet normal 0.659357 0.75183 0
    outer loop
      vertex 3.04381 3.96677 34
      vertex 3.53553 3.53553 0
      vertex 3.04381 3.96677 0
    endloop
  endfacet
  facet normal 0.997858 -0.0654097 0
    outer loop
      vertex 4.95722 -0.652631 34
      vertex 5 0 0
      vertex 5 0 34
    endloop
  endfacet
  facet normal 0.997858 -0.0654097 0
    outer loop
      vertex 5 0 0
      vertex 4.95722 -0.652631 34
      vertex 4.95722 -0.652631 0
    endloop
  endfacet
  facet normal -0.555568 -0.831471 0
    outer loop
      vertex -3.04381 -3.96677 0
      vertex -2.5 -4.33013 34
      vertex -3.04381 -3.96677 34
    endloop
  endfacet
  facet normal -0.555568 -0.831471 -0
    outer loop
      vertex -2.5 -4.33013 34
      vertex -3.04381 -3.96677 0
      vertex -2.5 -4.33013 0
    endloop
  endfacet
  facet normal 0.896872 0.44229 0
    outer loop
      vertex 4.6194 1.91342 34
      vertex 4.33013 2.5 0
      vertex 4.33013 2.5 34
    endloop
  endfacet
  facet normal 0.896872 0.44229 0
    outer loop
      vertex 4.33013 2.5 0
      vertex 4.6194 1.91342 34
      vertex 4.6194 1.91342 0
    endloop
  endfacet
  facet normal 0.980787 -0.195081 0
    outer loop
      vertex 4.82963 -1.2941 34
      vertex 4.95722 -0.652631 0
      vertex 4.95722 -0.652631 34
    endloop
  endfacet
  facet normal 0.980787 -0.195081 0
    outer loop
      vertex 4.95722 -0.652631 0
      vertex 4.82963 -1.2941 34
      vertex 4.82963 -1.2941 0
    endloop
  endfacet
  facet normal 0.946931 0.321438 0
    outer loop
      vertex 4.82963 1.2941 34
      vertex 4.6194 1.91342 0
      vertex 4.6194 1.91342 34
    endloop
  endfacet
  facet normal 0.946931 0.321438 0
    outer loop
      vertex 4.6194 1.91342 0
      vertex 4.82963 1.2941 34
      vertex 4.82963 1.2941 0
    endloop
  endfacet
  facet normal 0 0 -1
    outer loop
      vertex 1.65 0 0
      vertex 5 0 0
      vertex 4.95722 -0.652631 0
    endloop
  endfacet
  facet normal 0 0 -1
    outer loop
      vertex 1.63588 -0.215367 0
      vertex 4.95722 -0.652631 0
      vertex 4.82963 -1.2941 0
    endloop
  endfacet
  facet normal 0 0 -1
    outer loop
      vertex 5 0 0
      vertex 1.65 0 0
      vertex 4.95722 0.652631 0
    endloop
  endfacet
  facet normal 0 0 -1
    outer loop
      vertex 1.59378 -0.427051 0
      vertex 4.82963 -1.2941 0
      vertex 4.6194 -1.91342 0
    endloop
  endfacet
  facet normal 0 0 -1
    outer loop
      vertex 1.63588 0.215367 0
      vertex 4.95722 0.652631 0
      vertex 1.65 0 0
    endloop
  endfacet
  facet normal 0 0 -1
    outer loop
      vertex 1.5244 -0.631427 0
      vertex 4.6194 -1.91342 0
      vertex 4.33013 -2.5 0
    endloop
  endfacet
  facet normal -0 0 -1
    outer loop
      vertex 4.95722 0.652631 0
      vertex 1.63588 0.215367 0
      vertex 4.82963 1.2941 0
    endloop
  endfacet
  facet normal 0 0 -1
    outer loop
      vertex 1.42894 -0.825 0
      vertex 4.33013 -2.5 0
      vertex 3.96677 -3.04381 0
    endloop
  endfacet
  facet normal 0 0 -1
    outer loop
      vertex 1.59378 0.427051 0
      vertex 4.82963 1.2941 0
      vertex 1.63588 0.215367 0
    endloop
  endfacet
  facet normal 0 0 -1
    outer loop
      vertex 1.30903 -1.00446 0
      vertex 3.96677 -3.04381 0
      vertex 3.53553 -3.53553 0
    endloop
  endfacet
  facet normal -0 0 -1
    outer loop
      vertex 4.82963 1.2941 0
      vertex 1.59378 0.427051 0
      vertex 4.6194 1.91342 0
    endloop
  endfacet
  facet normal 0 0 -1
    outer loop
      vertex 1.16673 -1.16673 0
      vertex 3.53553 -3.53553 0
      vertex 3.04381 -3.96677 0
    endloop
  endfacet
  facet normal 0 0 -1
    outer loop
      vertex 1.5244 0.631427 0
      vertex 4.6194 1.91342 0
      vertex 1.59378 0.427051 0
    endloop
  endfacet
  facet normal 0 0 -1
    outer loop
      vertex 1.00446 -1.30903 0
      vertex 3.04381 -3.96677 0
      vertex 2.5 -4.33013 0
    endloop
  endfacet
  facet normal -0 0 -1
    outer loop
      vertex 4.6194 1.91342 0
      vertex 1.5244 0.631427 0
      vertex 4.33013 2.5 0
    endloop
  endfacet
  facet normal 0 0 -1
    outer loop
      vertex 0.825 -1.42894 0
      vertex 2.5 -4.33013 0
      vertex 1.91342 -4.6194 0
    endloop
  endfacet
  facet normal 0 0 -1
    outer loop
      vertex 1.42894 0.825 0
      vertex 4.33013 2.5 0
      vertex 1.5244 0.631427 0
    endloop
  endfacet
  facet normal -0 0 -1
    outer loop
      vertex 4.33013 2.5 0
      vertex 1.42894 0.825 0
      vertex 3.96677 3.04381 0
    endloop
  endfacet
  facet normal 0 0 -1
    outer loop
      vertex 4.95722 -0.652631 0
      vertex 1.63588 -0.215367 0
      vertex 1.65 0 0
    endloop
  endfacet
  facet normal 0 0 -1
    outer loop
      vertex 4.82963 -1.2941 0
      vertex 1.59378 -0.427051 0
      vertex 1.63588 -0.215367 0
    endloop
  endfacet
  facet normal 0 0 -1
    outer loop
      vertex 4.6194 -1.91342 0
      vertex 1.5244 -0.631427 0
      vertex 1.59378 -0.427051 0
    endloop
  endfacet
  facet normal 0 0 -1
    outer loop
      vertex 4.33013 -2.5 0
      vertex 1.42894 -0.825 0
      vertex 1.5244 -0.631427 0
    endloop
  endfacet
  facet normal 0 0 -1
    outer loop
      vertex 3.96677 -3.04381 0
      vertex 1.30903 -1.00446 0
      vertex 1.42894 -0.825 0
    endloop
  endfacet
  facet normal 0 0 -1
    outer loop
      vertex 0.631427 -1.5244 0
      vertex 1.91342 -4.6194 0
      vertex 1.2941 -4.82963 0
    endloop
  endfacet
  facet normal 0 0 -1
    outer loop
      vertex 3.53553 -3.53553 0
      vertex 1.16673 -1.16673 0
      vertex 1.30903 -1.00446 0
    endloop
  endfacet
  facet normal 0 0 -1
    outer loop
      vertex 3.04381 -3.96677 0
      vertex 1.00446 -1.30903 0
      vertex 1.16673 -1.16673 0
    endloop
  endfacet
  facet normal 0 0 -1
    outer loop
      vertex 2.5 -4.33013 0
      vertex 0.825 -1.42894 0
      vertex 1.00446 -1.30903 0
    endloop
  endfacet
  facet normal 0 0 -1
    outer loop
      vertex 0.427051 -1.59378 0
      vertex 1.2941 -4.82963 0
      vertex 0.652631 -4.95722 0
    endloop
  endfacet
  facet normal 0 0 -1
    outer loop
      vertex 1.91342 -4.6194 0
      vertex 0.631427 -1.5244 0
      vertex 0.825 -1.42894 0
    endloop
  endfacet
  facet normal 0 0 -1
    outer loop
      vertex 1.2941 -4.82963 0
      vertex 0.427051 -1.59378 0
      vertex 0.631427 -1.5244 0
    endloop
  endfacet
  facet normal 0 0 -1
    outer loop
      vertex 0.652631 -4.95722 0
      vertex 0.215367 -1.63588 0
      vertex 0.427051 -1.59378 0
    endloop
  endfacet
  facet normal 0 0 -1
    outer loop
      vertex 0 -5 0
      vertex 0.215367 -1.63588 0
      vertex 0.652631 -4.95722 0
    endloop
  endfacet
  facet normal 0 0 -1
    outer loop
      vertex 0 -5 0
      vertex 0 -1.65 0
      vertex 0.215367 -1.63588 0
    endloop
  endfacet
  facet normal 0 0 -1
    outer loop
      vertex 0 -5 0
      vertex -0.215367 -1.63588 0
      vertex 0 -1.65 0
    endloop
  endfacet
  facet normal 0 0 -1
    outer loop
      vertex -0.652631 -4.95722 0
      vertex -0.215367 -1.63588 0
      vertex 0 -5 0
    endloop
  endfacet
  facet normal -0 0 -1
    outer loop
      vertex -0.215367 -1.63588 0
      vertex -0.652631 -4.95722 0
      vertex -0.427051 -1.59378 0
    endloop
  endfacet
  facet normal 0 0 -1
    outer loop
      vertex -1.2941 -4.82963 0
      vertex -0.427051 -1.59378 0
      vertex -0.652631 -4.95722 0
    endloop
  endfacet
  facet normal -0 0 -1
    outer loop
      vertex -0.427051 -1.59378 0
      vertex -1.2941 -4.82963 0
      vertex -0.631427 -1.5244 0
    endloop
  endfacet
  facet normal 0 0 -1
    outer loop
      vertex -1.91342 -4.6194 0
      vertex -0.631427 -1.5244 0
      vertex -1.2941 -4.82963 0
    endloop
  endfacet
  facet normal -0 0 -1
    outer loop
      vertex -0.631427 -1.5244 0
      vertex -1.91342 -4.6194 0
      vertex -0.825 -1.42894 0
    endloop
  endfacet
  facet normal 0 0 -1
    outer loop
      vertex -2.5 -4.33013 0
      vertex -0.825 -1.42894 0
      vertex -1.91342 -4.6194 0
    endloop
  endfacet
  facet normal -0 0 -1
    outer loop
      vertex -0.825 -1.42894 0
      vertex -2.5 -4.33013 0
      vertex -1.00446 -1.30903 0
    endloop
  endfacet
  facet normal 0 0 -1
    outer loop
      vertex -3.04381 -3.96677 0
      vertex -1.00446 -1.30903 0
      vertex -2.5 -4.33013 0
    endloop
  endfacet
  facet normal -0 0 -1
    outer loop
      vertex -1.00446 -1.30903 0
      vertex -3.04381 -3.96677 0
      vertex -1.16673 -1.16673 0
    endloop
  endfacet
  facet normal 0 0 -1
    outer loop
      vertex -3.53553 -3.53553 0
      vertex -1.16673 -1.16673 0
      vertex -3.04381 -3.96677 0
    endloop
  endfacet
  facet normal -0 0 -1
    outer loop
      vertex -1.16673 -1.16673 0
      vertex -3.53553 -3.53553 0
      vertex -1.30903 -1.00446 0
    endloop
  endfacet
  facet normal -0 0 -1
    outer loop
      vertex -1.30903 -1.00446 0
      vertex -3.96677 -3.04381 0
      vertex -1.42894 -0.825 0
    endloop
  endfacet
  facet normal 0 0 -1
    outer loop
      vertex -3.96677 -3.04381 0
      vertex -1.30903 -1.00446 0
      vertex -3.53553 -3.53553 0
    endloop
  endfacet
  facet normal 0 0 -1
    outer loop
      vertex 1.30903 1.00446 0
      vertex 3.96677 3.04381 0
      vertex 1.42894 0.825 0
    endloop
  endfacet
  facet normal -0 0 -1
    outer loop
      vertex 3.96677 3.04381 0
      vertex 1.30903 1.00446 0
      vertex 3.53553 3.53553 0
    endloop
  endfacet
  facet normal 0 0 -1
    outer loop
      vertex 1.16673 1.16673 0
      vertex 3.53553 3.53553 0
      vertex 1.30903 1.00446 0
    endloop
  endfacet
  facet normal -0 0 -1
    outer loop
      vertex 3.53553 3.53553 0
      vertex 1.16673 1.16673 0
      vertex 3.04381 3.96677 0
    endloop
  endfacet
  facet normal 0 0 -1
    outer loop
      vertex 1.00446 1.30903 0
      vertex 3.04381 3.96677 0
      vertex 1.16673 1.16673 0
    endloop
  endfacet
  facet normal -0 0 -1
    outer loop
      vertex 3.04381 3.96677 0
      vertex 1.00446 1.30903 0
      vertex 2.5 4.33013 0
    endloop
  endfacet
  facet normal 0 0 -1
    outer loop
      vertex 0.825 1.42894 0
      vertex 2.5 4.33013 0
      vertex 1.00446 1.30903 0
    endloop
  endfacet
  facet normal -0 0 -1
    outer loop
      vertex 2.5 4.33013 0
      vertex 0.825 1.42894 0
      vertex 1.91342 4.6194 0
    endloop
  endfacet
  facet normal 0 0 -1
    outer loop
      vertex 0.631427 1.5244 0
      vertex 1.91342 4.6194 0
      vertex 0.825 1.42894 0
    endloop
  endfacet
  facet normal -0 0 -1
    outer loop
      vertex 1.91342 4.6194 0
      vertex 0.631427 1.5244 0
      vertex 1.2941 4.82963 0
    endloop
  endfacet
  facet normal 0 0 -1
    outer loop
      vertex 0.427051 1.59378 0
      vertex 1.2941 4.82963 0
      vertex 0.631427 1.5244 0
    endloop
  endfacet
  facet normal -0 0 -1
    outer loop
      vertex 1.2941 4.82963 0
      vertex 0.427051 1.59378 0
      vertex 0.652631 4.95722 0
    endloop
  endfacet
  facet normal 0 0 -1
    outer loop
      vertex 0.215367 1.63588 0
      vertex 0.652631 4.95722 0
      vertex 0.427051 1.59378 0
    endloop
  endfacet
  facet normal 0 0 -1
    outer loop
      vertex 0 1.65 0
      vertex 0.652631 4.95722 0
      vertex 0.215367 1.63588 0
    endloop
  endfacet
  facet normal 0 0 -1
    outer loop
      vertex 0 1.65 0
      vertex 0 5 0
      vertex 0.652631 4.95722 0
    endloop
  endfacet
  facet normal 0 0 -1
    outer loop
      vertex -0.215367 1.63588 0
      vertex 0 5 0
      vertex 0 1.65 0
    endloop
  endfacet
  facet normal 0 0 -1
    outer loop
      vertex -0.652631 4.95722 0
      vertex -0.215367 1.63588 0
      vertex -0.427051 1.59378 0
    endloop
  endfacet
  facet normal 0 0 -1
    outer loop
      vertex -1.2941 4.82963 0
      vertex -0.427051 1.59378 0
      vertex -0.631427 1.5244 0
    endloop
  endfacet
  facet normal 0 0 -1
    outer loop
      vertex -0.215367 1.63588 0
      vertex -0.652631 4.95722 0
      vertex 0 5 0
    endloop
  endfacet
  facet normal 0 0 -1
    outer loop
      vertex -1.91342 4.6194 0
      vertex -0.631427 1.5244 0
      vertex -0.825 1.42894 0
    endloop
  endfacet
  facet normal 0 0 -1
    outer loop
      vertex -2.5 4.33013 0
      vertex -0.825 1.42894 0
      vertex -1.00446 1.30903 0
    endloop
  endfacet
  facet normal 0 0 -1
    outer loop
      vertex -3.04381 3.96677 0
      vertex -1.00446 1.30903 0
      vertex -1.16673 1.16673 0
    endloop
  endfacet
  facet normal 0 0 -1
    outer loop
      vertex -0.427051 1.59378 0
      vertex -1.2941 4.82963 0
      vertex -0.652631 4.95722 0
    endloop
  endfacet
  facet normal 0 0 -1
    outer loop
      vertex -3.53553 3.53553 0
      vertex -1.16673 1.16673 0
      vertex -1.30903 1.00446 0
    endloop
  endfacet
  facet normal 0 0 -1
    outer loop
      vertex -3.96677 3.04381 0
      vertex -1.30903 1.00446 0
      vertex -1.42894 0.825 0
    endloop
  endfacet
  facet normal 0 0 -1
    outer loop
      vertex -4.33013 2.5 0
      vertex -1.42894 0.825 0
      vertex -1.5244 0.631427 0
    endloop
  endfacet
  facet normal 0 0 -1
    outer loop
      vertex -4.6194 1.91342 0
      vertex -1.5244 0.631427 0
      vertex -1.59378 0.427051 0
    endloop
  endfacet
  facet normal 0 0 -1
    outer loop
      vertex -4.82963 1.2941 0
      vertex -1.59378 0.427051 0
      vertex -1.63588 0.215367 0
    endloop
  endfacet
  facet normal 0 0 -1
    outer loop
      vertex -0.631427 1.5244 0
      vertex -1.91342 4.6194 0
      vertex -1.2941 4.82963 0
    endloop
  endfacet
  facet normal 0 0 -1
    outer loop
      vertex -4.95722 0.652631 0
      vertex -1.63588 0.215367 0
      vertex -1.65 0 0
    endloop
  endfacet
  facet normal 0 0 -1
    outer loop
      vertex -4.33013 -2.5 0
      vertex -1.42894 -0.825 0
      vertex -3.96677 -3.04381 0
    endloop
  endfacet
  facet normal -0 0 -1
    outer loop
      vertex -1.42894 -0.825 0
      vertex -4.33013 -2.5 0
      vertex -1.5244 -0.631427 0
    endloop
  endfacet
  facet normal 0 0 -1
    outer loop
      vertex -0.825 1.42894 0
      vertex -2.5 4.33013 0
      vertex -1.91342 4.6194 0
    endloop
  endfacet
  facet normal 0 0 -1
    outer loop
      vertex -4.6194 -1.91342 0
      vertex -1.5244 -0.631427 0
      vertex -4.33013 -2.5 0
    endloop
  endfacet
  facet normal 0 0 -1
    outer loop
      vertex -1.00446 1.30903 0
      vertex -3.04381 3.96677 0
      vertex -2.5 4.33013 0
    endloop
  endfacet
  facet normal -0 0 -1
    outer loop
      vertex -1.5244 -0.631427 0
      vertex -4.6194 -1.91342 0
      vertex -1.59378 -0.427051 0
    endloop
  endfacet
  facet normal 0 0 -1
    outer loop
      vertex -1.16673 1.16673 0
      vertex -3.53553 3.53553 0
      vertex -3.04381 3.96677 0
    endloop
  endfacet
  facet normal 0 0 -1
    outer loop
      vertex -4.82963 -1.2941 0
      vertex -1.59378 -0.427051 0
      vertex -4.6194 -1.91342 0
    endloop
  endfacet
  facet normal 0 0 -1
    outer loop
      vertex -1.30903 1.00446 0
      vertex -3.96677 3.04381 0
      vertex -3.53553 3.53553 0
    endloop
  endfacet
  facet normal -0 0 -1
    outer loop
      vertex -1.59378 -0.427051 0
      vertex -4.82963 -1.2941 0
      vertex -1.63588 -0.215367 0
    endloop
  endfacet
  facet normal 0 0 -1
    outer loop
      vertex -1.42894 0.825 0
      vertex -4.33013 2.5 0
      vertex -3.96677 3.04381 0
    endloop
  endfacet
  facet normal 0 0 -1
    outer loop
      vertex -4.95722 -0.652631 0
      vertex -1.63588 -0.215367 0
      vertex -4.82963 -1.2941 0
    endloop
  endfacet
  facet normal 0 0 -1
    outer loop
      vertex -1.5244 0.631427 0
      vertex -4.6194 1.91342 0
      vertex -4.33013 2.5 0
    endloop
  endfacet
  facet normal -0 0 -1
    outer loop
      vertex -1.63588 -0.215367 0
      vertex -4.95722 -0.652631 0
      vertex -1.65 0 0
    endloop
  endfacet
  facet normal 0 0 -1
    outer loop
      vertex -1.59378 0.427051 0
      vertex -4.82963 1.2941 0
      vertex -4.6194 1.91342 0
    endloop
  endfacet
  facet normal 0 0 -1
    outer loop
      vertex -5 0 0
      vertex -1.65 0 0
      vertex -4.95722 -0.652631 0
    endloop
  endfacet
  facet normal 0 0 -1
    outer loop
      vertex -1.63588 0.215367 0
      vertex -4.95722 0.652631 0
      vertex -4.82963 1.2941 0
    endloop
  endfacet
  facet normal 0 0 -1
    outer loop
      vertex -1.65 0 0
      vertex -5 0 0
      vertex -4.95722 0.652631 0
    endloop
  endfacet
  facet normal -0.980787 -0.195081 0
    outer loop
      vertex -4.82963 -1.2941 0
      vertex -4.95722 -0.652631 34
      vertex -4.95722 -0.652631 0
    endloop
  endfacet
  facet normal -0.980787 -0.195081 0
    outer loop
      vertex -4.95722 -0.652631 34
      vertex -4.82963 -1.2941 0
      vertex -4.82963 -1.2941 34
    endloop
  endfacet
  facet normal -0.75183 -0.659357 0
    outer loop
      vertex -3.53553 -3.53553 0
      vertex -3.96677 -3.04381 34
      vertex -3.96677 -3.04381 0
    endloop
  endfacet
  facet normal -0.75183 -0.659357 0
    outer loop
      vertex -3.96677 -3.04381 34
      vertex -3.53553 -3.53553 0
      vertex -3.53553 -3.53553 34
    endloop
  endfacet
  facet normal 0 0 1
    outer loop
      vertex 1.65 0 34
      vertex 5 0 34
      vertex 4.95722 0.652631 34
    endloop
  endfacet
  facet normal 0 0 1
    outer loop
      vertex 1.63588 0.215367 34
      vertex 4.95722 0.652631 34
      vertex 4.82963 1.2941 34
    endloop
  endfacet
  facet normal 0 0 1
    outer loop
      vertex 5 0 34
      vertex 1.65 0 34
      vertex 4.95722 -0.652631 34
    endloop
  endfacet
  facet normal 0 0 1
    outer loop
      vertex 1.59378 0.427051 34
      vertex 4.82963 1.2941 34
      vertex 4.6194 1.91342 34
    endloop
  endfacet
  facet normal -0 0 1
    outer loop
      vertex 1.63588 -0.215367 34
      vertex 4.95722 -0.652631 34
      vertex 1.65 0 34
    endloop
  endfacet
  facet normal 0 0 1
    outer loop
      vertex 1.5244 0.631427 34
      vertex 4.6194 1.91342 34
      vertex 4.33013 2.5 34
    endloop
  endfacet
  facet normal 0 0 1
    outer loop
      vertex 4.95722 -0.652631 34
      vertex 1.63588 -0.215367 34
      vertex 4.82963 -1.2941 34
    endloop
  endfacet
  facet normal 0 0 1
    outer loop
      vertex 1.42894 0.825 34
      vertex 4.33013 2.5 34
      vertex 3.96677 3.04381 34
    endloop
  endfacet
  facet normal -0 0 1
    outer loop
      vertex 1.59378 -0.427051 34
      vertex 4.82963 -1.2941 34
      vertex 1.63588 -0.215367 34
    endloop
  endfacet
  facet normal 0 0 1
    outer loop
      vertex 1.30903 1.00446 34
      vertex 3.96677 3.04381 34
      vertex 3.53553 3.53553 34
    endloop
  endfacet
  facet normal 0 0 1
    outer loop
      vertex 4.82963 -1.2941 34
      vertex 1.59378 -0.427051 34
      vertex 4.6194 -1.91342 34
    endloop
  endfacet
  facet normal 0 0 1
    outer loop
      vertex 1.16673 1.16673 34
      vertex 3.53553 3.53553 34
      vertex 3.04381 3.96677 34
    endloop
  endfacet
  facet normal -0 0 1
    outer loop
      vertex 1.5244 -0.631427 34
      vertex 4.6194 -1.91342 34
      vertex 1.59378 -0.427051 34
    endloop
  endfacet
  facet normal 0 0 1
    outer loop
      vertex 1.00446 1.30903 34
      vertex 3.04381 3.96677 34
      vertex 2.5 4.33013 34
    endloop
  endfacet
  facet normal 0 0 1
    outer loop
      vertex 4.6194 -1.91342 34
      vertex 1.5244 -0.631427 34
      vertex 4.33013 -2.5 34
    endloop
  endfacet
  facet normal 0 0 1
    outer loop
      vertex 0.825 1.42894 34
      vertex 2.5 4.33013 34
      vertex 1.91342 4.6194 34
    endloop
  endfacet
  facet normal -0 0 1
    outer loop
      vertex 1.42894 -0.825 34
      vertex 4.33013 -2.5 34
      vertex 1.5244 -0.631427 34
    endloop
  endfacet
  facet normal 0 0 1
    outer loop
      vertex 4.33013 -2.5 34
      vertex 1.42894 -0.825 34
      vertex 3.96677 -3.04381 34
    endloop
  endfacet
  facet normal 0 0 1
    outer loop
      vertex 4.95722 0.652631 34
      vertex 1.63588 0.215367 34
      vertex 1.65 0 34
    endloop
  endfacet
  facet normal 0 0 1
    outer loop
      vertex 4.82963 1.2941 34
      vertex 1.59378 0.427051 34
      vertex 1.63588 0.215367 34
    endloop
  endfacet
  facet normal 0 0 1
    outer loop
      vertex 4.6194 1.91342 34
      vertex 1.5244 0.631427 34
      vertex 1.59378 0.427051 34
    endloop
  endfacet
  facet normal 0 0 1
    outer loop
      vertex 4.33013 2.5 34
      vertex 1.42894 0.825 34
      vertex 1.5244 0.631427 34
    endloop
  endfacet
  facet normal 0 0 1
    outer loop
      vertex 3.96677 3.04381 34
      vertex 1.30903 1.00446 34
      vertex 1.42894 0.825 34
    endloop
  endfacet
  facet normal 0 0 1
    outer loop
      vertex 0.631427 1.5244 34
      vertex 1.91342 4.6194 34
      vertex 1.2941 4.82963 34
    endloop
  endfacet
  facet normal 0 0 1
    outer loop
      vertex 3.53553 3.53553 34
      vertex 1.16673 1.16673 34
      vertex 1.30903 1.00446 34
    endloop
  endfacet
  facet normal 0 0 1
    outer loop
      vertex 3.04381 3.96677 34
      vertex 1.00446 1.30903 34
      vertex 1.16673 1.16673 34
    endloop
  endfacet
  facet normal 0 0 1
    outer loop
      vertex 2.5 4.33013 34
      vertex 0.825 1.42894 34
      vertex 1.00446 1.30903 34
    endloop
  endfacet
  facet normal 0 0 1
    outer loop
      vertex 0.427051 1.59378 34
      vertex 1.2941 4.82963 34
      vertex 0.652631 4.95722 34
    endloop
  endfacet
  facet normal 0 0 1
    outer loop
      vertex 1.91342 4.6194 34
      vertex 0.631427 1.5244 34
      vertex 0.825 1.42894 34
    endloop
  endfacet
  facet normal 0 0 1
    outer loop
      vertex 1.2941 4.82963 34
      vertex 0.427051 1.59378 34
      vertex 0.631427 1.5244 34
    endloop
  endfacet
  facet normal 0 0 1
    outer loop
      vertex 0.652631 4.95722 34
      vertex 0.215367 1.63588 34
      vertex 0.427051 1.59378 34
    endloop
  endfacet
  facet normal 0 0 1
    outer loop
      vertex 0 5 34
      vertex 0.215367 1.63588 34
      vertex 0.652631 4.95722 34
    endloop
  endfacet
  facet normal 0 0 1
    outer loop
      vertex 0 5 34
      vertex 0 1.65 34
      vertex 0.215367 1.63588 34
    endloop
  endfacet
  facet normal 0 0 1
    outer loop
      vertex 0 5 34
      vertex -0.215367 1.63588 34
      vertex 0 1.65 34
    endloop
  endfacet
  facet normal -0 0 1
    outer loop
      vertex -0.652631 4.95722 34
      vertex -0.215367 1.63588 34
      vertex 0 5 34
    endloop
  endfacet
  facet normal 0 0 1
    outer loop
      vertex -0.215367 1.63588 34
      vertex -0.652631 4.95722 34
      vertex -0.427051 1.59378 34
    endloop
  endfacet
  facet normal -0 0 1
    outer loop
      vertex -1.2941 4.82963 34
      vertex -0.427051 1.59378 34
      vertex -0.652631 4.95722 34
    endloop
  endfacet
  facet normal 0 0 1
    outer loop
      vertex -0.427051 1.59378 34
      vertex -1.2941 4.82963 34
      vertex -0.631427 1.5244 34
    endloop
  endfacet
  facet normal -0 0 1
    outer loop
      vertex -1.91342 4.6194 34
      vertex -0.631427 1.5244 34
      vertex -1.2941 4.82963 34
    endloop
  endfacet
  facet normal 0 0 1
    outer loop
      vertex -0.631427 1.5244 34
      vertex -1.91342 4.6194 34
      vertex -0.825 1.42894 34
    endloop
  endfacet
  facet normal -0 0 1
    outer loop
      vertex -2.5 4.33013 34
      vertex -0.825 1.42894 34
      vertex -1.91342 4.6194 34
    endloop
  endfacet
  facet normal 0 0 1
    outer loop
      vertex -0.825 1.42894 34
      vertex -2.5 4.33013 34
      vertex -1.00446 1.30903 34
    endloop
  endfacet
  facet normal -0 0 1
    outer loop
      vertex -3.04381 3.96677 34
      vertex -1.00446 1.30903 34
      vertex -2.5 4.33013 34
    endloop
  endfacet
  facet normal 0 0 1
    outer loop
      vertex -1.00446 1.30903 34
      vertex -3.04381 3.96677 34
      vertex -1.16673 1.16673 34
    endloop
  endfacet
  facet normal -0 0 1
    outer loop
      vertex -3.53553 3.53553 34
      vertex -1.16673 1.16673 34
      vertex -3.04381 3.96677 34
    endloop
  endfacet
  facet normal 0 0 1
    outer loop
      vertex -1.16673 1.16673 34
      vertex -3.53553 3.53553 34
      vertex -1.30903 1.00446 34
    endloop
  endfacet
  facet normal 0 0 1
    outer loop
      vertex -1.30903 1.00446 34
      vertex -3.96677 3.04381 34
      vertex -1.42894 0.825 34
    endloop
  endfacet
  facet normal -0 0 1
    outer loop
      vertex -3.96677 3.04381 34
      vertex -1.30903 1.00446 34
      vertex -3.53553 3.53553 34
    endloop
  endfacet
  facet normal -0 0 1
    outer loop
      vertex 1.30903 -1.00446 34
      vertex 3.96677 -3.04381 34
      vertex 1.42894 -0.825 34
    endloop
  endfacet
  facet normal 0 0 1
    outer loop
      vertex 3.96677 -3.04381 34
      vertex 1.30903 -1.00446 34
      vertex 3.53553 -3.53553 34
    endloop
  endfacet
  facet normal -0 0 1
    outer loop
      vertex 1.16673 -1.16673 34
      vertex 3.53553 -3.53553 34
      vertex 1.30903 -1.00446 34
    endloop
  endfacet
  facet normal 0 0 1
    outer loop
      vertex 3.53553 -3.53553 34
      vertex 1.16673 -1.16673 34
      vertex 3.04381 -3.96677 34
    endloop
  endfacet
  facet normal -0 0 1
    outer loop
      vertex 1.00446 -1.30903 34
      vertex 3.04381 -3.96677 34
      vertex 1.16673 -1.16673 34
    endloop
  endfacet
  facet normal 0 0 1
    outer loop
      vertex 3.04381 -3.96677 34
      vertex 1.00446 -1.30903 34
      vertex 2.5 -4.33013 34
    endloop
  endfacet
  facet normal -0 0 1
    outer loop
      vertex 0.825 -1.42894 34
      vertex 2.5 -4.33013 34
      vertex 1.00446 -1.30903 34
    endloop
  endfacet
  facet normal 0 0 1
    outer loop
      vertex 2.5 -4.33013 34
      vertex 0.825 -1.42894 34
      vertex 1.91342 -4.6194 34
    endloop
  endfacet
  facet normal -0 0 1
    outer loop
      vertex 0.631427 -1.5244 34
      vertex 1.91342 -4.6194 34
      vertex 0.825 -1.42894 34
    endloop
  endfacet
  facet normal 0 0 1
    outer loop
      vertex 1.91342 -4.6194 34
      vertex 0.631427 -1.5244 34
      vertex 1.2941 -4.82963 34
    endloop
  endfacet
  facet normal -0 0 1
    outer loop
      vertex 0.427051 -1.59378 34
      vertex 1.2941 -4.82963 34
      vertex 0.631427 -1.5244 34
    endloop
  endfacet
  facet normal 0 0 1
    outer loop
      vertex 1.2941 -4.82963 34
      vertex 0.427051 -1.59378 34
      vertex 0.652631 -4.95722 34
    endloop
  endfacet
  facet normal -0 0 1
    outer loop
      vertex 0.215367 -1.63588 34
      vertex 0.652631 -4.95722 34
      vertex 0.427051 -1.59378 34
    endloop
  endfacet
  facet normal -0 0 1
    outer loop
      vertex 0 -1.65 34
      vertex 0.652631 -4.95722 34
      vertex 0.215367 -1.63588 34
    endloop
  endfacet
  facet normal 0 0 1
    outer loop
      vertex 0 -1.65 34
      vertex 0 -5 34
      vertex 0.652631 -4.95722 34
    endloop
  endfacet
  facet normal 0 0 1
    outer loop
      vertex -0.215367 -1.63588 34
      vertex 0 -5 34
      vertex 0 -1.65 34
    endloop
  endfacet
  facet normal 0 0 1
    outer loop
      vertex -0.652631 -4.95722 34
      vertex -0.215367 -1.63588 34
      vertex -0.427051 -1.59378 34
    endloop
  endfacet
  facet normal 0 0 1
    outer loop
      vertex -1.2941 -4.82963 34
      vertex -0.427051 -1.59378 34
      vertex -0.631427 -1.5244 34
    endloop
  endfacet
  facet normal 0 0 1
    outer loop
      vertex -0.215367 -1.63588 34
      vertex -0.652631 -4.95722 34
      vertex 0 -5 34
    endloop
  endfacet
  facet normal 0 0 1
    outer loop
      vertex -1.91342 -4.6194 34
      vertex -0.631427 -1.5244 34
      vertex -0.825 -1.42894 34
    endloop
  endfacet
  facet normal 0 0 1
    outer loop
      vertex -2.5 -4.33013 34
      vertex -0.825 -1.42894 34
      vertex -1.00446 -1.30903 34
    endloop
  endfacet
  facet normal 0 0 1
    outer loop
      vertex -3.04381 -3.96677 34
      vertex -1.00446 -1.30903 34
      vertex -1.16673 -1.16673 34
    endloop
  endfacet
  facet normal 0 0 1
    outer loop
      vertex -0.427051 -1.59378 34
      vertex -1.2941 -4.82963 34
      vertex -0.652631 -4.95722 34
    endloop
  endfacet
  facet normal 0 0 1
    outer loop
      vertex -3.53553 -3.53553 34
      vertex -1.16673 -1.16673 34
      vertex -1.30903 -1.00446 34
    endloop
  endfacet
  facet normal 0 0 1
    outer loop
      vertex -3.96677 -3.04381 34
      vertex -1.30903 -1.00446 34
      vertex -1.42894 -0.825 34
    endloop
  endfacet
  facet normal 0 0 1
    outer loop
      vertex -4.33013 -2.5 34
      vertex -1.42894 -0.825 34
      vertex -1.5244 -0.631427 34
    endloop
  endfacet
  facet normal 0 0 1
    outer loop
      vertex -4.6194 -1.91342 34
      vertex -1.5244 -0.631427 34
      vertex -1.59378 -0.427051 34
    endloop
  endfacet
  facet normal 0 0 1
    outer loop
      vertex -4.82963 -1.2941 34
      vertex -1.59378 -0.427051 34
      vertex -1.63588 -0.215367 34
    endloop
  endfacet
  facet normal 0 0 1
    outer loop
      vertex -0.631427 -1.5244 34
      vertex -1.91342 -4.6194 34
      vertex -1.2941 -4.82963 34
    endloop
  endfacet
  facet normal 0 0 1
    outer loop
      vertex -4.95722 -0.652631 34
      vertex -1.63588 -0.215367 34
      vertex -1.65 0 34
    endloop
  endfacet
  facet normal -0 0 1
    outer loop
      vertex -4.33013 2.5 34
      vertex -1.42894 0.825 34
      vertex -3.96677 3.04381 34
    endloop
  endfacet
  facet normal 0 0 1
    outer loop
      vertex -1.42894 0.825 34
      vertex -4.33013 2.5 34
      vertex -1.5244 0.631427 34
    endloop
  endfacet
  facet normal 0 0 1
    outer loop
      vertex -0.825 -1.42894 34
      vertex -2.5 -4.33013 34
      vertex -1.91342 -4.6194 34
    endloop
  endfacet
  facet normal -0 0 1
    outer loop
      vertex -4.6194 1.91342 34
      vertex -1.5244 0.631427 34
      vertex -4.33013 2.5 34
    endloop
  endfacet
  facet normal 0 0 1
    outer loop
      vertex -1.00446 -1.30903 34
      vertex -3.04381 -3.96677 34
      vertex -2.5 -4.33013 34
    endloop
  endfacet
  facet normal 0 0 1
    outer loop
      vertex -1.5244 0.631427 34
      vertex -4.6194 1.91342 34
      vertex -1.59378 0.427051 34
    endloop
  endfacet
  facet normal 0 0 1
    outer loop
      vertex -1.16673 -1.16673 34
      vertex -3.53553 -3.53553 34
      vertex -3.04381 -3.96677 34
    endloop
  endfacet
  facet normal -0 0 1
    outer loop
      vertex -4.82963 1.2941 34
      vertex -1.59378 0.427051 34
      vertex -4.6194 1.91342 34
    endloop
  endfacet
  facet normal 0 0 1
    outer loop
      vertex -1.30903 -1.00446 34
      vertex -3.96677 -3.04381 34
      vertex -3.53553 -3.53553 34
    endloop
  endfacet
  facet normal 0 0 1
    outer loop
      vertex -1.59378 0.427051 34
      vertex -4.82963 1.2941 34
      vertex -1.63588 0.215367 34
    endloop
  endfacet
  facet normal 0 0 1
    outer loop
      vertex -1.42894 -0.825 34
      vertex -4.33013 -2.5 34
      vertex -3.96677 -3.04381 34
    endloop
  endfacet
  facet normal -0 0 1
    outer loop
      vertex -4.95722 0.652631 34
      vertex -1.63588 0.215367 34
      vertex -4.82963 1.2941 34
    endloop
  endfacet
  facet normal 0 0 1
    outer loop
      vertex -1.5244 -0.631427 34
      vertex -4.6194 -1.91342 34
      vertex -4.33013 -2.5 34
    endloop
  endfacet
  facet normal 0 0 1
    outer loop
      vertex -1.63588 0.215367 34
      vertex -4.95722 0.652631 34
      vertex -1.65 0 34
    endloop
  endfacet
  facet normal 0 0 1
    outer loop
      vertex -1.59378 -0.427051 34
      vertex -4.82963 -1.2941 34
      vertex -4.6194 -1.91342 34
    endloop
  endfacet
  facet normal 0 0 1
    outer loop
      vertex -5 0 34
      vertex -1.65 0 34
      vertex -4.95722 0.652631 34
    endloop
  endfacet
  facet normal 0 0 1
    outer loop
      vertex -1.63588 -0.215367 34
      vertex -4.95722 -0.652631 34
      vertex -4.82963 -1.2941 34
    endloop
  endfacet
  facet normal 0 0 1
    outer loop
      vertex -1.65 0 34
      vertex -5 0 34
      vertex -4.95722 -0.652631 34
    endloop
  endfacet
  facet normal -0.195081 -0.980787 0
    outer loop
      vertex -1.2941 -4.82963 0
      vertex -0.652631 -4.95722 34
      vertex -1.2941 -4.82963 34
    endloop
  endfacet
  facet normal -0.195081 -0.980787 -0
    outer loop
      vertex -0.652631 -4.95722 34
      vertex -1.2941 -4.82963 0
      vertex -0.652631 -4.95722 0
    endloop
  endfacet
  facet normal -0.831471 0.555568 0
    outer loop
      vertex -4.33013 2.5 0
      vertex -3.96677 3.04381 34
      vertex -3.96677 3.04381 0
    endloop
  endfacet
  facet normal -0.831471 0.555568 0
    outer loop
      vertex -3.96677 3.04381 34
      vertex -4.33013 2.5 0
      vertex -4.33013 2.5 34
    endloop
  endfacet
  facet normal -0.0654097 -0.997858 0
    outer loop
      vertex -0.652631 -4.95722 0
      vertex 0 -5 34
      vertex -0.652631 -4.95722 34
    endloop
  endfacet
  facet normal -0.0654097 -0.997858 -0
    outer loop
      vertex 0 -5 34
      vertex -0.652631 -4.95722 0
      vertex 0 -5 0
    endloop
  endfacet
  facet normal -0.065422 0.997858 0
    outer loop
      vertex 0.215367 -1.63588 0
      vertex 0 -1.65 34
      vertex 0.215367 -1.63588 34
    endloop
  endfacet
  facet normal -0.065422 0.997858 0
    outer loop
      vertex 0 -1.65 34
      vertex 0.215367 -1.63588 0
      vertex 0 -1.65 0
    endloop
  endfacet
  facet normal -0.980791 -0.195061 0
    outer loop
      vertex 1.63588 0.215367 0
      vertex 1.59378 0.427051 34
      vertex 1.59378 0.427051 0
    endloop
  endfacet
  facet normal -0.980791 -0.195061 0
    outer loop
      vertex 1.59378 0.427051 34
      vertex 1.63588 0.215367 0
      vertex 1.63588 0.215367 34
    endloop
  endfacet
  facet normal -0.997858 -0.065422 0
    outer loop
      vertex 1.65 0 0
      vertex 1.63588 0.215367 34
      vertex 1.63588 0.215367 0
    endloop
  endfacet
  facet normal -0.997858 -0.065422 0
    outer loop
      vertex 1.63588 0.215367 34
      vertex 1.65 0 0
      vertex 1.65 0 34
    endloop
  endfacet
  facet normal -0.946925 -0.321455 0
    outer loop
      vertex 1.59378 0.427051 0
      vertex 1.5244 0.631427 34
      vertex 1.5244 0.631427 0
    endloop
  endfacet
  facet normal -0.946925 -0.321455 0
    outer loop
      vertex 1.5244 0.631427 34
      vertex 1.59378 0.427051 0
      vertex 1.59378 0.427051 34
    endloop
  endfacet
  facet normal -0.065422 -0.997858 0
    outer loop
      vertex 0 1.65 0
      vertex 0.215367 1.63588 34
      vertex 0 1.65 34
    endloop
  endfacet
  facet normal -0.065422 -0.997858 -0
    outer loop
      vertex 0.215367 1.63588 34
      vertex 0 1.65 0
      vertex 0.215367 1.63588 0
    endloop
  endfacet
  facet normal 0.659328 0.751856 -0
    outer loop
      vertex -1.00446 -1.30903 0
      vertex -1.16673 -1.16673 34
      vertex -1.00446 -1.30903 34
    endloop
  endfacet
  facet normal 0.659328 0.751856 0
    outer loop
      vertex -1.16673 -1.16673 34
      vertex -1.00446 -1.30903 0
      vertex -1.16673 -1.16673 0
    endloop
  endfacet
  facet normal 0.997858 0.065422 0
    outer loop
      vertex -1.63588 -0.215367 34
      vertex -1.65 0 0
      vertex -1.65 0 34
    endloop
  endfacet
  facet normal 0.997858 0.065422 0
    outer loop
      vertex -1.65 0 0
      vertex -1.63588 -0.215367 34
      vertex -1.63588 -0.215367 0
    endloop
  endfacet
  facet normal 0.659328 -0.751856 0
    outer loop
      vertex -1.16673 1.16673 0
      vertex -1.00446 1.30903 34
      vertex -1.16673 1.16673 34
    endloop
  endfacet
  facet normal 0.659328 -0.751856 0
    outer loop
      vertex -1.00446 1.30903 34
      vertex -1.16673 1.16673 0
      vertex -1.00446 1.30903 0
    endloop
  endfacet
  facet normal -0.751856 -0.659328 0
    outer loop
      vertex 1.30903 1.00446 0
      vertex 1.16673 1.16673 34
      vertex 1.16673 1.16673 0
    endloop
  endfacet
  facet normal -0.751856 -0.659328 0
    outer loop
      vertex 1.16673 1.16673 34
      vertex 1.30903 1.00446 0
      vertex 1.30903 1.00446 34
    endloop
  endfacet
  facet normal -0.997858 0.065422 0
    outer loop
      vertex 1.63588 -0.215367 0
      vertex 1.65 0 34
      vertex 1.65 0 0
    endloop
  endfacet
  facet normal -0.997858 0.065422 0
    outer loop
      vertex 1.65 0 34
      vertex 1.63588 -0.215367 0
      vertex 1.63588 -0.215367 34
    endloop
  endfacet
  facet normal -0.44229 -0.896872 0
    outer loop
      vertex 0.631427 1.5244 0
      vertex 0.825 1.42894 34
      vertex 0.631427 1.5244 34
    endloop
  endfacet
  facet normal -0.44229 -0.896872 -0
    outer loop
      vertex 0.825 1.42894 34
      vertex 0.631427 1.5244 0
      vertex 0.825 1.42894 0
    endloop
  endfacet
  facet normal -0.896872 0.44229 0
    outer loop
      vertex 1.42894 -0.825 0
      vertex 1.5244 -0.631427 34
      vertex 1.5244 -0.631427 0
    endloop
  endfacet
  facet normal -0.896872 0.44229 0
    outer loop
      vertex 1.5244 -0.631427 34
      vertex 1.42894 -0.825 0
      vertex 1.42894 -0.825 34
    endloop
  endfacet
  facet normal 0.321455 0.946925 -0
    outer loop
      vertex -0.427051 -1.59378 0
      vertex -0.631427 -1.5244 34
      vertex -0.427051 -1.59378 34
    endloop
  endfacet
  facet normal 0.321455 0.946925 0
    outer loop
      vertex -0.631427 -1.5244 34
      vertex -0.427051 -1.59378 0
      vertex -0.631427 -1.5244 0
    endloop
  endfacet
  facet normal -0.831472 -0.555566 0
    outer loop
      vertex 1.42894 0.825 0
      vertex 1.30903 1.00446 34
      vertex 1.30903 1.00446 0
    endloop
  endfacet
  facet normal -0.831472 -0.555566 0
    outer loop
      vertex 1.30903 1.00446 34
      vertex 1.42894 0.825 0
      vertex 1.42894 0.825 34
    endloop
  endfacet
  facet normal -0.896872 -0.44229 0
    outer loop
      vertex 1.5244 0.631427 0
      vertex 1.42894 0.825 34
      vertex 1.42894 0.825 0
    endloop
  endfacet
  facet normal -0.896872 -0.44229 0
    outer loop
      vertex 1.42894 0.825 34
      vertex 1.5244 0.631427 0
      vertex 1.5244 0.631427 34
    endloop
  endfacet
  facet normal 0.831472 0.555566 0
    outer loop
      vertex -1.30903 -1.00446 34
      vertex -1.42894 -0.825 0
      vertex -1.42894 -0.825 34
    endloop
  endfacet
  facet normal 0.831472 0.555566 0
    outer loop
      vertex -1.42894 -0.825 0
      vertex -1.30903 -1.00446 34
      vertex -1.30903 -1.00446 0
    endloop
  endfacet
  facet normal -0.44229 0.896872 0
    outer loop
      vertex 0.825 -1.42894 0
      vertex 0.631427 -1.5244 34
      vertex 0.825 -1.42894 34
    endloop
  endfacet
  facet normal -0.44229 0.896872 0
    outer loop
      vertex 0.631427 -1.5244 34
      vertex 0.825 -1.42894 0
      vertex 0.631427 -1.5244 0
    endloop
  endfacet
  facet normal 0.44229 -0.896872 0
    outer loop
      vertex -0.825 1.42894 0
      vertex -0.631427 1.5244 34
      vertex -0.825 1.42894 34
    endloop
  endfacet
  facet normal 0.44229 -0.896872 0
    outer loop
      vertex -0.631427 1.5244 34
      vertex -0.825 1.42894 0
      vertex -0.631427 1.5244 0
    endloop
  endfacet
  facet normal 0.997858 -0.065422 0
    outer loop
      vertex -1.65 0 34
      vertex -1.63588 0.215367 0
      vertex -1.63588 0.215367 34
    endloop
  endfacet
  facet normal 0.997858 -0.065422 0
    outer loop
      vertex -1.63588 0.215367 0
      vertex -1.65 0 34
      vertex -1.65 0 0
    endloop
  endfacet
  facet normal -0.195061 -0.980791 0
    outer loop
      vertex 0.215367 1.63588 0
      vertex 0.427051 1.59378 34
      vertex 0.215367 1.63588 34
    endloop
  endfacet
  facet normal -0.195061 -0.980791 -0
    outer loop
      vertex 0.427051 1.59378 34
      vertex 0.215367 1.63588 0
      vertex 0.427051 1.59378 0
    endloop
  endfacet
  facet normal 0.751856 -0.659328 0
    outer loop
      vertex -1.30903 1.00446 34
      vertex -1.16673 1.16673 0
      vertex -1.16673 1.16673 34
    endloop
  endfacet
  facet normal 0.751856 -0.659328 0
    outer loop
      vertex -1.16673 1.16673 0
      vertex -1.30903 1.00446 34
      vertex -1.30903 1.00446 0
    endloop
  endfacet
  facet normal 0.946925 0.321455 0
    outer loop
      vertex -1.5244 -0.631427 34
      vertex -1.59378 -0.427051 0
      vertex -1.59378 -0.427051 34
    endloop
  endfacet
  facet normal 0.946925 0.321455 0
    outer loop
      vertex -1.59378 -0.427051 0
      vertex -1.5244 -0.631427 34
      vertex -1.5244 -0.631427 0
    endloop
  endfacet
  facet normal -0.946925 0.321455 0
    outer loop
      vertex 1.5244 -0.631427 0
      vertex 1.59378 -0.427051 34
      vertex 1.59378 -0.427051 0
    endloop
  endfacet
  facet normal -0.946925 0.321455 0
    outer loop
      vertex 1.59378 -0.427051 34
      vertex 1.5244 -0.631427 0
      vertex 1.5244 -0.631427 34
    endloop
  endfacet
  facet normal 0.980791 -0.195061 0
    outer loop
      vertex -1.63588 0.215367 34
      vertex -1.59378 0.427051 0
      vertex -1.59378 0.427051 34
    endloop
  endfacet
  facet normal 0.980791 -0.195061 0
    outer loop
      vertex -1.59378 0.427051 0
      vertex -1.63588 0.215367 34
      vertex -1.63588 0.215367 0
    endloop
  endfacet
  facet normal 0.44229 0.896872 -0
    outer loop
      vertex -0.631427 -1.5244 0
      vertex -0.825 -1.42894 34
      vertex -0.631427 -1.5244 34
    endloop
  endfacet
  facet normal 0.44229 0.896872 0
    outer loop
      vertex -0.825 -1.42894 34
      vertex -0.631427 -1.5244 0
      vertex -0.825 -1.42894 0
    endloop
  endfacet
  facet normal 0.555566 -0.831472 0
    outer loop
      vertex -1.00446 1.30903 0
      vertex -0.825 1.42894 34
      vertex -1.00446 1.30903 34
    endloop
  endfacet
  facet normal 0.555566 -0.831472 0
    outer loop
      vertex -0.825 1.42894 34
      vertex -1.00446 1.30903 0
      vertex -0.825 1.42894 0
    endloop
  endfacet
  facet normal -0.659328 0.751856 0
    outer loop
      vertex 1.16673 -1.16673 0
      vertex 1.00446 -1.30903 34
      vertex 1.16673 -1.16673 34
    endloop
  endfacet
  facet normal -0.659328 0.751856 0
    outer loop
      vertex 1.00446 -1.30903 34
      vertex 1.16673 -1.16673 0
      vertex 1.00446 -1.30903 0
    endloop
  endfacet
  facet normal 0.321455 -0.946925 0
    outer loop
      vertex -0.631427 1.5244 0
      vertex -0.427051 1.59378 34
      vertex -0.631427 1.5244 34
    endloop
  endfacet
  facet normal 0.321455 -0.946925 0
    outer loop
      vertex -0.427051 1.59378 34
      vertex -0.631427 1.5244 0
      vertex -0.427051 1.59378 0
    endloop
  endfacet
  facet normal -0.831472 0.555566 0
    outer loop
      vertex 1.30903 -1.00446 0
      vertex 1.42894 -0.825 34
      vertex 1.42894 -0.825 0
    endloop
  endfacet
  facet normal -0.831472 0.555566 0
    outer loop
      vertex 1.42894 -0.825 34
      vertex 1.30903 -1.00446 0
      vertex 1.30903 -1.00446 34
    endloop
  endfacet
  facet normal -0.555566 0.831472 0
    outer loop
      vertex 1.00446 -1.30903 0
      vertex 0.825 -1.42894 34
      vertex 1.00446 -1.30903 34
    endloop
  endfacet
  facet normal -0.555566 0.831472 0
    outer loop
      vertex 0.825 -1.42894 34
      vertex 1.00446 -1.30903 0
      vertex 0.825 -1.42894 0
    endloop
  endfacet
  facet normal -0.751856 0.659328 0
    outer loop
      vertex 1.16673 -1.16673 0
      vertex 1.30903 -1.00446 34
      vertex 1.30903 -1.00446 0
    endloop
  endfacet
  facet normal -0.751856 0.659328 0
    outer loop
      vertex 1.30903 -1.00446 34
      vertex 1.16673 -1.16673 0
      vertex 1.16673 -1.16673 34
    endloop
  endfacet
  facet normal -0.980791 0.195061 0
    outer loop
      vertex 1.59378 -0.427051 0
      vertex 1.63588 -0.215367 34
      vertex 1.63588 -0.215367 0
    endloop
  endfacet
  facet normal -0.980791 0.195061 0
    outer loop
      vertex 1.63588 -0.215367 34
      vertex 1.59378 -0.427051 0
      vertex 1.59378 -0.427051 34
    endloop
  endfacet
  facet normal 0.065422 -0.997858 0
    outer loop
      vertex -0.215367 1.63588 0
      vertex 0 1.65 34
      vertex -0.215367 1.63588 34
    endloop
  endfacet
  facet normal 0.065422 -0.997858 0
    outer loop
      vertex 0 1.65 34
      vertex -0.215367 1.63588 0
      vertex 0 1.65 0
    endloop
  endfacet
  facet normal 0.896872 0.44229 0
    outer loop
      vertex -1.42894 -0.825 34
      vertex -1.5244 -0.631427 0
      vertex -1.5244 -0.631427 34
    endloop
  endfacet
  facet normal 0.896872 0.44229 0
    outer loop
      vertex -1.5244 -0.631427 0
      vertex -1.42894 -0.825 34
      vertex -1.42894 -0.825 0
    endloop
  endfacet
  facet normal 0.555566 0.831472 -0
    outer loop
      vertex -0.825 -1.42894 0
      vertex -1.00446 -1.30903 34
      vertex -0.825 -1.42894 34
    endloop
  endfacet
  facet normal 0.555566 0.831472 0
    outer loop
      vertex -1.00446 -1.30903 34
      vertex -0.825 -1.42894 0
      vertex -1.00446 -1.30903 0
    endloop
  endfacet
  facet normal 0.896872 -0.44229 0
    outer loop
      vertex -1.5244 0.631427 34
      vertex -1.42894 0.825 0
      vertex -1.42894 0.825 34
    endloop
  endfacet
  facet normal 0.896872 -0.44229 0
    outer loop
      vertex -1.42894 0.825 0
      vertex -1.5244 0.631427 34
      vertex -1.5244 0.631427 0
    endloop
  endfacet
  facet normal -0.555566 -0.831472 0
    outer loop
      vertex 0.825 1.42894 0
      vertex 1.00446 1.30903 34
      vertex 0.825 1.42894 34
    endloop
  endfacet
  facet normal -0.555566 -0.831472 -0
    outer loop
      vertex 1.00446 1.30903 34
      vertex 0.825 1.42894 0
      vertex 1.00446 1.30903 0
    endloop
  endfacet
  facet normal 0.980791 0.195061 0
    outer loop
      vertex -1.59378 -0.427051 34
      vertex -1.63588 -0.215367 0
      vertex -1.63588 -0.215367 34
    endloop
  endfacet
  facet normal 0.980791 0.195061 0
    outer loop
      vertex -1.63588 -0.215367 0
      vertex -1.59378 -0.427051 34
      vertex -1.59378 -0.427051 0
    endloop
  endfacet
  facet normal -0.321455 0.946925 0
    outer loop
      vertex 0.631427 -1.5244 0
      vertex 0.427051 -1.59378 34
      vertex 0.631427 -1.5244 34
    endloop
  endfacet
  facet normal -0.321455 0.946925 0
    outer loop
      vertex 0.427051 -1.59378 34
      vertex 0.631427 -1.5244 0
      vertex 0.427051 -1.59378 0
    endloop
  endfacet
  facet normal -0.659328 -0.751856 0
    outer loop
      vertex 1.00446 1.30903 0
      vertex 1.16673 1.16673 34
      vertex 1.00446 1.30903 34
    endloop
  endfacet
  facet normal -0.659328 -0.751856 -0
    outer loop
      vertex 1.16673 1.16673 34
      vertex 1.00446 1.30903 0
      vertex 1.16673 1.16673 0
    endloop
  endfacet
  facet normal -0.195061 0.980791 0
    outer loop
      vertex 0.427051 -1.59378 0
      vertex 0.215367 -1.63588 34
      vertex 0.427051 -1.59378 34
    endloop
  endfacet
  facet normal -0.195061 0.980791 0
    outer loop
      vertex 0.215367 -1.63588 34
      vertex 0.427051 -1.59378 0
      vertex 0.215367 -1.63588 0
    endloop
  endfacet
  facet normal 0.946925 -0.321455 0
    outer loop
      vertex -1.59378 0.427051 34
      vertex -1.5244 0.631427 0
      vertex -1.5244 0.631427 34
    endloop
  endfacet
  facet normal 0.946925 -0.321455 0
    outer loop
      vertex -1.5244 0.631427 0
      vertex -1.59378 0.427051 34
      vertex -1.59378 0.427051 0
    endloop
  endfacet
  facet normal 0.195061 -0.980791 0
    outer loop
      vertex -0.427051 1.59378 0
      vertex -0.215367 1.63588 34
      vertex -0.427051 1.59378 34
    endloop
  endfacet
  facet normal 0.195061 -0.980791 0
    outer loop
      vertex -0.215367 1.63588 34
      vertex -0.427051 1.59378 0
      vertex -0.215367 1.63588 0
    endloop
  endfacet
  facet normal 0.065422 0.997858 -0
    outer loop
      vertex 0 -1.65 0
      vertex -0.215367 -1.63588 34
      vertex 0 -1.65 34
    endloop
  endfacet
  facet normal 0.065422 0.997858 0
    outer loop
      vertex -0.215367 -1.63588 34
      vertex 0 -1.65 0
      vertex -0.215367 -1.63588 0
    endloop
  endfacet
  facet normal 0.751856 0.659328 0
    outer loop
      vertex -1.16673 -1.16673 34
      vertex -1.30903 -1.00446 0
      vertex -1.30903 -1.00446 34
    endloop
  endfacet
  facet normal 0.751856 0.659328 0
    outer loop
      vertex -1.30903 -1.00446 0
      vertex -1.16673 -1.16673 34
      vertex -1.16673 -1.16673 0
    endloop
  endfacet
  facet normal 0.195061 0.980791 -0
    outer loop
      vertex -0.215367 -1.63588 0
      vertex -0.427051 -1.59378 34
      vertex -0.215367 -1.63588 34
    endloop
  endfacet
  facet normal 0.195061 0.980791 0
    outer loop
      vertex -0.427051 -1.59378 34
      vertex -0.215367 -1.63588 0
      vertex -0.427051 -1.59378 0
    endloop
  endfacet
  facet normal -0.321455 -0.946925 0
    outer loop
      vertex 0.427051 1.59378 0
      vertex 0.631427 1.5244 34
      vertex 0.427051 1.59378 34
    endloop
  endfacet
  facet normal -0.321455 -0.946925 -0
    outer loop
      vertex 0.631427 1.5244 34
      vertex 0.427051 1.59378 0
      vertex 0.631427 1.5244 0
    endloop
  endfacet
  facet normal 0.831472 -0.555566 0
    outer loop
      vertex -1.42894 0.825 34
      vertex -1.30903 1.00446 0
      vertex -1.30903 1.00446 34
    endloop
  endfacet
  facet normal 0.831472 -0.555566 0
    outer loop
      vertex -1.30903 1.00446 0
      vertex -1.42894 0.825 34
      vertex -1.42894 0.825 0
    endloop
  endfacet
  facet normal 0.980784 0.195096 0
    outer loop
      vertex 18.9572 0.652631 34
      vertex 18.8296 1.2941 0
      vertex 18.8296 1.2941 34
    endloop
  endfacet
  facet normal 0.980784 0.195096 0
    outer loop
      vertex 18.8296 1.2941 0
      vertex 18.9572 0.652631 34
      vertex 18.9572 0.652631 0
    endloop
  endfacet
  facet normal 0.997856 0.0654401 0
    outer loop
      vertex 19 0 34
      vertex 18.9572 0.652631 0
      vertex 18.9572 0.652631 34
    endloop
  endfacet
  facet normal 0.997856 0.0654401 0
    outer loop
      vertex 18.9572 0.652631 0
      vertex 19 0 34
      vertex 19 0 0
    endloop
  endfacet
  facet normal 0.321448 -0.946927 0
    outer loop
      vertex 15.2941 -4.82963 0
      vertex 15.9134 -4.6194 34
      vertex 15.2941 -4.82963 34
    endloop
  endfacet
  facet normal 0.321448 -0.946927 0
    outer loop
      vertex 15.9134 -4.6194 34
      vertex 15.2941 -4.82963 0
      vertex 15.9134 -4.6194 0
    endloop
  endfacet
  facet normal 0.831514 0.555504 0
    outer loop
      vertex 18.3301 2.5 34
      vertex 17.9668 3.04381 0
      vertex 17.9668 3.04381 34
    endloop
  endfacet
  facet normal 0.831514 0.555504 0
    outer loop
      vertex 17.9668 3.04381 0
      vertex 18.3301 2.5 34
      vertex 18.3301 2.5 0
    endloop
  endfacet
  facet normal -0.896872 0.44229 0
    outer loop
      vertex 9.3806 1.91342 0
      vertex 9.66987 2.5 34
      vertex 9.66987 2.5 0
    endloop
  endfacet
  facet normal -0.896872 0.44229 0
    outer loop
      vertex 9.66987 2.5 34
      vertex 9.3806 1.91342 0
      vertex 9.3806 1.91342 34
    endloop
  endfacet
  facet normal -0.555575 0.831466 0
    outer loop
      vertex 11.5 4.33013 0
      vertex 10.9562 3.96677 34
      vertex 11.5 4.33013 34
    endloop
  endfacet
  facet normal -0.555575 0.831466 0
    outer loop
      vertex 10.9562 3.96677 34
      vertex 11.5 4.33013 0
      vertex 10.9562 3.96677 0
    endloop
  endfacet
  facet normal -0.659372 0.751817 0
    outer loop
      vertex 10.9562 3.96677 0
      vertex 10.4645 3.53553 34
      vertex 10.9562 3.96677 34
    endloop
  endfacet
  facet normal -0.659372 0.751817 0
    outer loop
      vertex 10.4645 3.53553 34
      vertex 10.9562 3.96677 0
      vertex 10.4645 3.53553 0
    endloop
  endfacet
  facet normal -0.751784 0.659409 0
    outer loop
      vertex 10.0332 3.04381 0
      vertex 10.4645 3.53553 34
      vertex 10.4645 3.53553 0
    endloop
  endfacet
  facet normal -0.751784 0.659409 0
    outer loop
      vertex 10.4645 3.53553 34
      vertex 10.0332 3.04381 0
      vertex 10.0332 3.04381 34
    endloop
  endfacet
  facet normal 0.946944 -0.321397 0
    outer loop
      vertex 18.6194 -1.91342 34
      vertex 18.8296 -1.2941 0
      vertex 18.8296 -1.2941 34
    endloop
  endfacet
  facet normal 0.946944 -0.321397 0
    outer loop
      vertex 18.8296 -1.2941 0
      vertex 18.6194 -1.91342 34
      vertex 18.6194 -1.91342 0
    endloop
  endfacet
  facet normal -0.997858 0.0654097 0
    outer loop
      vertex 9 0 0
      vertex 9.04278 0.652631 34
      vertex 9.04278 0.652631 0
    endloop
  endfacet
  facet normal -0.997858 0.0654097 0
    outer loop
      vertex 9.04278 0.652631 34
      vertex 9 0 0
      vertex 9 0 34
    endloop
  endfacet
  facet normal 0.555575 0.831466 -0
    outer loop
      vertex 17.0438 3.96677 0
      vertex 16.5 4.33013 34
      vertex 17.0438 3.96677 34
    endloop
  endfacet
  facet normal 0.555575 0.831466 0
    outer loop
      vertex 16.5 4.33013 34
      vertex 17.0438 3.96677 0
      vertex 16.5 4.33013 0
    endloop
  endfacet
  facet normal -0.321448 -0.946927 0
    outer loop
      vertex 12.0866 -4.6194 0
      vertex 12.7059 -4.82963 34
      vertex 12.0866 -4.6194 34
    endloop
  endfacet
  facet normal -0.321448 -0.946927 -0
    outer loop
      vertex 12.7059 -4.82963 34
      vertex 12.0866 -4.6194 0
      vertex 12.7059 -4.82963 0
    endloop
  endfacet
  facet normal 0.195072 -0.980789 0
    outer loop
      vertex 14.6526 -4.95722 0
      vertex 15.2941 -4.82963 34
      vertex 14.6526 -4.95722 34
    endloop
  endfacet
  facet normal 0.195072 -0.980789 0
    outer loop
      vertex 15.2941 -4.82963 34
      vertex 14.6526 -4.95722 0
      vertex 15.2941 -4.82963 0
    endloop
  endfacet
  facet normal -0.321448 0.946927 0
    outer loop
      vertex 12.7059 4.82963 0
      vertex 12.0866 4.6194 34
      vertex 12.7059 4.82963 34
    endloop
  endfacet
  facet normal -0.321448 0.946927 0
    outer loop
      vertex 12.0866 4.6194 34
      vertex 12.7059 4.82963 0
      vertex 12.0866 4.6194 0
    endloop
  endfacet
  facet normal -0.831492 -0.555536 0
    outer loop
      vertex 10.0332 -3.04381 0
      vertex 9.66987 -2.5 34
      vertex 9.66987 -2.5 0
    endloop
  endfacet
  facet normal -0.831492 -0.555536 0
    outer loop
      vertex 9.66987 -2.5 34
      vertex 10.0332 -3.04381 0
      vertex 10.0332 -3.04381 34
    endloop
  endfacet
  facet normal 0.555575 -0.831466 0
    outer loop
      vertex 16.5 -4.33013 0
      vertex 17.0438 -3.96677 34
      vertex 16.5 -4.33013 34
    endloop
  endfacet
  facet normal 0.555575 -0.831466 0
    outer loop
      vertex 17.0438 -3.96677 34
      vertex 16.5 -4.33013 0
      vertex 17.0438 -3.96677 0
    endloop
  endfacet
  facet normal -0.946931 0.321438 0
    outer loop
      vertex 9.17037 1.2941 0
      vertex 9.3806 1.91342 34
      vertex 9.3806 1.91342 0
    endloop
  endfacet
  facet normal -0.946931 0.321438 0
    outer loop
      vertex 9.3806 1.91342 34
      vertex 9.17037 1.2941 0
      vertex 9.17037 1.2941 34
    endloop
  endfacet
  facet normal 0.321448 0.946927 -0
    outer loop
      vertex 15.9134 4.6194 0
      vertex 15.2941 4.82963 34
      vertex 15.9134 4.6194 34
    endloop
  endfacet
  facet normal 0.321448 0.946927 0
    outer loop
      vertex 15.2941 4.82963 34
      vertex 15.9134 4.6194 0
      vertex 15.2941 4.82963 0
    endloop
  endfacet
  facet normal 0.0654128 0.997858 -0
    outer loop
      vertex 14.6526 4.95722 0
      vertex 14 5 34
      vertex 14.6526 4.95722 34
    endloop
  endfacet
  facet normal 0.0654128 0.997858 0
    outer loop
      vertex 14 5 34
      vertex 14.6526 4.95722 0
      vertex 14 5 0
    endloop
  endfacet
  facet normal -0.442277 0.896878 0
    outer loop
      vertex 12.0866 4.6194 0
      vertex 11.5 4.33013 34
      vertex 12.0866 4.6194 34
    endloop
  endfacet
  facet normal -0.442277 0.896878 0
    outer loop
      vertex 11.5 4.33013 34
      vertex 12.0866 4.6194 0
      vertex 11.5 4.33013 0
    endloop
  endfacet
  facet normal 0.831514 -0.555504 0
    outer loop
      vertex 17.9668 -3.04381 34
      vertex 18.3301 -2.5 0
      vertex 18.3301 -2.5 34
    endloop
  endfacet
  facet normal 0.831514 -0.555504 0
    outer loop
      vertex 18.3301 -2.5 0
      vertex 17.9668 -3.04381 34
      vertex 17.9668 -3.04381 0
    endloop
  endfacet
  facet normal -0.997858 -0.0654097 0
    outer loop
      vertex 9.04278 -0.652631 0
      vertex 9 0 34
      vertex 9 0 0
    endloop
  endfacet
  facet normal -0.997858 -0.0654097 0
    outer loop
      vertex 9 0 34
      vertex 9.04278 -0.652631 0
      vertex 9.04278 -0.652631 34
    endloop
  endfacet
  facet normal -0.946931 -0.321438 0
    outer loop
      vertex 9.3806 -1.91342 0
      vertex 9.17037 -1.2941 34
      vertex 9.17037 -1.2941 0
    endloop
  endfacet
  facet normal -0.946931 -0.321438 0
    outer loop
      vertex 9.17037 -1.2941 34
      vertex 9.3806 -1.91342 0
      vertex 9.3806 -1.91342 34
    endloop
  endfacet
  facet normal -0.659372 -0.751817 0
    outer loop
      vertex 10.4645 -3.53553 0
      vertex 10.9562 -3.96677 34
      vertex 10.4645 -3.53553 34
    endloop
  endfacet
  facet normal -0.659372 -0.751817 -0
    outer loop
      vertex 10.9562 -3.96677 34
      vertex 10.4645 -3.53553 0
      vertex 10.9562 -3.96677 0
    endloop
  endfacet
  facet normal 0.442277 0.896878 -0
    outer loop
      vertex 16.5 4.33013 0
      vertex 15.9134 4.6194 34
      vertex 16.5 4.33013 34
    endloop
  endfacet
  facet normal 0.442277 0.896878 0
    outer loop
      vertex 15.9134 4.6194 34
      vertex 16.5 4.33013 0
      vertex 15.9134 4.6194 0
    endloop
  endfacet
  facet normal -0.195072 0.980789 0
    outer loop
      vertex 13.3474 4.95722 0
      vertex 12.7059 4.82963 34
      vertex 13.3474 4.95722 34
    endloop
  endfacet
  facet normal -0.195072 0.980789 0
    outer loop
      vertex 12.7059 4.82963 34
      vertex 13.3474 4.95722 0
      vertex 12.7059 4.82963 0
    endloop
  endfacet
  facet normal 0.751784 0.659409 0
    outer loop
      vertex 17.9668 3.04381 34
      vertex 17.5355 3.53553 0
      vertex 17.5355 3.53553 34
    endloop
  endfacet
  facet normal 0.751784 0.659409 0
    outer loop
      vertex 17.5355 3.53553 0
      vertex 17.9668 3.04381 34
      vertex 17.9668 3.04381 0
    endloop
  endfacet
  facet normal 0.195072 0.980789 -0
    outer loop
      vertex 15.2941 4.82963 0
      vertex 14.6526 4.95722 34
      vertex 15.2941 4.82963 34
    endloop
  endfacet
  facet normal 0.195072 0.980789 0
    outer loop
      vertex 14.6526 4.95722 34
      vertex 15.2941 4.82963 0
      vertex 14.6526 4.95722 0
    endloop
  endfacet
  facet normal 0.751784 -0.659409 0
    outer loop
      vertex 17.5355 -3.53553 34
      vertex 17.9668 -3.04381 0
      vertex 17.9668 -3.04381 34
    endloop
  endfacet
  facet normal 0.751784 -0.659409 0
    outer loop
      vertex 17.9668 -3.04381 0
      vertex 17.5355 -3.53553 34
      vertex 17.5355 -3.53553 0
    endloop
  endfacet
  facet normal -0.442277 -0.896878 0
    outer loop
      vertex 11.5 -4.33013 0
      vertex 12.0866 -4.6194 34
      vertex 11.5 -4.33013 34
    endloop
  endfacet
  facet normal -0.442277 -0.896878 -0
    outer loop
      vertex 12.0866 -4.6194 34
      vertex 11.5 -4.33013 0
      vertex 12.0866 -4.6194 0
    endloop
  endfacet
  facet normal -0.0654128 0.997858 0
    outer loop
      vertex 14 5 0
      vertex 13.3474 4.95722 34
      vertex 14 5 34
    endloop
  endfacet
  facet normal -0.0654128 0.997858 0
    outer loop
      vertex 13.3474 4.95722 34
      vertex 14 5 0
      vertex 13.3474 4.95722 0
    endloop
  endfacet
  facet normal -0.980787 0.195081 0
    outer loop
      vertex 9.04278 0.652631 0
      vertex 9.17037 1.2941 34
      vertex 9.17037 1.2941 0
    endloop
  endfacet
  facet normal -0.980787 0.195081 0
    outer loop
      vertex 9.17037 1.2941 34
      vertex 9.04278 0.652631 0
      vertex 9.04278 0.652631 34
    endloop
  endfacet
  facet normal 0.0654128 -0.997858 0
    outer loop
      vertex 14 -5 0
      vertex 14.6526 -4.95722 34
      vertex 14 -5 34
    endloop
  endfacet
  facet normal 0.0654128 -0.997858 0
    outer loop
      vertex 14.6526 -4.95722 34
      vertex 14 -5 0
      vertex 14.6526 -4.95722 0
    endloop
  endfacet
  facet normal 0.442277 -0.896878 0
    outer loop
      vertex 15.9134 -4.6194 0
      vertex 16.5 -4.33013 34
      vertex 15.9134 -4.6194 34
    endloop
  endfacet
  facet normal 0.442277 -0.896878 0
    outer loop
      vertex 16.5 -4.33013 34
      vertex 15.9134 -4.6194 0
      vertex 16.5 -4.33013 0
    endloop
  endfacet
  facet normal 0.659372 -0.751817 0
    outer loop
      vertex 17.0438 -3.96677 0
      vertex 17.5355 -3.53553 34
      vertex 17.0438 -3.96677 34
    endloop
  endfacet
  facet normal 0.659372 -0.751817 0
    outer loop
      vertex 17.5355 -3.53553 34
      vertex 17.0438 -3.96677 0
      vertex 17.5355 -3.53553 0
    endloop
  endfacet
  facet normal -0.896872 -0.44229 0
    outer loop
      vertex 9.66987 -2.5 0
      vertex 9.3806 -1.91342 34
      vertex 9.3806 -1.91342 0
    endloop
  endfacet
  facet normal -0.896872 -0.44229 0
    outer loop
      vertex 9.3806 -1.91342 34
      vertex 9.66987 -2.5 0
      vertex 9.66987 -2.5 34
    endloop
  endfacet
  facet normal 0.896854 -0.442327 0
    outer loop
      vertex 18.3301 -2.5 34
      vertex 18.6194 -1.91342 0
      vertex 18.6194 -1.91342 34
    endloop
  endfacet
  facet normal 0.896854 -0.442327 0
    outer loop
      vertex 18.6194 -1.91342 0
      vertex 18.3301 -2.5 34
      vertex 18.3301 -2.5 0
    endloop
  endfacet
  facet normal 0.659372 0.751817 -0
    outer loop
      vertex 17.5355 3.53553 0
      vertex 17.0438 3.96677 34
      vertex 17.5355 3.53553 34
    endloop
  endfacet
  facet normal 0.659372 0.751817 0
    outer loop
      vertex 17.0438 3.96677 34
      vertex 17.5355 3.53553 0
      vertex 17.0438 3.96677 0
    endloop
  endfacet
  facet normal 0.997856 -0.0654401 0
    outer loop
      vertex 18.9572 -0.652631 34
      vertex 19 0 0
      vertex 19 0 34
    endloop
  endfacet
  facet normal 0.997856 -0.0654401 0
    outer loop
      vertex 19 0 0
      vertex 18.9572 -0.652631 34
      vertex 18.9572 -0.652631 0
    endloop
  endfacet
  facet normal -0.555575 -0.831466 0
    outer loop
      vertex 10.9562 -3.96677 0
      vertex 11.5 -4.33013 34
      vertex 10.9562 -3.96677 34
    endloop
  endfacet
  facet normal -0.555575 -0.831466 -0
    outer loop
      vertex 11.5 -4.33013 34
      vertex 10.9562 -3.96677 0
      vertex 11.5 -4.33013 0
    endloop
  endfacet
  facet normal 0.896854 0.442327 0
    outer loop
      vertex 18.6194 1.91342 34
      vertex 18.3301 2.5 0
      vertex 18.3301 2.5 34
    endloop
  endfacet
  facet normal 0.896854 0.442327 0
    outer loop
      vertex 18.3301 2.5 0
      vertex 18.6194 1.91342 34
      vertex 18.6194 1.91342 0
    endloop
  endfacet
  facet normal 0.980784 -0.195096 0
    outer loop
      vertex 18.8296 -1.2941 34
      vertex 18.9572 -0.652631 0
      vertex 18.9572 -0.652631 34
    endloop
  endfacet
  facet normal 0.980784 -0.195096 0
    outer loop
      vertex 18.9572 -0.652631 0
      vertex 18.8296 -1.2941 34
      vertex 18.8296 -1.2941 0
    endloop
  endfacet
  facet normal 0.946944 0.321397 0
    outer loop
      vertex 18.8296 1.2941 34
      vertex 18.6194 1.91342 0
      vertex 18.6194 1.91342 34
    endloop
  endfacet
  facet normal 0.946944 0.321397 0
    outer loop
      vertex 18.6194 1.91342 0
      vertex 18.8296 1.2941 34
      vertex 18.8296 1.2941 0
    endloop
  endfacet
  facet normal 0 0 -1
    outer loop
      vertex 15.65 0 0
      vertex 19 0 0
      vertex 18.9572 -0.652631 0
    endloop
  endfacet
  facet normal 0 0 -1
    outer loop
      vertex 15.6359 -0.215367 0
      vertex 18.9572 -0.652631 0
      vertex 18.8296 -1.2941 0
    endloop
  endfacet
  facet normal 0 0 -1
    outer loop
      vertex 19 0 0
      vertex 15.65 0 0
      vertex 18.9572 0.652631 0
    endloop
  endfacet
  facet normal 0 0 -1
    outer loop
      vertex 15.5938 -0.427051 0
      vertex 18.8296 -1.2941 0
      vertex 18.6194 -1.91342 0
    endloop
  endfacet
  facet normal 0 0 -1
    outer loop
      vertex 15.6359 0.215367 0
      vertex 18.9572 0.652631 0
      vertex 15.65 0 0
    endloop
  endfacet
  facet normal 0 0 -1
    outer loop
      vertex 15.5244 -0.631427 0
      vertex 18.6194 -1.91342 0
      vertex 18.3301 -2.5 0
    endloop
  endfacet
  facet normal -0 0 -1
    outer loop
      vertex 18.9572 0.652631 0
      vertex 15.6359 0.215367 0
      vertex 18.8296 1.2941 0
    endloop
  endfacet
  facet normal 0 0 -1
    outer loop
      vertex 15.4289 -0.825 0
      vertex 18.3301 -2.5 0
      vertex 17.9668 -3.04381 0
    endloop
  endfacet
  facet normal 0 0 -1
    outer loop
      vertex 15.5938 0.427051 0
      vertex 18.8296 1.2941 0
      vertex 15.6359 0.215367 0
    endloop
  endfacet
  facet normal 0 0 -1
    outer loop
      vertex 15.309 -1.00446 0
      vertex 17.9668 -3.04381 0
      vertex 17.5355 -3.53553 0
    endloop
  endfacet
  facet normal -0 0 -1
    outer loop
      vertex 18.8296 1.2941 0
      vertex 15.5938 0.427051 0
      vertex 18.6194 1.91342 0
    endloop
  endfacet
  facet normal 0 0 -1
    outer loop
      vertex 15.1667 -1.16673 0
      vertex 17.5355 -3.53553 0
      vertex 17.0438 -3.96677 0
    endloop
  endfacet
  facet normal 0 0 -1
    outer loop
      vertex 15.5244 0.631427 0
      vertex 18.6194 1.91342 0
      vertex 15.5938 0.427051 0
    endloop
  endfacet
  facet normal 0 0 -1
    outer loop
      vertex 15.0045 -1.30903 0
      vertex 17.0438 -3.96677 0
      vertex 16.5 -4.33013 0
    endloop
  endfacet
  facet normal -0 0 -1
    outer loop
      vertex 18.6194 1.91342 0
      vertex 15.5244 0.631427 0
      vertex 18.3301 2.5 0
    endloop
  endfacet
  facet normal 0 0 -1
    outer loop
      vertex 14.825 -1.42894 0
      vertex 16.5 -4.33013 0
      vertex 15.9134 -4.6194 0
    endloop
  endfacet
  facet normal 0 0 -1
    outer loop
      vertex 15.4289 0.825 0
      vertex 18.3301 2.5 0
      vertex 15.5244 0.631427 0
    endloop
  endfacet
  facet normal -0 0 -1
    outer loop
      vertex 18.3301 2.5 0
      vertex 15.4289 0.825 0
      vertex 17.9668 3.04381 0
    endloop
  endfacet
  facet normal 0 0 -1
    outer loop
      vertex 18.9572 -0.652631 0
      vertex 15.6359 -0.215367 0
      vertex 15.65 0 0
    endloop
  endfacet
  facet normal 0 0 -1
    outer loop
      vertex 18.8296 -1.2941 0
      vertex 15.5938 -0.427051 0
      vertex 15.6359 -0.215367 0
    endloop
  endfacet
  facet normal 0 0 -1
    outer loop
      vertex 18.6194 -1.91342 0
      vertex 15.5244 -0.631427 0
      vertex 15.5938 -0.427051 0
    endloop
  endfacet
  facet normal 0 0 -1
    outer loop
      vertex 18.3301 -2.5 0
      vertex 15.4289 -0.825 0
      vertex 15.5244 -0.631427 0
    endloop
  endfacet
  facet normal 0 0 -1
    outer loop
      vertex 17.9668 -3.04381 0
      vertex 15.309 -1.00446 0
      vertex 15.4289 -0.825 0
    endloop
  endfacet
  facet normal 0 0 -1
    outer loop
      vertex 14.6314 -1.5244 0
      vertex 15.9134 -4.6194 0
      vertex 15.2941 -4.82963 0
    endloop
  endfacet
  facet normal 0 0 -1
    outer loop
      vertex 17.5355 -3.53553 0
      vertex 15.1667 -1.16673 0
      vertex 15.309 -1.00446 0
    endloop
  endfacet
  facet normal 0 0 -1
    outer loop
      vertex 17.0438 -3.96677 0
      vertex 15.0045 -1.30903 0
      vertex 15.1667 -1.16673 0
    endloop
  endfacet
  facet normal 0 0 -1
    outer loop
      vertex 16.5 -4.33013 0
      vertex 14.825 -1.42894 0
      vertex 15.0045 -1.30903 0
    endloop
  endfacet
  facet normal 0 0 -1
    outer loop
      vertex 14.4271 -1.59378 0
      vertex 15.2941 -4.82963 0
      vertex 14.6526 -4.95722 0
    endloop
  endfacet
  facet normal 0 0 -1
    outer loop
      vertex 15.9134 -4.6194 0
      vertex 14.6314 -1.5244 0
      vertex 14.825 -1.42894 0
    endloop
  endfacet
  facet normal 0 0 -1
    outer loop
      vertex 15.2941 -4.82963 0
      vertex 14.4271 -1.59378 0
      vertex 14.6314 -1.5244 0
    endloop
  endfacet
  facet normal 0 0 -1
    outer loop
      vertex 14.6526 -4.95722 0
      vertex 14.2154 -1.63588 0
      vertex 14.4271 -1.59378 0
    endloop
  endfacet
  facet normal 0 0 -1
    outer loop
      vertex 14 -5 0
      vertex 14.2154 -1.63588 0
      vertex 14.6526 -4.95722 0
    endloop
  endfacet
  facet normal 0 0 -1
    outer loop
      vertex 14 -5 0
      vertex 14 -1.65 0
      vertex 14.2154 -1.63588 0
    endloop
  endfacet
  facet normal 0 0 -1
    outer loop
      vertex 14 -5 0
      vertex 13.7846 -1.63588 0
      vertex 14 -1.65 0
    endloop
  endfacet
  facet normal 0 0 -1
    outer loop
      vertex 13.3474 -4.95722 0
      vertex 13.7846 -1.63588 0
      vertex 14 -5 0
    endloop
  endfacet
  facet normal -0 0 -1
    outer loop
      vertex 13.7846 -1.63588 0
      vertex 13.3474 -4.95722 0
      vertex 13.5729 -1.59378 0
    endloop
  endfacet
  facet normal 0 0 -1
    outer loop
      vertex 12.7059 -4.82963 0
      vertex 13.5729 -1.59378 0
      vertex 13.3474 -4.95722 0
    endloop
  endfacet
  facet normal -0 0 -1
    outer loop
      vertex 13.5729 -1.59378 0
      vertex 12.7059 -4.82963 0
      vertex 13.3686 -1.5244 0
    endloop
  endfacet
  facet normal 0 0 -1
    outer loop
      vertex 12.0866 -4.6194 0
      vertex 13.3686 -1.5244 0
      vertex 12.7059 -4.82963 0
    endloop
  endfacet
  facet normal -0 0 -1
    outer loop
      vertex 13.3686 -1.5244 0
      vertex 12.0866 -4.6194 0
      vertex 13.175 -1.42894 0
    endloop
  endfacet
  facet normal 0 0 -1
    outer loop
      vertex 11.5 -4.33013 0
      vertex 13.175 -1.42894 0
      vertex 12.0866 -4.6194 0
    endloop
  endfacet
  facet normal -0 0 -1
    outer loop
      vertex 13.175 -1.42894 0
      vertex 11.5 -4.33013 0
      vertex 12.9955 -1.30903 0
    endloop
  endfacet
  facet normal 0 0 -1
    outer loop
      vertex 10.9562 -3.96677 0
      vertex 12.9955 -1.30903 0
      vertex 11.5 -4.33013 0
    endloop
  endfacet
  facet normal -0 0 -1
    outer loop
      vertex 12.9955 -1.30903 0
      vertex 10.9562 -3.96677 0
      vertex 12.8333 -1.16673 0
    endloop
  endfacet
  facet normal 0 0 -1
    outer loop
      vertex 10.4645 -3.53553 0
      vertex 12.8333 -1.16673 0
      vertex 10.9562 -3.96677 0
    endloop
  endfacet
  facet normal -0 0 -1
    outer loop
      vertex 12.8333 -1.16673 0
      vertex 10.4645 -3.53553 0
      vertex 12.691 -1.00446 0
    endloop
  endfacet
  facet normal -0 0 -1
    outer loop
      vertex 12.691 -1.00446 0
      vertex 10.0332 -3.04381 0
      vertex 12.5711 -0.825 0
    endloop
  endfacet
  facet normal 0 0 -1
    outer loop
      vertex 10.0332 -3.04381 0
      vertex 12.691 -1.00446 0
      vertex 10.4645 -3.53553 0
    endloop
  endfacet
  facet normal 0 0 -1
    outer loop
      vertex 15.309 1.00446 0
      vertex 17.9668 3.04381 0
      vertex 15.4289 0.825 0
    endloop
  endfacet
  facet normal -0 0 -1
    outer loop
      vertex 17.9668 3.04381 0
      vertex 15.309 1.00446 0
      vertex 17.5355 3.53553 0
    endloop
  endfacet
  facet normal 0 0 -1
    outer loop
      vertex 15.1667 1.16673 0
      vertex 17.5355 3.53553 0
      vertex 15.309 1.00446 0
    endloop
  endfacet
  facet normal -0 0 -1
    outer loop
      vertex 17.5355 3.53553 0
      vertex 15.1667 1.16673 0
      vertex 17.0438 3.96677 0
    endloop
  endfacet
  facet normal 0 0 -1
    outer loop
      vertex 15.0045 1.30903 0
      vertex 17.0438 3.96677 0
      vertex 15.1667 1.16673 0
    endloop
  endfacet
  facet normal -0 0 -1
    outer loop
      vertex 17.0438 3.96677 0
      vertex 15.0045 1.30903 0
      vertex 16.5 4.33013 0
    endloop
  endfacet
  facet normal 0 0 -1
    outer loop
      vertex 14.825 1.42894 0
      vertex 16.5 4.33013 0
      vertex 15.0045 1.30903 0
    endloop
  endfacet
  facet normal -0 0 -1
    outer loop
      vertex 16.5 4.33013 0
      vertex 14.825 1.42894 0
      vertex 15.9134 4.6194 0
    endloop
  endfacet
  facet normal 0 0 -1
    outer loop
      vertex 14.6314 1.5244 0
      vertex 15.9134 4.6194 0
      vertex 14.825 1.42894 0
    endloop
  endfacet
  facet normal -0 0 -1
    outer loop
      vertex 15.9134 4.6194 0
      vertex 14.6314 1.5244 0
      vertex 15.2941 4.82963 0
    endloop
  endfacet
  facet normal 0 0 -1
    outer loop
      vertex 14.4271 1.59378 0
      vertex 15.2941 4.82963 0
      vertex 14.6314 1.5244 0
    endloop
  endfacet
  facet normal -0 0 -1
    outer loop
      vertex 15.2941 4.82963 0
      vertex 14.4271 1.59378 0
      vertex 14.6526 4.95722 0
    endloop
  endfacet
  facet normal 0 0 -1
    outer loop
      vertex 14.2154 1.63588 0
      vertex 14.6526 4.95722 0
      vertex 14.4271 1.59378 0
    endloop
  endfacet
  facet normal 0 0 -1
    outer loop
      vertex 14 1.65 0
      vertex 14.6526 4.95722 0
      vertex 14.2154 1.63588 0
    endloop
  endfacet
  facet normal 0 0 -1
    outer loop
      vertex 14 1.65 0
      vertex 14 5 0
      vertex 14.6526 4.95722 0
    endloop
  endfacet
  facet normal 0 0 -1
    outer loop
      vertex 13.7846 1.63588 0
      vertex 14 5 0
      vertex 14 1.65 0
    endloop
  endfacet
  facet normal 0 0 -1
    outer loop
      vertex 13.3474 4.95722 0
      vertex 13.7846 1.63588 0
      vertex 13.5729 1.59378 0
    endloop
  endfacet
  facet normal 0 0 -1
    outer loop
      vertex 12.7059 4.82963 0
      vertex 13.5729 1.59378 0
      vertex 13.3686 1.5244 0
    endloop
  endfacet
  facet normal 0 0 -1
    outer loop
      vertex 13.7846 1.63588 0
      vertex 13.3474 4.95722 0
      vertex 14 5 0
    endloop
  endfacet
  facet normal 0 0 -1
    outer loop
      vertex 12.0866 4.6194 0
      vertex 13.3686 1.5244 0
      vertex 13.175 1.42894 0
    endloop
  endfacet
  facet normal 0 0 -1
    outer loop
      vertex 11.5 4.33013 0
      vertex 13.175 1.42894 0
      vertex 12.9955 1.30903 0
    endloop
  endfacet
  facet normal 0 0 -1
    outer loop
      vertex 10.9562 3.96677 0
      vertex 12.9955 1.30903 0
      vertex 12.8333 1.16673 0
    endloop
  endfacet
  facet normal 0 0 -1
    outer loop
      vertex 13.5729 1.59378 0
      vertex 12.7059 4.82963 0
      vertex 13.3474 4.95722 0
    endloop
  endfacet
  facet normal 0 0 -1
    outer loop
      vertex 10.4645 3.53553 0
      vertex 12.8333 1.16673 0
      vertex 12.691 1.00446 0
    endloop
  endfacet
  facet normal 0 0 -1
    outer loop
      vertex 10.0332 3.04381 0
      vertex 12.691 1.00446 0
      vertex 12.5711 0.825 0
    endloop
  endfacet
  facet normal 0 0 -1
    outer loop
      vertex 9.66987 2.5 0
      vertex 12.5711 0.825 0
      vertex 12.4756 0.631427 0
    endloop
  endfacet
  facet normal 0 0 -1
    outer loop
      vertex 9.3806 1.91342 0
      vertex 12.4756 0.631427 0
      vertex 12.4062 0.427051 0
    endloop
  endfacet
  facet normal 0 0 -1
    outer loop
      vertex 9.17037 1.2941 0
      vertex 12.4062 0.427051 0
      vertex 12.3641 0.215367 0
    endloop
  endfacet
  facet normal 0 0 -1
    outer loop
      vertex 13.3686 1.5244 0
      vertex 12.0866 4.6194 0
      vertex 12.7059 4.82963 0
    endloop
  endfacet
  facet normal 0 0 -1
    outer loop
      vertex 9.04278 0.652631 0
      vertex 12.3641 0.215367 0
      vertex 12.35 0 0
    endloop
  endfacet
  facet normal 0 0 -1
    outer loop
      vertex 9.66987 -2.5 0
      vertex 12.5711 -0.825 0
      vertex 10.0332 -3.04381 0
    endloop
  endfacet
  facet normal -0 0 -1
    outer loop
      vertex 12.5711 -0.825 0
      vertex 9.66987 -2.5 0
      vertex 12.4756 -0.631427 0
    endloop
  endfacet
  facet normal 0 0 -1
    outer loop
      vertex 13.175 1.42894 0
      vertex 11.5 4.33013 0
      vertex 12.0866 4.6194 0
    endloop
  endfacet
  facet normal 0 0 -1
    outer loop
      vertex 9.3806 -1.91342 0
      vertex 12.4756 -0.631427 0
      vertex 9.66987 -2.5 0
    endloop
  endfacet
  facet normal 0 0 -1
    outer loop
      vertex 12.9955 1.30903 0
      vertex 10.9562 3.96677 0
      vertex 11.5 4.33013 0
    endloop
  endfacet
  facet normal -0 0 -1
    outer loop
      vertex 12.4756 -0.631427 0
      vertex 9.3806 -1.91342 0
      vertex 12.4062 -0.427051 0
    endloop
  endfacet
  facet normal 0 0 -1
    outer loop
      vertex 12.8333 1.16673 0
      vertex 10.4645 3.53553 0
      vertex 10.9562 3.96677 0
    endloop
  endfacet
  facet normal 0 0 -1
    outer loop
      vertex 9.17037 -1.2941 0
      vertex 12.4062 -0.427051 0
      vertex 9.3806 -1.91342 0
    endloop
  endfacet
  facet normal 0 0 -1
    outer loop
      vertex 12.691 1.00446 0
      vertex 10.0332 3.04381 0
      vertex 10.4645 3.53553 0
    endloop
  endfacet
  facet normal -0 0 -1
    outer loop
      vertex 12.4062 -0.427051 0
      vertex 9.17037 -1.2941 0
      vertex 12.3641 -0.215367 0
    endloop
  endfacet
  facet normal 0 0 -1
    outer loop
      vertex 12.5711 0.825 0
      vertex 9.66987 2.5 0
      vertex 10.0332 3.04381 0
    endloop
  endfacet
  facet normal 0 0 -1
    outer loop
      vertex 9.04278 -0.652631 0
      vertex 12.3641 -0.215367 0
      vertex 9.17037 -1.2941 0
    endloop
  endfacet
  facet normal 0 0 -1
    outer loop
      vertex 12.4756 0.631427 0
      vertex 9.3806 1.91342 0
      vertex 9.66987 2.5 0
    endloop
  endfacet
  facet normal -0 0 -1
    outer loop
      vertex 12.3641 -0.215367 0
      vertex 9.04278 -0.652631 0
      vertex 12.35 0 0
    endloop
  endfacet
  facet normal 0 0 -1
    outer loop
      vertex 12.4062 0.427051 0
      vertex 9.17037 1.2941 0
      vertex 9.3806 1.91342 0
    endloop
  endfacet
  facet normal 0 0 -1
    outer loop
      vertex 9 0 0
      vertex 12.35 0 0
      vertex 9.04278 -0.652631 0
    endloop
  endfacet
  facet normal 0 0 -1
    outer loop
      vertex 12.3641 0.215367 0
      vertex 9.04278 0.652631 0
      vertex 9.17037 1.2941 0
    endloop
  endfacet
  facet normal 0 0 -1
    outer loop
      vertex 12.35 0 0
      vertex 9 0 0
      vertex 9.04278 0.652631 0
    endloop
  endfacet
  facet normal -0.980787 -0.195081 0
    outer loop
      vertex 9.17037 -1.2941 0
      vertex 9.04278 -0.652631 34
      vertex 9.04278 -0.652631 0
    endloop
  endfacet
  facet normal -0.980787 -0.195081 0
    outer loop
      vertex 9.04278 -0.652631 34
      vertex 9.17037 -1.2941 0
      vertex 9.17037 -1.2941 34
    endloop
  endfacet
  facet normal -0.751784 -0.659409 0
    outer loop
      vertex 10.4645 -3.53553 0
      vertex 10.0332 -3.04381 34
      vertex 10.0332 -3.04381 0
    endloop
  endfacet
  facet normal -0.751784 -0.659409 0
    outer loop
      vertex 10.0332 -3.04381 34
      vertex 10.4645 -3.53553 0
      vertex 10.4645 -3.53553 34
    endloop
  endfacet
  facet normal 0 0 1
    outer loop
      vertex 15.65 0 34
      vertex 19 0 34
      vertex 18.9572 0.652631 34
    endloop
  endfacet
  facet normal 0 0 1
    outer loop
      vertex 15.6359 0.215367 34
      vertex 18.9572 0.652631 34
      vertex 18.8296 1.2941 34
    endloop
  endfacet
  facet normal 0 0 1
    outer loop
      vertex 19 0 34
      vertex 15.65 0 34
      vertex 18.9572 -0.652631 34
    endloop
  endfacet
  facet normal 0 0 1
    outer loop
      vertex 15.5938 0.427051 34
      vertex 18.8296 1.2941 34
      vertex 18.6194 1.91342 34
    endloop
  endfacet
  facet normal -0 0 1
    outer loop
      vertex 15.6359 -0.215367 34
      vertex 18.9572 -0.652631 34
      vertex 15.65 0 34
    endloop
  endfacet
  facet normal 0 0 1
    outer loop
      vertex 15.5244 0.631427 34
      vertex 18.6194 1.91342 34
      vertex 18.3301 2.5 34
    endloop
  endfacet
  facet normal 0 0 1
    outer loop
      vertex 18.9572 -0.652631 34
      vertex 15.6359 -0.215367 34
      vertex 18.8296 -1.2941 34
    endloop
  endfacet
  facet normal 0 0 1
    outer loop
      vertex 15.4289 0.825 34
      vertex 18.3301 2.5 34
      vertex 17.9668 3.04381 34
    endloop
  endfacet
  facet normal -0 0 1
    outer loop
      vertex 15.5938 -0.427051 34
      vertex 18.8296 -1.2941 34
      vertex 15.6359 -0.215367 34
    endloop
  endfacet
  facet normal 0 0 1
    outer loop
      vertex 15.309 1.00446 34
      vertex 17.9668 3.04381 34
      vertex 17.5355 3.53553 34
    endloop
  endfacet
  facet normal 0 0 1
    outer loop
      vertex 18.8296 -1.2941 34
      vertex 15.5938 -0.427051 34
      vertex 18.6194 -1.91342 34
    endloop
  endfacet
  facet normal 0 0 1
    outer loop
      vertex 15.1667 1.16673 34
      vertex 17.5355 3.53553 34
      vertex 17.0438 3.96677 34
    endloop
  endfacet
  facet normal -0 0 1
    outer loop
      vertex 15.5244 -0.631427 34
      vertex 18.6194 -1.91342 34
      vertex 15.5938 -0.427051 34
    endloop
  endfacet
  facet normal 0 0 1
    outer loop
      vertex 15.0045 1.30903 34
      vertex 17.0438 3.96677 34
      vertex 16.5 4.33013 34
    endloop
  endfacet
  facet normal 0 0 1
    outer loop
      vertex 18.6194 -1.91342 34
      vertex 15.5244 -0.631427 34
      vertex 18.3301 -2.5 34
    endloop
  endfacet
  facet normal 0 0 1
    outer loop
      vertex 14.825 1.42894 34
      vertex 16.5 4.33013 34
      vertex 15.9134 4.6194 34
    endloop
  endfacet
  facet normal -0 0 1
    outer loop
      vertex 15.4289 -0.825 34
      vertex 18.3301 -2.5 34
      vertex 15.5244 -0.631427 34
    endloop
  endfacet
  facet normal 0 0 1
    outer loop
      vertex 18.3301 -2.5 34
      vertex 15.4289 -0.825 34
      vertex 17.9668 -3.04381 34
    endloop
  endfacet
  facet normal 0 0 1
    outer loop
      vertex 18.9572 0.652631 34
      vertex 15.6359 0.215367 34
      vertex 15.65 0 34
    endloop
  endfacet
  facet normal 0 0 1
    outer loop
      vertex 18.8296 1.2941 34
      vertex 15.5938 0.427051 34
      vertex 15.6359 0.215367 34
    endloop
  endfacet
  facet normal 0 0 1
    outer loop
      vertex 18.6194 1.91342 34
      vertex 15.5244 0.631427 34
      vertex 15.5938 0.427051 34
    endloop
  endfacet
  facet normal 0 0 1
    outer loop
      vertex 18.3301 2.5 34
      vertex 15.4289 0.825 34
      vertex 15.5244 0.631427 34
    endloop
  endfacet
  facet normal 0 0 1
    outer loop
      vertex 17.9668 3.04381 34
      vertex 15.309 1.00446 34
      vertex 15.4289 0.825 34
    endloop
  endfacet
  facet normal 0 0 1
    outer loop
      vertex 14.6314 1.5244 34
      vertex 15.9134 4.6194 34
      vertex 15.2941 4.82963 34
    endloop
  endfacet
  facet normal 0 0 1
    outer loop
      vertex 17.5355 3.53553 34
      vertex 15.1667 1.16673 34
      vertex 15.309 1.00446 34
    endloop
  endfacet
  facet normal 0 0 1
    outer loop
      vertex 17.0438 3.96677 34
      vertex 15.0045 1.30903 34
      vertex 15.1667 1.16673 34
    endloop
  endfacet
  facet normal 0 0 1
    outer loop
      vertex 16.5 4.33013 34
      vertex 14.825 1.42894 34
      vertex 15.0045 1.30903 34
    endloop
  endfacet
  facet normal 0 0 1
    outer loop
      vertex 14.4271 1.59378 34
      vertex 15.2941 4.82963 34
      vertex 14.6526 4.95722 34
    endloop
  endfacet
  facet normal 0 0 1
    outer loop
      vertex 15.9134 4.6194 34
      vertex 14.6314 1.5244 34
      vertex 14.825 1.42894 34
    endloop
  endfacet
  facet normal 0 0 1
    outer loop
      vertex 15.2941 4.82963 34
      vertex 14.4271 1.59378 34
      vertex 14.6314 1.5244 34
    endloop
  endfacet
  facet normal 0 0 1
    outer loop
      vertex 14.6526 4.95722 34
      vertex 14.2154 1.63588 34
      vertex 14.4271 1.59378 34
    endloop
  endfacet
  facet normal 0 0 1
    outer loop
      vertex 14 5 34
      vertex 14.2154 1.63588 34
      vertex 14.6526 4.95722 34
    endloop
  endfacet
  facet normal 0 0 1
    outer loop
      vertex 14 5 34
      vertex 14 1.65 34
      vertex 14.2154 1.63588 34
    endloop
  endfacet
  facet normal 0 0 1
    outer loop
      vertex 14 5 34
      vertex 13.7846 1.63588 34
      vertex 14 1.65 34
    endloop
  endfacet
  facet normal -0 0 1
    outer loop
      vertex 13.3474 4.95722 34
      vertex 13.7846 1.63588 34
      vertex 14 5 34
    endloop
  endfacet
  facet normal 0 0 1
    outer loop
      vertex 13.7846 1.63588 34
      vertex 13.3474 4.95722 34
      vertex 13.5729 1.59378 34
    endloop
  endfacet
  facet normal -0 0 1
    outer loop
      vertex 12.7059 4.82963 34
      vertex 13.5729 1.59378 34
      vertex 13.3474 4.95722 34
    endloop
  endfacet
  facet normal 0 0 1
    outer loop
      vertex 13.5729 1.59378 34
      vertex 12.7059 4.82963 34
      vertex 13.3686 1.5244 34
    endloop
  endfacet
  facet normal -0 0 1
    outer loop
      vertex 12.0866 4.6194 34
      vertex 13.3686 1.5244 34
      vertex 12.7059 4.82963 34
    endloop
  endfacet
  facet normal 0 0 1
    outer loop
      vertex 13.3686 1.5244 34
      vertex 12.0866 4.6194 34
      vertex 13.175 1.42894 34
    endloop
  endfacet
  facet normal -0 0 1
    outer loop
      vertex 11.5 4.33013 34
      vertex 13.175 1.42894 34
      vertex 12.0866 4.6194 34
    endloop
  endfacet
  facet normal 0 0 1
    outer loop
      vertex 13.175 1.42894 34
      vertex 11.5 4.33013 34
      vertex 12.9955 1.30903 34
    endloop
  endfacet
  facet normal -0 0 1
    outer loop
      vertex 10.9562 3.96677 34
      vertex 12.9955 1.30903 34
      vertex 11.5 4.33013 34
    endloop
  endfacet
  facet normal 0 0 1
    outer loop
      vertex 12.9955 1.30903 34
      vertex 10.9562 3.96677 34
      vertex 12.8333 1.16673 34
    endloop
  endfacet
  facet normal -0 0 1
    outer loop
      vertex 10.4645 3.53553 34
      vertex 12.8333 1.16673 34
      vertex 10.9562 3.96677 34
    endloop
  endfacet
  facet normal 0 0 1
    outer loop
      vertex 12.8333 1.16673 34
      vertex 10.4645 3.53553 34
      vertex 12.691 1.00446 34
    endloop
  endfacet
  facet normal 0 0 1
    outer loop
      vertex 12.691 1.00446 34
      vertex 10.0332 3.04381 34
      vertex 12.5711 0.825 34
    endloop
  endfacet
  facet normal -0 0 1
    outer loop
      vertex 10.0332 3.04381 34
      vertex 12.691 1.00446 34
      vertex 10.4645 3.53553 34
    endloop
  endfacet
  facet normal -0 0 1
    outer loop
      vertex 15.309 -1.00446 34
      vertex 17.9668 -3.04381 34
      vertex 15.4289 -0.825 34
    endloop
  endfacet
  facet normal 0 0 1
    outer loop
      vertex 17.9668 -3.04381 34
      vertex 15.309 -1.00446 34
      vertex 17.5355 -3.53553 34
    endloop
  endfacet
  facet normal -0 0 1
    outer loop
      vertex 15.1667 -1.16673 34
      vertex 17.5355 -3.53553 34
      vertex 15.309 -1.00446 34
    endloop
  endfacet
  facet normal 0 0 1
    outer loop
      vertex 17.5355 -3.53553 34
      vertex 15.1667 -1.16673 34
      vertex 17.0438 -3.96677 34
    endloop
  endfacet
  facet normal -0 0 1
    outer loop
      vertex 15.0045 -1.30903 34
      vertex 17.0438 -3.96677 34
      vertex 15.1667 -1.16673 34
    endloop
  endfacet
  facet normal 0 0 1
    outer loop
      vertex 17.0438 -3.96677 34
      vertex 15.0045 -1.30903 34
      vertex 16.5 -4.33013 34
    endloop
  endfacet
  facet normal -0 0 1
    outer loop
      vertex 14.825 -1.42894 34
      vertex 16.5 -4.33013 34
      vertex 15.0045 -1.30903 34
    endloop
  endfacet
  facet normal 0 0 1
    outer loop
      vertex 16.5 -4.33013 34
      vertex 14.825 -1.42894 34
      vertex 15.9134 -4.6194 34
    endloop
  endfacet
  facet normal -0 0 1
    outer loop
      vertex 14.6314 -1.5244 34
      vertex 15.9134 -4.6194 34
      vertex 14.825 -1.42894 34
    endloop
  endfacet
  facet normal 0 0 1
    outer loop
      vertex 15.9134 -4.6194 34
      vertex 14.6314 -1.5244 34
      vertex 15.2941 -4.82963 34
    endloop
  endfacet
  facet normal -0 0 1
    outer loop
      vertex 14.4271 -1.59378 34
      vertex 15.2941 -4.82963 34
      vertex 14.6314 -1.5244 34
    endloop
  endfacet
  facet normal 0 0 1
    outer loop
      vertex 15.2941 -4.82963 34
      vertex 14.4271 -1.59378 34
      vertex 14.6526 -4.95722 34
    endloop
  endfacet
  facet normal -0 0 1
    outer loop
      vertex 14.2154 -1.63588 34
      vertex 14.6526 -4.95722 34
      vertex 14.4271 -1.59378 34
    endloop
  endfacet
  facet normal -0 0 1
    outer loop
      vertex 14 -1.65 34
      vertex 14.6526 -4.95722 34
      vertex 14.2154 -1.63588 34
    endloop
  endfacet
  facet normal 0 0 1
    outer loop
      vertex 14 -1.65 34
      vertex 14 -5 34
      vertex 14.6526 -4.95722 34
    endloop
  endfacet
  facet normal 0 0 1
    outer loop
      vertex 13.7846 -1.63588 34
      vertex 14 -5 34
      vertex 14 -1.65 34
    endloop
  endfacet
  facet normal 0 0 1
    outer loop
      vertex 13.3474 -4.95722 34
      vertex 13.7846 -1.63588 34
      vertex 13.5729 -1.59378 34
    endloop
  endfacet
  facet normal 0 0 1
    outer loop
      vertex 12.7059 -4.82963 34
      vertex 13.5729 -1.59378 34
      vertex 13.3686 -1.5244 34
    endloop
  endfacet
  facet normal 0 0 1
    outer loop
      vertex 13.7846 -1.63588 34
      vertex 13.3474 -4.95722 34
      vertex 14 -5 34
    endloop
  endfacet
  facet normal 0 0 1
    outer loop
      vertex 12.0866 -4.6194 34
      vertex 13.3686 -1.5244 34
      vertex 13.175 -1.42894 34
    endloop
  endfacet
  facet normal 0 0 1
    outer loop
      vertex 11.5 -4.33013 34
      vertex 13.175 -1.42894 34
      vertex 12.9955 -1.30903 34
    endloop
  endfacet
  facet normal 0 0 1
    outer loop
      vertex 10.9562 -3.96677 34
      vertex 12.9955 -1.30903 34
      vertex 12.8333 -1.16673 34
    endloop
  endfacet
  facet normal 0 0 1
    outer loop
      vertex 13.5729 -1.59378 34
      vertex 12.7059 -4.82963 34
      vertex 13.3474 -4.95722 34
    endloop
  endfacet
  facet normal 0 0 1
    outer loop
      vertex 10.4645 -3.53553 34
      vertex 12.8333 -1.16673 34
      vertex 12.691 -1.00446 34
    endloop
  endfacet
  facet normal 0 0 1
    outer loop
      vertex 10.0332 -3.04381 34
      vertex 12.691 -1.00446 34
      vertex 12.5711 -0.825 34
    endloop
  endfacet
  facet normal 0 0 1
    outer loop
      vertex 9.66987 -2.5 34
      vertex 12.5711 -0.825 34
      vertex 12.4756 -0.631427 34
    endloop
  endfacet
  facet normal 0 0 1
    outer loop
      vertex 9.3806 -1.91342 34
      vertex 12.4756 -0.631427 34
      vertex 12.4062 -0.427051 34
    endloop
  endfacet
  facet normal 0 0 1
    outer loop
      vertex 9.17037 -1.2941 34
      vertex 12.4062 -0.427051 34
      vertex 12.3641 -0.215367 34
    endloop
  endfacet
  facet normal 0 0 1
    outer loop
      vertex 13.3686 -1.5244 34
      vertex 12.0866 -4.6194 34
      vertex 12.7059 -4.82963 34
    endloop
  endfacet
  facet normal 0 0 1
    outer loop
      vertex 9.04278 -0.652631 34
      vertex 12.3641 -0.215367 34
      vertex 12.35 0 34
    endloop
  endfacet
  facet normal -0 0 1
    outer loop
      vertex 9.66987 2.5 34
      vertex 12.5711 0.825 34
      vertex 10.0332 3.04381 34
    endloop
  endfacet
  facet normal 0 0 1
    outer loop
      vertex 12.5711 0.825 34
      vertex 9.66987 2.5 34
      vertex 12.4756 0.631427 34
    endloop
  endfacet
  facet normal 0 0 1
    outer loop
      vertex 13.175 -1.42894 34
      vertex 11.5 -4.33013 34
      vertex 12.0866 -4.6194 34
    endloop
  endfacet
  facet normal -0 0 1
    outer loop
      vertex 9.3806 1.91342 34
      vertex 12.4756 0.631427 34
      vertex 9.66987 2.5 34
    endloop
  endfacet
  facet normal 0 0 1
    outer loop
      vertex 12.9955 -1.30903 34
      vertex 10.9562 -3.96677 34
      vertex 11.5 -4.33013 34
    endloop
  endfacet
  facet normal 0 0 1
    outer loop
      vertex 12.4756 0.631427 34
      vertex 9.3806 1.91342 34
      vertex 12.4062 0.427051 34
    endloop
  endfacet
  facet normal 0 0 1
    outer loop
      vertex 12.8333 -1.16673 34
      vertex 10.4645 -3.53553 34
      vertex 10.9562 -3.96677 34
    endloop
  endfacet
  facet normal -0 0 1
    outer loop
      vertex 9.17037 1.2941 34
      vertex 12.4062 0.427051 34
      vertex 9.3806 1.91342 34
    endloop
  endfacet
  facet normal 0 0 1
    outer loop
      vertex 12.691 -1.00446 34
      vertex 10.0332 -3.04381 34
      vertex 10.4645 -3.53553 34
    endloop
  endfacet
  facet normal 0 0 1
    outer loop
      vertex 12.4062 0.427051 34
      vertex 9.17037 1.2941 34
      vertex 12.3641 0.215367 34
    endloop
  endfacet
  facet normal 0 0 1
    outer loop
      vertex 12.5711 -0.825 34
      vertex 9.66987 -2.5 34
      vertex 10.0332 -3.04381 34
    endloop
  endfacet
  facet normal -0 0 1
    outer loop
      vertex 9.04278 0.652631 34
      vertex 12.3641 0.215367 34
      vertex 9.17037 1.2941 34
    endloop
  endfacet
  facet normal 0 0 1
    outer loop
      vertex 12.4756 -0.631427 34
      vertex 9.3806 -1.91342 34
      vertex 9.66987 -2.5 34
    endloop
  endfacet
  facet normal 0 0 1
    outer loop
      vertex 12.3641 0.215367 34
      vertex 9.04278 0.652631 34
      vertex 12.35 0 34
    endloop
  endfacet
  facet normal 0 0 1
    outer loop
      vertex 12.4062 -0.427051 34
      vertex 9.17037 -1.2941 34
      vertex 9.3806 -1.91342 34
    endloop
  endfacet
  facet normal 0 0 1
    outer loop
      vertex 9 0 34
      vertex 12.35 0 34
      vertex 9.04278 0.652631 34
    endloop
  endfacet
  facet normal 0 0 1
    outer loop
      vertex 12.3641 -0.215367 34
      vertex 9.04278 -0.652631 34
      vertex 9.17037 -1.2941 34
    endloop
  endfacet
  facet normal 0 0 1
    outer loop
      vertex 12.35 0 34
      vertex 9 0 34
      vertex 9.04278 -0.652631 34
    endloop
  endfacet
  facet normal -0.195072 -0.980789 0
    outer loop
      vertex 12.7059 -4.82963 0
      vertex 13.3474 -4.95722 34
      vertex 12.7059 -4.82963 34
    endloop
  endfacet
  facet normal -0.195072 -0.980789 -0
    outer loop
      vertex 13.3474 -4.95722 34
      vertex 12.7059 -4.82963 0
      vertex 13.3474 -4.95722 0
    endloop
  endfacet
  facet normal -0.831492 0.555536 0
    outer loop
      vertex 9.66987 2.5 0
      vertex 10.0332 3.04381 34
      vertex 10.0332 3.04381 0
    endloop
  endfacet
  facet normal -0.831492 0.555536 0
    outer loop
      vertex 10.0332 3.04381 34
      vertex 9.66987 2.5 0
      vertex 9.66987 2.5 34
    endloop
  endfacet
  facet normal -0.0654128 -0.997858 0
    outer loop
      vertex 13.3474 -4.95722 0
      vertex 14 -5 34
      vertex 13.3474 -4.95722 34
    endloop
  endfacet
  facet normal -0.0654128 -0.997858 -0
    outer loop
      vertex 14 -5 34
      vertex 13.3474 -4.95722 0
      vertex 14 -5 0
    endloop
  endfacet
  facet normal -0.0654121 0.997858 0
    outer loop
      vertex 14.2154 -1.63588 0
      vertex 14 -1.65 34
      vertex 14.2154 -1.63588 34
    endloop
  endfacet
  facet normal -0.0654121 0.997858 0
    outer loop
      vertex 14 -1.65 34
      vertex 14.2154 -1.63588 0
      vertex 14 -1.65 0
    endloop
  endfacet
  facet normal -0.980791 -0.195061 0
    outer loop
      vertex 15.6359 0.215367 0
      vertex 15.5938 0.427051 34
      vertex 15.5938 0.427051 0
    endloop
  endfacet
  facet normal -0.980791 -0.195061 0
    outer loop
      vertex 15.5938 0.427051 34
      vertex 15.6359 0.215367 0
      vertex 15.6359 0.215367 34
    endloop
  endfacet
  facet normal -0.997864 -0.0653298 0
    outer loop
      vertex 15.65 0 0
      vertex 15.6359 0.215367 34
      vertex 15.6359 0.215367 0
    endloop
  endfacet
  facet normal -0.997864 -0.0653298 0
    outer loop
      vertex 15.6359 0.215367 34
      vertex 15.65 0 0
      vertex 15.65 0 34
    endloop
  endfacet
  facet normal -0.946897 -0.321538 0
    outer loop
      vertex 15.5938 0.427051 0
      vertex 15.5244 0.631427 34
      vertex 15.5244 0.631427 0
    endloop
  endfacet
  facet normal -0.946897 -0.321538 0
    outer loop
      vertex 15.5244 0.631427 34
      vertex 15.5938 0.427051 0
      vertex 15.5938 0.427051 34
    endloop
  endfacet
  facet normal -0.0654121 -0.997858 0
    outer loop
      vertex 14 1.65 0
      vertex 14.2154 1.63588 34
      vertex 14 1.65 34
    endloop
  endfacet
  facet normal -0.0654121 -0.997858 -0
    outer loop
      vertex 14.2154 1.63588 34
      vertex 14 1.65 0
      vertex 14.2154 1.63588 0
    endloop
  endfacet
  facet normal 0.659488 0.751715 -0
    outer loop
      vertex 12.9955 -1.30903 0
      vertex 12.8333 -1.16673 34
      vertex 12.9955 -1.30903 34
    endloop
  endfacet
  facet normal 0.659488 0.751715 0
    outer loop
      vertex 12.8333 -1.16673 34
      vertex 12.9955 -1.30903 0
      vertex 12.8333 -1.16673 0
    endloop
  endfacet
  facet normal 0.997864 0.0653298 0
    outer loop
      vertex 12.3641 -0.215367 34
      vertex 12.35 0 0
      vertex 12.35 0 34
    endloop
  endfacet
  facet normal 0.997864 0.0653298 0
    outer loop
      vertex 12.35 0 0
      vertex 12.3641 -0.215367 34
      vertex 12.3641 -0.215367 0
    endloop
  endfacet
  facet normal 0.659488 -0.751715 0
    outer loop
      vertex 12.8333 1.16673 0
      vertex 12.9955 1.30903 34
      vertex 12.8333 1.16673 34
    endloop
  endfacet
  facet normal 0.659488 -0.751715 0
    outer loop
      vertex 12.9955 1.30903 34
      vertex 12.8333 1.16673 0
      vertex 12.9955 1.30903 0
    endloop
  endfacet
  facet normal -0.751856 -0.659328 0
    outer loop
      vertex 15.309 1.00446 0
      vertex 15.1667 1.16673 34
      vertex 15.1667 1.16673 0
    endloop
  endfacet
  facet normal -0.751856 -0.659328 0
    outer loop
      vertex 15.1667 1.16673 34
      vertex 15.309 1.00446 0
      vertex 15.309 1.00446 34
    endloop
  endfacet
  facet normal -0.997864 0.0653298 0
    outer loop
      vertex 15.6359 -0.215367 0
      vertex 15.65 0 34
      vertex 15.65 0 0
    endloop
  endfacet
  facet normal -0.997864 0.0653298 0
    outer loop
      vertex 15.65 0 34
      vertex 15.6359 -0.215367 0
      vertex 15.6359 -0.215367 34
    endloop
  endfacet
  facet normal -0.44224 -0.896897 0
    outer loop
      vertex 14.6314 1.5244 0
      vertex 14.825 1.42894 34
      vertex 14.6314 1.5244 34
    endloop
  endfacet
  facet normal -0.44224 -0.896897 -0
    outer loop
      vertex 14.825 1.42894 34
      vertex 14.6314 1.5244 0
      vertex 14.825 1.42894 0
    endloop
  endfacet
  facet normal -0.896799 0.442439 0
    outer loop
      vertex 15.4289 -0.825 0
      vertex 15.5244 -0.631427 34
      vertex 15.5244 -0.631427 0
    endloop
  endfacet
  facet normal -0.896799 0.442439 0
    outer loop
      vertex 15.5244 -0.631427 34
      vertex 15.4289 -0.825 0
      vertex 15.4289 -0.825 34
    endloop
  endfacet
  facet normal 0.321562 0.946889 -0
    outer loop
      vertex 13.5729 -1.59378 0
      vertex 13.3686 -1.5244 34
      vertex 13.5729 -1.59378 34
    endloop
  endfacet
  facet normal 0.321562 0.946889 0
    outer loop
      vertex 13.3686 -1.5244 34
      vertex 13.5729 -1.59378 0
      vertex 13.3686 -1.5244 0
    endloop
  endfacet
  facet normal -0.831494 -0.555534 0
    outer loop
      vertex 15.4289 0.825 0
      vertex 15.309 1.00446 34
      vertex 15.309 1.00446 0
    endloop
  endfacet
  facet normal -0.831494 -0.555534 0
    outer loop
      vertex 15.309 1.00446 34
      vertex 15.4289 0.825 0
      vertex 15.4289 0.825 34
    endloop
  endfacet
  facet normal -0.896799 -0.442439 0
    outer loop
      vertex 15.5244 0.631427 0
      vertex 15.4289 0.825 34
      vertex 15.4289 0.825 0
    endloop
  endfacet
  facet normal -0.896799 -0.442439 0
    outer loop
      vertex 15.4289 0.825 34
      vertex 15.5244 0.631427 0
      vertex 15.5244 0.631427 34
    endloop
  endfacet
  facet normal 0.831494 0.555534 0
    outer loop
      vertex 12.691 -1.00446 34
      vertex 12.5711 -0.825 0
      vertex 12.5711 -0.825 34
    endloop
  endfacet
  facet normal 0.831494 0.555534 0
    outer loop
      vertex 12.5711 -0.825 0
      vertex 12.691 -1.00446 34
      vertex 12.691 -1.00446 0
    endloop
  endfacet
  facet normal -0.44224 0.896897 0
    outer loop
      vertex 14.825 -1.42894 0
      vertex 14.6314 -1.5244 34
      vertex 14.825 -1.42894 34
    endloop
  endfacet
  facet normal -0.44224 0.896897 0
    outer loop
      vertex 14.6314 -1.5244 34
      vertex 14.825 -1.42894 0
      vertex 14.6314 -1.5244 0
    endloop
  endfacet
  facet normal 0.44224 -0.896897 0
    outer loop
      vertex 13.175 1.42894 0
      vertex 13.3686 1.5244 34
      vertex 13.175 1.42894 34
    endloop
  endfacet
  facet normal 0.44224 -0.896897 0
    outer loop
      vertex 13.3686 1.5244 34
      vertex 13.175 1.42894 0
      vertex 13.3686 1.5244 0
    endloop
  endfacet
  facet normal 0.997864 -0.0653298 0
    outer loop
      vertex 12.35 0 34
      vertex 12.3641 0.215367 0
      vertex 12.3641 0.215367 34
    endloop
  endfacet
  facet normal 0.997864 -0.0653298 0
    outer loop
      vertex 12.3641 0.215367 0
      vertex 12.35 0 34
      vertex 12.35 0 0
    endloop
  endfacet
  facet normal -0.195047 -0.980794 0
    outer loop
      vertex 14.2154 1.63588 0
      vertex 14.4271 1.59378 34
      vertex 14.2154 1.63588 34
    endloop
  endfacet
  facet normal -0.195047 -0.980794 -0
    outer loop
      vertex 14.4271 1.59378 34
      vertex 14.2154 1.63588 0
      vertex 14.4271 1.59378 0
    endloop
  endfacet
  facet normal 0.751856 -0.659328 0
    outer loop
      vertex 12.691 1.00446 34
      vertex 12.8333 1.16673 0
      vertex 12.8333 1.16673 34
    endloop
  endfacet
  facet normal 0.751856 -0.659328 0
    outer loop
      vertex 12.8333 1.16673 0
      vertex 12.691 1.00446 34
      vertex 12.691 1.00446 0
    endloop
  endfacet
  facet normal 0.946897 0.321538 0
    outer loop
      vertex 12.4756 -0.631427 34
      vertex 12.4062 -0.427051 0
      vertex 12.4062 -0.427051 34
    endloop
  endfacet
  facet normal 0.946897 0.321538 0
    outer loop
      vertex 12.4062 -0.427051 0
      vertex 12.4756 -0.631427 34
      vertex 12.4756 -0.631427 0
    endloop
  endfacet
  facet normal -0.946897 0.321538 0
    outer loop
      vertex 15.5244 -0.631427 0
      vertex 15.5938 -0.427051 34
      vertex 15.5938 -0.427051 0
    endloop
  endfacet
  facet normal -0.946897 0.321538 0
    outer loop
      vertex 15.5938 -0.427051 34
      vertex 15.5244 -0.631427 0
      vertex 15.5244 -0.631427 34
    endloop
  endfacet
  facet normal 0.980791 -0.195061 0
    outer loop
      vertex 12.3641 0.215367 34
      vertex 12.4062 0.427051 0
      vertex 12.4062 0.427051 34
    endloop
  endfacet
  facet normal 0.980791 -0.195061 0
    outer loop
      vertex 12.4062 0.427051 0
      vertex 12.3641 0.215367 34
      vertex 12.3641 0.215367 0
    endloop
  endfacet
  facet normal 0.44224 0.896897 -0
    outer loop
      vertex 13.3686 -1.5244 0
      vertex 13.175 -1.42894 34
      vertex 13.3686 -1.5244 34
    endloop
  endfacet
  facet normal 0.44224 0.896897 0
    outer loop
      vertex 13.175 -1.42894 34
      vertex 13.3686 -1.5244 0
      vertex 13.175 -1.42894 0
    endloop
  endfacet
  facet normal 0.55548 -0.83153 0
    outer loop
      vertex 12.9955 1.30903 0
      vertex 13.175 1.42894 34
      vertex 12.9955 1.30903 34
    endloop
  endfacet
  facet normal 0.55548 -0.83153 0
    outer loop
      vertex 13.175 1.42894 34
      vertex 12.9955 1.30903 0
      vertex 13.175 1.42894 0
    endloop
  endfacet
  facet normal -0.659488 0.751715 0
    outer loop
      vertex 15.1667 -1.16673 0
      vertex 15.0045 -1.30903 34
      vertex 15.1667 -1.16673 34
    endloop
  endfacet
  facet normal -0.659488 0.751715 0
    outer loop
      vertex 15.0045 -1.30903 34
      vertex 15.1667 -1.16673 0
      vertex 15.0045 -1.30903 0
    endloop
  endfacet
  facet normal 0.321562 -0.946889 0
    outer loop
      vertex 13.3686 1.5244 0
      vertex 13.5729 1.59378 34
      vertex 13.3686 1.5244 34
    endloop
  endfacet
  facet normal 0.321562 -0.946889 0
    outer loop
      vertex 13.5729 1.59378 34
      vertex 13.3686 1.5244 0
      vertex 13.5729 1.59378 0
    endloop
  endfacet
  facet normal -0.831494 0.555534 0
    outer loop
      vertex 15.309 -1.00446 0
      vertex 15.4289 -0.825 34
      vertex 15.4289 -0.825 0
    endloop
  endfacet
  facet normal -0.831494 0.555534 0
    outer loop
      vertex 15.4289 -0.825 34
      vertex 15.309 -1.00446 0
      vertex 15.309 -1.00446 34
    endloop
  endfacet
  facet normal -0.55548 0.83153 0
    outer loop
      vertex 15.0045 -1.30903 0
      vertex 14.825 -1.42894 34
      vertex 15.0045 -1.30903 34
    endloop
  endfacet
  facet normal -0.55548 0.83153 0
    outer loop
      vertex 14.825 -1.42894 34
      vertex 15.0045 -1.30903 0
      vertex 14.825 -1.42894 0
    endloop
  endfacet
  facet normal -0.751856 0.659328 0
    outer loop
      vertex 15.1667 -1.16673 0
      vertex 15.309 -1.00446 34
      vertex 15.309 -1.00446 0
    endloop
  endfacet
  facet normal -0.751856 0.659328 0
    outer loop
      vertex 15.309 -1.00446 34
      vertex 15.1667 -1.16673 0
      vertex 15.1667 -1.16673 34
    endloop
  endfacet
  facet normal -0.980791 0.195061 0
    outer loop
      vertex 15.5938 -0.427051 0
      vertex 15.6359 -0.215367 34
      vertex 15.6359 -0.215367 0
    endloop
  endfacet
  facet normal -0.980791 0.195061 0
    outer loop
      vertex 15.6359 -0.215367 34
      vertex 15.5938 -0.427051 0
      vertex 15.5938 -0.427051 34
    endloop
  endfacet
  facet normal 0.0654121 -0.997858 0
    outer loop
      vertex 13.7846 1.63588 0
      vertex 14 1.65 34
      vertex 13.7846 1.63588 34
    endloop
  endfacet
  facet normal 0.0654121 -0.997858 0
    outer loop
      vertex 14 1.65 34
      vertex 13.7846 1.63588 0
      vertex 14 1.65 0
    endloop
  endfacet
  facet normal 0.896799 0.442439 0
    outer loop
      vertex 12.5711 -0.825 34
      vertex 12.4756 -0.631427 0
      vertex 12.4756 -0.631427 34
    endloop
  endfacet
  facet normal 0.896799 0.442439 0
    outer loop
      vertex 12.4756 -0.631427 0
      vertex 12.5711 -0.825 34
      vertex 12.5711 -0.825 0
    endloop
  endfacet
  facet normal 0.55548 0.83153 -0
    outer loop
      vertex 13.175 -1.42894 0
      vertex 12.9955 -1.30903 34
      vertex 13.175 -1.42894 34
    endloop
  endfacet
  facet normal 0.55548 0.83153 0
    outer loop
      vertex 12.9955 -1.30903 34
      vertex 13.175 -1.42894 0
      vertex 12.9955 -1.30903 0
    endloop
  endfacet
  facet normal 0.896799 -0.442439 0
    outer loop
      vertex 12.4756 0.631427 34
      vertex 12.5711 0.825 0
      vertex 12.5711 0.825 34
    endloop
  endfacet
  facet normal 0.896799 -0.442439 0
    outer loop
      vertex 12.5711 0.825 0
      vertex 12.4756 0.631427 34
      vertex 12.4756 0.631427 0
    endloop
  endfacet
  facet normal -0.55548 -0.83153 0
    outer loop
      vertex 14.825 1.42894 0
      vertex 15.0045 1.30903 34
      vertex 14.825 1.42894 34
    endloop
  endfacet
  facet normal -0.55548 -0.83153 -0
    outer loop
      vertex 15.0045 1.30903 34
      vertex 14.825 1.42894 0
      vertex 15.0045 1.30903 0
    endloop
  endfacet
  facet normal 0.980791 0.195061 0
    outer loop
      vertex 12.4062 -0.427051 34
      vertex 12.3641 -0.215367 0
      vertex 12.3641 -0.215367 34
    endloop
  endfacet
  facet normal 0.980791 0.195061 0
    outer loop
      vertex 12.3641 -0.215367 0
      vertex 12.4062 -0.427051 34
      vertex 12.4062 -0.427051 0
    endloop
  endfacet
  facet normal -0.321562 0.946889 0
    outer loop
      vertex 14.6314 -1.5244 0
      vertex 14.4271 -1.59378 34
      vertex 14.6314 -1.5244 34
    endloop
  endfacet
  facet normal -0.321562 0.946889 0
    outer loop
      vertex 14.4271 -1.59378 34
      vertex 14.6314 -1.5244 0
      vertex 14.4271 -1.59378 0
    endloop
  endfacet
  facet normal -0.659488 -0.751715 0
    outer loop
      vertex 15.0045 1.30903 0
      vertex 15.1667 1.16673 34
      vertex 15.0045 1.30903 34
    endloop
  endfacet
  facet normal -0.659488 -0.751715 -0
    outer loop
      vertex 15.1667 1.16673 34
      vertex 15.0045 1.30903 0
      vertex 15.1667 1.16673 0
    endloop
  endfacet
  facet normal -0.195047 0.980794 0
    outer loop
      vertex 14.4271 -1.59378 0
      vertex 14.2154 -1.63588 34
      vertex 14.4271 -1.59378 34
    endloop
  endfacet
  facet normal -0.195047 0.980794 0
    outer loop
      vertex 14.2154 -1.63588 34
      vertex 14.4271 -1.59378 0
      vertex 14.2154 -1.63588 0
    endloop
  endfacet
  facet normal 0.946897 -0.321538 0
    outer loop
      vertex 12.4062 0.427051 34
      vertex 12.4756 0.631427 0
      vertex 12.4756 0.631427 34
    endloop
  endfacet
  facet normal 0.946897 -0.321538 0
    outer loop
      vertex 12.4756 0.631427 0
      vertex 12.4062 0.427051 34
      vertex 12.4062 0.427051 0
    endloop
  endfacet
  facet normal 0.195047 -0.980794 0
    outer loop
      vertex 13.5729 1.59378 0
      vertex 13.7846 1.63588 34
      vertex 13.5729 1.59378 34
    endloop
  endfacet
  facet normal 0.195047 -0.980794 0
    outer loop
      vertex 13.7846 1.63588 34
      vertex 13.5729 1.59378 0
      vertex 13.7846 1.63588 0
    endloop
  endfacet
  facet normal 0.0654121 0.997858 -0
    outer loop
      vertex 14 -1.65 0
      vertex 13.7846 -1.63588 34
      vertex 14 -1.65 34
    endloop
  endfacet
  facet normal 0.0654121 0.997858 0
    outer loop
      vertex 13.7846 -1.63588 34
      vertex 14 -1.65 0
      vertex 13.7846 -1.63588 0
    endloop
  endfacet
  facet normal 0.751856 0.659328 0
    outer loop
      vertex 12.8333 -1.16673 34
      vertex 12.691 -1.00446 0
      vertex 12.691 -1.00446 34
    endloop
  endfacet
  facet normal 0.751856 0.659328 0
    outer loop
      vertex 12.691 -1.00446 0
      vertex 12.8333 -1.16673 34
      vertex 12.8333 -1.16673 0
    endloop
  endfacet
  facet normal 0.195047 0.980794 -0
    outer loop
      vertex 13.7846 -1.63588 0
      vertex 13.5729 -1.59378 34
      vertex 13.7846 -1.63588 34
    endloop
  endfacet
  facet normal 0.195047 0.980794 0
    outer loop
      vertex 13.5729 -1.59378 34
      vertex 13.7846 -1.63588 0
      vertex 13.5729 -1.59378 0
    endloop
  endfacet
  facet normal -0.321562 -0.946889 0
    outer loop
      vertex 14.4271 1.59378 0
      vertex 14.6314 1.5244 34
      vertex 14.4271 1.59378 34
    endloop
  endfacet
  facet normal -0.321562 -0.946889 -0
    outer loop
      vertex 14.6314 1.5244 34
      vertex 14.4271 1.59378 0
      vertex 14.6314 1.5244 0
    endloop
  endfacet
  facet normal 0.831494 -0.555534 0
    outer loop
      vertex 12.5711 0.825 34
      vertex 12.691 1.00446 0
      vertex 12.691 1.00446 34
    endloop
  endfacet
  facet normal 0.831494 -0.555534 0
    outer loop
      vertex 12.691 1.00446 0
      vertex 12.5711 0.825 34
      vertex 12.5711 0.825 0
    endloop
  endfacet
  facet normal 0.980784 0.195096 0
    outer loop
      vertex 32.9572 0.652631 34
      vertex 32.8296 1.2941 0
      vertex 32.8296 1.2941 34
    endloop
  endfacet
  facet normal 0.980784 0.195096 0
    outer loop
      vertex 32.8296 1.2941 0
      vertex 32.9572 0.652631 34
      vertex 32.9572 0.652631 0
    endloop
  endfacet
  facet normal 0.997856 0.0654401 0
    outer loop
      vertex 33 0 34
      vertex 32.9572 0.652631 0
      vertex 32.9572 0.652631 34
    endloop
  endfacet
  facet normal 0.997856 0.0654401 0
    outer loop
      vertex 32.9572 0.652631 0
      vertex 33 0 34
      vertex 33 0 0
    endloop
  endfacet
  facet normal 0.321448 -0.946927 0
    outer loop
      vertex 29.2941 -4.82963 0
      vertex 29.9134 -4.6194 34
      vertex 29.2941 -4.82963 34
    endloop
  endfacet
  facet normal 0.321448 -0.946927 0
    outer loop
      vertex 29.9134 -4.6194 34
      vertex 29.2941 -4.82963 0
      vertex 29.9134 -4.6194 0
    endloop
  endfacet
  facet normal 0.831514 0.555504 0
    outer loop
      vertex 32.3301 2.5 34
      vertex 31.9668 3.04381 0
      vertex 31.9668 3.04381 34
    endloop
  endfacet
  facet normal 0.831514 0.555504 0
    outer loop
      vertex 31.9668 3.04381 0
      vertex 32.3301 2.5 34
      vertex 32.3301 2.5 0
    endloop
  endfacet
  facet normal -0.896854 0.442327 0
    outer loop
      vertex 23.3806 1.91342 0
      vertex 23.6699 2.5 34
      vertex 23.6699 2.5 0
    endloop
  endfacet
  facet normal -0.896854 0.442327 0
    outer loop
      vertex 23.6699 2.5 34
      vertex 23.3806 1.91342 0
      vertex 23.3806 1.91342 34
    endloop
  endfacet
  facet normal -0.555575 0.831466 0
    outer loop
      vertex 25.5 4.33013 0
      vertex 24.9562 3.96677 34
      vertex 25.5 4.33013 34
    endloop
  endfacet
  facet normal -0.555575 0.831466 0
    outer loop
      vertex 24.9562 3.96677 34
      vertex 25.5 4.33013 0
      vertex 24.9562 3.96677 0
    endloop
  endfacet
  facet normal -0.659372 0.751817 0
    outer loop
      vertex 24.9562 3.96677 0
      vertex 24.4645 3.53553 34
      vertex 24.9562 3.96677 34
    endloop
  endfacet
  facet normal -0.659372 0.751817 0
    outer loop
      vertex 24.4645 3.53553 34
      vertex 24.9562 3.96677 0
      vertex 24.4645 3.53553 0
    endloop
  endfacet
  facet normal -0.751784 0.659409 0
    outer loop
      vertex 24.0332 3.04381 0
      vertex 24.4645 3.53553 34
      vertex 24.4645 3.53553 0
    endloop
  endfacet
  facet normal -0.751784 0.659409 0
    outer loop
      vertex 24.4645 3.53553 34
      vertex 24.0332 3.04381 0
      vertex 24.0332 3.04381 34
    endloop
  endfacet
  facet normal 0.946944 -0.321397 0
    outer loop
      vertex 32.6194 -1.91342 34
      vertex 32.8296 -1.2941 0
      vertex 32.8296 -1.2941 34
    endloop
  endfacet
  facet normal 0.946944 -0.321397 0
    outer loop
      vertex 32.8296 -1.2941 0
      vertex 32.6194 -1.91342 34
      vertex 32.6194 -1.91342 0
    endloop
  endfacet
  facet normal -0.997856 0.0654401 0
    outer loop
      vertex 23 0 0
      vertex 23.0428 0.652631 34
      vertex 23.0428 0.652631 0
    endloop
  endfacet
  facet normal -0.997856 0.0654401 0
    outer loop
      vertex 23.0428 0.652631 34
      vertex 23 0 0
      vertex 23 0 34
    endloop
  endfacet
  facet normal 0.555575 0.831466 -0
    outer loop
      vertex 31.0438 3.96677 0
      vertex 30.5 4.33013 34
      vertex 31.0438 3.96677 34
    endloop
  endfacet
  facet normal 0.555575 0.831466 0
    outer loop
      vertex 30.5 4.33013 34
      vertex 31.0438 3.96677 0
      vertex 30.5 4.33013 0
    endloop
  endfacet
  facet normal -0.321448 -0.946927 0
    outer loop
      vertex 26.0866 -4.6194 0
      vertex 26.7059 -4.82963 34
      vertex 26.0866 -4.6194 34
    endloop
  endfacet
  facet normal -0.321448 -0.946927 -0
    outer loop
      vertex 26.7059 -4.82963 34
      vertex 26.0866 -4.6194 0
      vertex 26.7059 -4.82963 0
    endloop
  endfacet
  facet normal 0.195072 -0.980789 0
    outer loop
      vertex 28.6526 -4.95722 0
      vertex 29.2941 -4.82963 34
      vertex 28.6526 -4.95722 34
    endloop
  endfacet
  facet normal 0.195072 -0.980789 0
    outer loop
      vertex 29.2941 -4.82963 34
      vertex 28.6526 -4.95722 0
      vertex 29.2941 -4.82963 0
    endloop
  endfacet
  facet normal -0.321448 0.946927 0
    outer loop
      vertex 26.7059 4.82963 0
      vertex 26.0866 4.6194 34
      vertex 26.7059 4.82963 34
    endloop
  endfacet
  facet normal -0.321448 0.946927 0
    outer loop
      vertex 26.0866 4.6194 34
      vertex 26.7059 4.82963 0
      vertex 26.0866 4.6194 0
    endloop
  endfacet
  facet normal -0.831514 -0.555504 0
    outer loop
      vertex 24.0332 -3.04381 0
      vertex 23.6699 -2.5 34
      vertex 23.6699 -2.5 0
    endloop
  endfacet
  facet normal -0.831514 -0.555504 0
    outer loop
      vertex 23.6699 -2.5 34
      vertex 24.0332 -3.04381 0
      vertex 24.0332 -3.04381 34
    endloop
  endfacet
  facet normal 0.555575 -0.831466 0
    outer loop
      vertex 30.5 -4.33013 0
      vertex 31.0438 -3.96677 34
      vertex 30.5 -4.33013 34
    endloop
  endfacet
  facet normal 0.555575 -0.831466 0
    outer loop
      vertex 31.0438 -3.96677 34
      vertex 30.5 -4.33013 0
      vertex 31.0438 -3.96677 0
    endloop
  endfacet
  facet normal -0.946944 0.321397 0
    outer loop
      vertex 23.1704 1.2941 0
      vertex 23.3806 1.91342 34
      vertex 23.3806 1.91342 0
    endloop
  endfacet
  facet normal -0.946944 0.321397 0
    outer loop
      vertex 23.3806 1.91342 34
      vertex 23.1704 1.2941 0
      vertex 23.1704 1.2941 34
    endloop
  endfacet
  facet normal 0.321448 0.946927 -0
    outer loop
      vertex 29.9134 4.6194 0
      vertex 29.2941 4.82963 34
      vertex 29.9134 4.6194 34
    endloop
  endfacet
  facet normal 0.321448 0.946927 0
    outer loop
      vertex 29.2941 4.82963 34
      vertex 29.9134 4.6194 0
      vertex 29.2941 4.82963 0
    endloop
  endfacet
  facet normal 0.0654128 0.997858 -0
    outer loop
      vertex 28.6526 4.95722 0
      vertex 28 5 34
      vertex 28.6526 4.95722 34
    endloop
  endfacet
  facet normal 0.0654128 0.997858 0
    outer loop
      vertex 28 5 34
      vertex 28.6526 4.95722 0
      vertex 28 5 0
    endloop
  endfacet
  facet normal -0.442277 0.896878 0
    outer loop
      vertex 26.0866 4.6194 0
      vertex 25.5 4.33013 34
      vertex 26.0866 4.6194 34
    endloop
  endfacet
  facet normal -0.442277 0.896878 0
    outer loop
      vertex 25.5 4.33013 34
      vertex 26.0866 4.6194 0
      vertex 25.5 4.33013 0
    endloop
  endfacet
  facet normal 0.831514 -0.555504 0
    outer loop
      vertex 31.9668 -3.04381 34
      vertex 32.3301 -2.5 0
      vertex 32.3301 -2.5 34
    endloop
  endfacet
  facet normal 0.831514 -0.555504 0
    outer loop
      vertex 32.3301 -2.5 0
      vertex 31.9668 -3.04381 34
      vertex 31.9668 -3.04381 0
    endloop
  endfacet
  facet normal -0.997856 -0.0654401 0
    outer loop
      vertex 23.0428 -0.652631 0
      vertex 23 0 34
      vertex 23 0 0
    endloop
  endfacet
  facet normal -0.997856 -0.0654401 0
    outer loop
      vertex 23 0 34
      vertex 23.0428 -0.652631 0
      vertex 23.0428 -0.652631 34
    endloop
  endfacet
  facet normal -0.946944 -0.321397 0
    outer loop
      vertex 23.3806 -1.91342 0
      vertex 23.1704 -1.2941 34
      vertex 23.1704 -1.2941 0
    endloop
  endfacet
  facet normal -0.946944 -0.321397 0
    outer loop
      vertex 23.1704 -1.2941 34
      vertex 23.3806 -1.91342 0
      vertex 23.3806 -1.91342 34
    endloop
  endfacet
  facet normal -0.659372 -0.751817 0
    outer loop
      vertex 24.4645 -3.53553 0
      vertex 24.9562 -3.96677 34
      vertex 24.4645 -3.53553 34
    endloop
  endfacet
  facet normal -0.659372 -0.751817 -0
    outer loop
      vertex 24.9562 -3.96677 34
      vertex 24.4645 -3.53553 0
      vertex 24.9562 -3.96677 0
    endloop
  endfacet
  facet normal 0.442277 0.896878 -0
    outer loop
      vertex 30.5 4.33013 0
      vertex 29.9134 4.6194 34
      vertex 30.5 4.33013 34
    endloop
  endfacet
  facet normal 0.442277 0.896878 0
    outer loop
      vertex 29.9134 4.6194 34
      vertex 30.5 4.33013 0
      vertex 29.9134 4.6194 0
    endloop
  endfacet
  facet normal -0.195072 0.980789 0
    outer loop
      vertex 27.3474 4.95722 0
      vertex 26.7059 4.82963 34
      vertex 27.3474 4.95722 34
    endloop
  endfacet
  facet normal -0.195072 0.980789 0
    outer loop
      vertex 26.7059 4.82963 34
      vertex 27.3474 4.95722 0
      vertex 26.7059 4.82963 0
    endloop
  endfacet
  facet normal 0.751784 0.659409 0
    outer loop
      vertex 31.9668 3.04381 34
      vertex 31.5355 3.53553 0
      vertex 31.5355 3.53553 34
    endloop
  endfacet
  facet normal 0.751784 0.659409 0
    outer loop
      vertex 31.5355 3.53553 0
      vertex 31.9668 3.04381 34
      vertex 31.9668 3.04381 0
    endloop
  endfacet
  facet normal 0.195072 0.980789 -0
    outer loop
      vertex 29.2941 4.82963 0
      vertex 28.6526 4.95722 34
      vertex 29.2941 4.82963 34
    endloop
  endfacet
  facet normal 0.195072 0.980789 0
    outer loop
      vertex 28.6526 4.95722 34
      vertex 29.2941 4.82963 0
      vertex 28.6526 4.95722 0
    endloop
  endfacet
  facet normal 0.751784 -0.659409 0
    outer loop
      vertex 31.5355 -3.53553 34
      vertex 31.9668 -3.04381 0
      vertex 31.9668 -3.04381 34
    endloop
  endfacet
  facet normal 0.751784 -0.659409 0
    outer loop
      vertex 31.9668 -3.04381 0
      vertex 31.5355 -3.53553 34
      vertex 31.5355 -3.53553 0
    endloop
  endfacet
  facet normal -0.442277 -0.896878 0
    outer loop
      vertex 25.5 -4.33013 0
      vertex 26.0866 -4.6194 34
      vertex 25.5 -4.33013 34
    endloop
  endfacet
  facet normal -0.442277 -0.896878 -0
    outer loop
      vertex 26.0866 -4.6194 34
      vertex 25.5 -4.33013 0
      vertex 26.0866 -4.6194 0
    endloop
  endfacet
  facet normal -0.0654128 0.997858 0
    outer loop
      vertex 28 5 0
      vertex 27.3474 4.95722 34
      vertex 28 5 34
    endloop
  endfacet
  facet normal -0.0654128 0.997858 0
    outer loop
      vertex 27.3474 4.95722 34
      vertex 28 5 0
      vertex 27.3474 4.95722 0
    endloop
  endfacet
  facet normal -0.980784 0.195096 0
    outer loop
      vertex 23.0428 0.652631 0
      vertex 23.1704 1.2941 34
      vertex 23.1704 1.2941 0
    endloop
  endfacet
  facet normal -0.980784 0.195096 0
    outer loop
      vertex 23.1704 1.2941 34
      vertex 23.0428 0.652631 0
      vertex 23.0428 0.652631 34
    endloop
  endfacet
  facet normal 0.0654128 -0.997858 0
    outer loop
      vertex 28 -5 0
      vertex 28.6526 -4.95722 34
      vertex 28 -5 34
    endloop
  endfacet
  facet normal 0.0654128 -0.997858 0
    outer loop
      vertex 28.6526 -4.95722 34
      vertex 28 -5 0
      vertex 28.6526 -4.95722 0
    endloop
  endfacet
  facet normal 0.442277 -0.896878 0
    outer loop
      vertex 29.9134 -4.6194 0
      vertex 30.5 -4.33013 34
      vertex 29.9134 -4.6194 34
    endloop
  endfacet
  facet normal 0.442277 -0.896878 0
    outer loop
      vertex 30.5 -4.33013 34
      vertex 29.9134 -4.6194 0
      vertex 30.5 -4.33013 0
    endloop
  endfacet
  facet normal 0.659372 -0.751817 0
    outer loop
      vertex 31.0438 -3.96677 0
      vertex 31.5355 -3.53553 34
      vertex 31.0438 -3.96677 34
    endloop
  endfacet
  facet normal 0.659372 -0.751817 0
    outer loop
      vertex 31.5355 -3.53553 34
      vertex 31.0438 -3.96677 0
      vertex 31.5355 -3.53553 0
    endloop
  endfacet
  facet normal -0.896854 -0.442327 0
    outer loop
      vertex 23.6699 -2.5 0
      vertex 23.3806 -1.91342 34
      vertex 23.3806 -1.91342 0
    endloop
  endfacet
  facet normal -0.896854 -0.442327 0
    outer loop
      vertex 23.3806 -1.91342 34
      vertex 23.6699 -2.5 0
      vertex 23.6699 -2.5 34
    endloop
  endfacet
  facet normal 0.896854 -0.442327 0
    outer loop
      vertex 32.3301 -2.5 34
      vertex 32.6194 -1.91342 0
      vertex 32.6194 -1.91342 34
    endloop
  endfacet
  facet normal 0.896854 -0.442327 0
    outer loop
      vertex 32.6194 -1.91342 0
      vertex 32.3301 -2.5 34
      vertex 32.3301 -2.5 0
    endloop
  endfacet
  facet normal 0.659372 0.751817 -0
    outer loop
      vertex 31.5355 3.53553 0
      vertex 31.0438 3.96677 34
      vertex 31.5355 3.53553 34
    endloop
  endfacet
  facet normal 0.659372 0.751817 0
    outer loop
      vertex 31.0438 3.96677 34
      vertex 31.5355 3.53553 0
      vertex 31.0438 3.96677 0
    endloop
  endfacet
  facet normal 0.997856 -0.0654401 0
    outer loop
      vertex 32.9572 -0.652631 34
      vertex 33 0 0
      vertex 33 0 34
    endloop
  endfacet
  facet normal 0.997856 -0.0654401 0
    outer loop
      vertex 33 0 0
      vertex 32.9572 -0.652631 34
      vertex 32.9572 -0.652631 0
    endloop
  endfacet
  facet normal -0.555575 -0.831466 0
    outer loop
      vertex 24.9562 -3.96677 0
      vertex 25.5 -4.33013 34
      vertex 24.9562 -3.96677 34
    endloop
  endfacet
  facet normal -0.555575 -0.831466 -0
    outer loop
      vertex 25.5 -4.33013 34
      vertex 24.9562 -3.96677 0
      vertex 25.5 -4.33013 0
    endloop
  endfacet
  facet normal 0.896854 0.442327 0
    outer loop
      vertex 32.6194 1.91342 34
      vertex 32.3301 2.5 0
      vertex 32.3301 2.5 34
    endloop
  endfacet
  facet normal 0.896854 0.442327 0
    outer loop
      vertex 32.3301 2.5 0
      vertex 32.6194 1.91342 34
      vertex 32.6194 1.91342 0
    endloop
  endfacet
  facet normal 0.980784 -0.195096 0
    outer loop
      vertex 32.8296 -1.2941 34
      vertex 32.9572 -0.652631 0
      vertex 32.9572 -0.652631 34
    endloop
  endfacet
  facet normal 0.980784 -0.195096 0
    outer loop
      vertex 32.9572 -0.652631 0
      vertex 32.8296 -1.2941 34
      vertex 32.8296 -1.2941 0
    endloop
  endfacet
  facet normal 0.946944 0.321397 0
    outer loop
      vertex 32.8296 1.2941 34
      vertex 32.6194 1.91342 0
      vertex 32.6194 1.91342 34
    endloop
  endfacet
  facet normal 0.946944 0.321397 0
    outer loop
      vertex 32.6194 1.91342 0
      vertex 32.8296 1.2941 34
      vertex 32.8296 1.2941 0
    endloop
  endfacet
  facet normal 0 0 -1
    outer loop
      vertex 29.65 0 0
      vertex 33 0 0
      vertex 32.9572 -0.652631 0
    endloop
  endfacet
  facet normal 0 0 -1
    outer loop
      vertex 29.6359 -0.215367 0
      vertex 32.9572 -0.652631 0
      vertex 32.8296 -1.2941 0
    endloop
  endfacet
  facet normal 0 0 -1
    outer loop
      vertex 33 0 0
      vertex 29.65 0 0
      vertex 32.9572 0.652631 0
    endloop
  endfacet
  facet normal 0 0 -1
    outer loop
      vertex 29.5938 -0.427051 0
      vertex 32.8296 -1.2941 0
      vertex 32.6194 -1.91342 0
    endloop
  endfacet
  facet normal 0 0 -1
    outer loop
      vertex 29.6359 0.215367 0
      vertex 32.9572 0.652631 0
      vertex 29.65 0 0
    endloop
  endfacet
  facet normal 0 0 -1
    outer loop
      vertex 29.5244 -0.631427 0
      vertex 32.6194 -1.91342 0
      vertex 32.3301 -2.5 0
    endloop
  endfacet
  facet normal -0 0 -1
    outer loop
      vertex 32.9572 0.652631 0
      vertex 29.6359 0.215367 0
      vertex 32.8296 1.2941 0
    endloop
  endfacet
  facet normal 0 0 -1
    outer loop
      vertex 29.4289 -0.825 0
      vertex 32.3301 -2.5 0
      vertex 31.9668 -3.04381 0
    endloop
  endfacet
  facet normal 0 0 -1
    outer loop
      vertex 29.5938 0.427051 0
      vertex 32.8296 1.2941 0
      vertex 29.6359 0.215367 0
    endloop
  endfacet
  facet normal 0 0 -1
    outer loop
      vertex 29.309 -1.00446 0
      vertex 31.9668 -3.04381 0
      vertex 31.5355 -3.53553 0
    endloop
  endfacet
  facet normal -0 0 -1
    outer loop
      vertex 32.8296 1.2941 0
      vertex 29.5938 0.427051 0
      vertex 32.6194 1.91342 0
    endloop
  endfacet
  facet normal 0 0 -1
    outer loop
      vertex 29.1667 -1.16673 0
      vertex 31.5355 -3.53553 0
      vertex 31.0438 -3.96677 0
    endloop
  endfacet
  facet normal 0 0 -1
    outer loop
      vertex 29.5244 0.631427 0
      vertex 32.6194 1.91342 0
      vertex 29.5938 0.427051 0
    endloop
  endfacet
  facet normal 0 0 -1
    outer loop
      vertex 29.0045 -1.30903 0
      vertex 31.0438 -3.96677 0
      vertex 30.5 -4.33013 0
    endloop
  endfacet
  facet normal -0 0 -1
    outer loop
      vertex 32.6194 1.91342 0
      vertex 29.5244 0.631427 0
      vertex 32.3301 2.5 0
    endloop
  endfacet
  facet normal 0 0 -1
    outer loop
      vertex 28.825 -1.42894 0
      vertex 30.5 -4.33013 0
      vertex 29.9134 -4.6194 0
    endloop
  endfacet
  facet normal 0 0 -1
    outer loop
      vertex 29.4289 0.825 0
      vertex 32.3301 2.5 0
      vertex 29.5244 0.631427 0
    endloop
  endfacet
  facet normal -0 0 -1
    outer loop
      vertex 32.3301 2.5 0
      vertex 29.4289 0.825 0
      vertex 31.9668 3.04381 0
    endloop
  endfacet
  facet normal 0 0 -1
    outer loop
      vertex 32.9572 -0.652631 0
      vertex 29.6359 -0.215367 0
      vertex 29.65 0 0
    endloop
  endfacet
  facet normal 0 0 -1
    outer loop
      vertex 32.8296 -1.2941 0
      vertex 29.5938 -0.427051 0
      vertex 29.6359 -0.215367 0
    endloop
  endfacet
  facet normal 0 0 -1
    outer loop
      vertex 32.6194 -1.91342 0
      vertex 29.5244 -0.631427 0
      vertex 29.5938 -0.427051 0
    endloop
  endfacet
  facet normal 0 0 -1
    outer loop
      vertex 32.3301 -2.5 0
      vertex 29.4289 -0.825 0
      vertex 29.5244 -0.631427 0
    endloop
  endfacet
  facet normal 0 0 -1
    outer loop
      vertex 31.9668 -3.04381 0
      vertex 29.309 -1.00446 0
      vertex 29.4289 -0.825 0
    endloop
  endfacet
  facet normal 0 0 -1
    outer loop
      vertex 28.6314 -1.5244 0
      vertex 29.9134 -4.6194 0
      vertex 29.2941 -4.82963 0
    endloop
  endfacet
  facet normal 0 0 -1
    outer loop
      vertex 31.5355 -3.53553 0
      vertex 29.1667 -1.16673 0
      vertex 29.309 -1.00446 0
    endloop
  endfacet
  facet normal 0 0 -1
    outer loop
      vertex 31.0438 -3.96677 0
      vertex 29.0045 -1.30903 0
      vertex 29.1667 -1.16673 0
    endloop
  endfacet
  facet normal 0 0 -1
    outer loop
      vertex 30.5 -4.33013 0
      vertex 28.825 -1.42894 0
      vertex 29.0045 -1.30903 0
    endloop
  endfacet
  facet normal 0 0 -1
    outer loop
      vertex 28.4271 -1.59378 0
      vertex 29.2941 -4.82963 0
      vertex 28.6526 -4.95722 0
    endloop
  endfacet
  facet normal 0 0 -1
    outer loop
      vertex 29.9134 -4.6194 0
      vertex 28.6314 -1.5244 0
      vertex 28.825 -1.42894 0
    endloop
  endfacet
  facet normal 0 0 -1
    outer loop
      vertex 29.2941 -4.82963 0
      vertex 28.4271 -1.59378 0
      vertex 28.6314 -1.5244 0
    endloop
  endfacet
  facet normal 0 0 -1
    outer loop
      vertex 28.6526 -4.95722 0
      vertex 28.2154 -1.63588 0
      vertex 28.4271 -1.59378 0
    endloop
  endfacet
  facet normal 0 0 -1
    outer loop
      vertex 28 -5 0
      vertex 28.2154 -1.63588 0
      vertex 28.6526 -4.95722 0
    endloop
  endfacet
  facet normal 0 0 -1
    outer loop
      vertex 28 -5 0
      vertex 28 -1.65 0
      vertex 28.2154 -1.63588 0
    endloop
  endfacet
  facet normal 0 0 -1
    outer loop
      vertex 28 -5 0
      vertex 27.7846 -1.63588 0
      vertex 28 -1.65 0
    endloop
  endfacet
  facet normal 0 0 -1
    outer loop
      vertex 27.3474 -4.95722 0
      vertex 27.7846 -1.63588 0
      vertex 28 -5 0
    endloop
  endfacet
  facet normal -0 0 -1
    outer loop
      vertex 27.7846 -1.63588 0
      vertex 27.3474 -4.95722 0
      vertex 27.5729 -1.59378 0
    endloop
  endfacet
  facet normal 0 0 -1
    outer loop
      vertex 26.7059 -4.82963 0
      vertex 27.5729 -1.59378 0
      vertex 27.3474 -4.95722 0
    endloop
  endfacet
  facet normal -0 0 -1
    outer loop
      vertex 27.5729 -1.59378 0
      vertex 26.7059 -4.82963 0
      vertex 27.3686 -1.5244 0
    endloop
  endfacet
  facet normal 0 0 -1
    outer loop
      vertex 26.0866 -4.6194 0
      vertex 27.3686 -1.5244 0
      vertex 26.7059 -4.82963 0
    endloop
  endfacet
  facet normal -0 0 -1
    outer loop
      vertex 27.3686 -1.5244 0
      vertex 26.0866 -4.6194 0
      vertex 27.175 -1.42894 0
    endloop
  endfacet
  facet normal 0 0 -1
    outer loop
      vertex 25.5 -4.33013 0
      vertex 27.175 -1.42894 0
      vertex 26.0866 -4.6194 0
    endloop
  endfacet
  facet normal -0 0 -1
    outer loop
      vertex 27.175 -1.42894 0
      vertex 25.5 -4.33013 0
      vertex 26.9955 -1.30903 0
    endloop
  endfacet
  facet normal 0 0 -1
    outer loop
      vertex 24.9562 -3.96677 0
      vertex 26.9955 -1.30903 0
      vertex 25.5 -4.33013 0
    endloop
  endfacet
  facet normal -0 0 -1
    outer loop
      vertex 26.9955 -1.30903 0
      vertex 24.9562 -3.96677 0
      vertex 26.8333 -1.16673 0
    endloop
  endfacet
  facet normal 0 0 -1
    outer loop
      vertex 24.4645 -3.53553 0
      vertex 26.8333 -1.16673 0
      vertex 24.9562 -3.96677 0
    endloop
  endfacet
  facet normal -0 0 -1
    outer loop
      vertex 26.8333 -1.16673 0
      vertex 24.4645 -3.53553 0
      vertex 26.691 -1.00446 0
    endloop
  endfacet
  facet normal -0 0 -1
    outer loop
      vertex 26.691 -1.00446 0
      vertex 24.0332 -3.04381 0
      vertex 26.5711 -0.825 0
    endloop
  endfacet
  facet normal 0 0 -1
    outer loop
      vertex 24.0332 -3.04381 0
      vertex 26.691 -1.00446 0
      vertex 24.4645 -3.53553 0
    endloop
  endfacet
  facet normal 0 0 -1
    outer loop
      vertex 29.309 1.00446 0
      vertex 31.9668 3.04381 0
      vertex 29.4289 0.825 0
    endloop
  endfacet
  facet normal -0 0 -1
    outer loop
      vertex 31.9668 3.04381 0
      vertex 29.309 1.00446 0
      vertex 31.5355 3.53553 0
    endloop
  endfacet
  facet normal 0 0 -1
    outer loop
      vertex 29.1667 1.16673 0
      vertex 31.5355 3.53553 0
      vertex 29.309 1.00446 0
    endloop
  endfacet
  facet normal -0 0 -1
    outer loop
      vertex 31.5355 3.53553 0
      vertex 29.1667 1.16673 0
      vertex 31.0438 3.96677 0
    endloop
  endfacet
  facet normal 0 0 -1
    outer loop
      vertex 29.0045 1.30903 0
      vertex 31.0438 3.96677 0
      vertex 29.1667 1.16673 0
    endloop
  endfacet
  facet normal -0 0 -1
    outer loop
      vertex 31.0438 3.96677 0
      vertex 29.0045 1.30903 0
      vertex 30.5 4.33013 0
    endloop
  endfacet
  facet normal 0 0 -1
    outer loop
      vertex 28.825 1.42894 0
      vertex 30.5 4.33013 0
      vertex 29.0045 1.30903 0
    endloop
  endfacet
  facet normal -0 0 -1
    outer loop
      vertex 30.5 4.33013 0
      vertex 28.825 1.42894 0
      vertex 29.9134 4.6194 0
    endloop
  endfacet
  facet normal 0 0 -1
    outer loop
      vertex 28.6314 1.5244 0
      vertex 29.9134 4.6194 0
      vertex 28.825 1.42894 0
    endloop
  endfacet
  facet normal -0 0 -1
    outer loop
      vertex 29.9134 4.6194 0
      vertex 28.6314 1.5244 0
      vertex 29.2941 4.82963 0
    endloop
  endfacet
  facet normal 0 0 -1
    outer loop
      vertex 28.4271 1.59378 0
      vertex 29.2941 4.82963 0
      vertex 28.6314 1.5244 0
    endloop
  endfacet
  facet normal -0 0 -1
    outer loop
      vertex 29.2941 4.82963 0
      vertex 28.4271 1.59378 0
      vertex 28.6526 4.95722 0
    endloop
  endfacet
  facet normal 0 0 -1
    outer loop
      vertex 28.2154 1.63588 0
      vertex 28.6526 4.95722 0
      vertex 28.4271 1.59378 0
    endloop
  endfacet
  facet normal 0 0 -1
    outer loop
      vertex 28 1.65 0
      vertex 28.6526 4.95722 0
      vertex 28.2154 1.63588 0
    endloop
  endfacet
  facet normal 0 0 -1
    outer loop
      vertex 28 1.65 0
      vertex 28 5 0
      vertex 28.6526 4.95722 0
    endloop
  endfacet
  facet normal 0 0 -1
    outer loop
      vertex 27.7846 1.63588 0
      vertex 28 5 0
      vertex 28 1.65 0
    endloop
  endfacet
  facet normal 0 0 -1
    outer loop
      vertex 27.3474 4.95722 0
      vertex 27.7846 1.63588 0
      vertex 27.5729 1.59378 0
    endloop
  endfacet
  facet normal 0 0 -1
    outer loop
      vertex 26.7059 4.82963 0
      vertex 27.5729 1.59378 0
      vertex 27.3686 1.5244 0
    endloop
  endfacet
  facet normal 0 0 -1
    outer loop
      vertex 27.7846 1.63588 0
      vertex 27.3474 4.95722 0
      vertex 28 5 0
    endloop
  endfacet
  facet normal 0 0 -1
    outer loop
      vertex 26.0866 4.6194 0
      vertex 27.3686 1.5244 0
      vertex 27.175 1.42894 0
    endloop
  endfacet
  facet normal 0 0 -1
    outer loop
      vertex 25.5 4.33013 0
      vertex 27.175 1.42894 0
      vertex 26.9955 1.30903 0
    endloop
  endfacet
  facet normal 0 0 -1
    outer loop
      vertex 24.9562 3.96677 0
      vertex 26.9955 1.30903 0
      vertex 26.8333 1.16673 0
    endloop
  endfacet
  facet normal 0 0 -1
    outer loop
      vertex 27.5729 1.59378 0
      vertex 26.7059 4.82963 0
      vertex 27.3474 4.95722 0
    endloop
  endfacet
  facet normal 0 0 -1
    outer loop
      vertex 24.4645 3.53553 0
      vertex 26.8333 1.16673 0
      vertex 26.691 1.00446 0
    endloop
  endfacet
  facet normal 0 0 -1
    outer loop
      vertex 24.0332 3.04381 0
      vertex 26.691 1.00446 0
      vertex 26.5711 0.825 0
    endloop
  endfacet
  facet normal 0 0 -1
    outer loop
      vertex 23.6699 2.5 0
      vertex 26.5711 0.825 0
      vertex 26.4756 0.631427 0
    endloop
  endfacet
  facet normal 0 0 -1
    outer loop
      vertex 23.3806 1.91342 0
      vertex 26.4756 0.631427 0
      vertex 26.4062 0.427051 0
    endloop
  endfacet
  facet normal 0 0 -1
    outer loop
      vertex 23.1704 1.2941 0
      vertex 26.4062 0.427051 0
      vertex 26.3641 0.215367 0
    endloop
  endfacet
  facet normal 0 0 -1
    outer loop
      vertex 27.3686 1.5244 0
      vertex 26.0866 4.6194 0
      vertex 26.7059 4.82963 0
    endloop
  endfacet
  facet normal 0 0 -1
    outer loop
      vertex 23.0428 0.652631 0
      vertex 26.3641 0.215367 0
      vertex 26.35 0 0
    endloop
  endfacet
  facet normal 0 0 -1
    outer loop
      vertex 23.6699 -2.5 0
      vertex 26.5711 -0.825 0
      vertex 24.0332 -3.04381 0
    endloop
  endfacet
  facet normal -0 0 -1
    outer loop
      vertex 26.5711 -0.825 0
      vertex 23.6699 -2.5 0
      vertex 26.4756 -0.631427 0
    endloop
  endfacet
  facet normal 0 0 -1
    outer loop
      vertex 27.175 1.42894 0
      vertex 25.5 4.33013 0
      vertex 26.0866 4.6194 0
    endloop
  endfacet
  facet normal 0 0 -1
    outer loop
      vertex 23.3806 -1.91342 0
      vertex 26.4756 -0.631427 0
      vertex 23.6699 -2.5 0
    endloop
  endfacet
  facet normal 0 0 -1
    outer loop
      vertex 26.9955 1.30903 0
      vertex 24.9562 3.96677 0
      vertex 25.5 4.33013 0
    endloop
  endfacet
  facet normal -0 0 -1
    outer loop
      vertex 26.4756 -0.631427 0
      vertex 23.3806 -1.91342 0
      vertex 26.4062 -0.427051 0
    endloop
  endfacet
  facet normal 0 0 -1
    outer loop
      vertex 26.8333 1.16673 0
      vertex 24.4645 3.53553 0
      vertex 24.9562 3.96677 0
    endloop
  endfacet
  facet normal 0 0 -1
    outer loop
      vertex 23.1704 -1.2941 0
      vertex 26.4062 -0.427051 0
      vertex 23.3806 -1.91342 0
    endloop
  endfacet
  facet normal 0 0 -1
    outer loop
      vertex 26.691 1.00446 0
      vertex 24.0332 3.04381 0
      vertex 24.4645 3.53553 0
    endloop
  endfacet
  facet normal -0 0 -1
    outer loop
      vertex 26.4062 -0.427051 0
      vertex 23.1704 -1.2941 0
      vertex 26.3641 -0.215367 0
    endloop
  endfacet
  facet normal 0 0 -1
    outer loop
      vertex 26.5711 0.825 0
      vertex 23.6699 2.5 0
      vertex 24.0332 3.04381 0
    endloop
  endfacet
  facet normal 0 0 -1
    outer loop
      vertex 23.0428 -0.652631 0
      vertex 26.3641 -0.215367 0
      vertex 23.1704 -1.2941 0
    endloop
  endfacet
  facet normal 0 0 -1
    outer loop
      vertex 26.4756 0.631427 0
      vertex 23.3806 1.91342 0
      vertex 23.6699 2.5 0
    endloop
  endfacet
  facet normal -0 0 -1
    outer loop
      vertex 26.3641 -0.215367 0
      vertex 23.0428 -0.652631 0
      vertex 26.35 0 0
    endloop
  endfacet
  facet normal 0 0 -1
    outer loop
      vertex 26.4062 0.427051 0
      vertex 23.1704 1.2941 0
      vertex 23.3806 1.91342 0
    endloop
  endfacet
  facet normal 0 0 -1
    outer loop
      vertex 23 0 0
      vertex 26.35 0 0
      vertex 23.0428 -0.652631 0
    endloop
  endfacet
  facet normal 0 0 -1
    outer loop
      vertex 26.3641 0.215367 0
      vertex 23.0428 0.652631 0
      vertex 23.1704 1.2941 0
    endloop
  endfacet
  facet normal 0 0 -1
    outer loop
      vertex 26.35 0 0
      vertex 23 0 0
      vertex 23.0428 0.652631 0
    endloop
  endfacet
  facet normal -0.980784 -0.195096 0
    outer loop
      vertex 23.1704 -1.2941 0
      vertex 23.0428 -0.652631 34
      vertex 23.0428 -0.652631 0
    endloop
  endfacet
  facet normal -0.980784 -0.195096 0
    outer loop
      vertex 23.0428 -0.652631 34
      vertex 23.1704 -1.2941 0
      vertex 23.1704 -1.2941 34
    endloop
  endfacet
  facet normal -0.751784 -0.659409 0
    outer loop
      vertex 24.4645 -3.53553 0
      vertex 24.0332 -3.04381 34
      vertex 24.0332 -3.04381 0
    endloop
  endfacet
  facet normal -0.751784 -0.659409 0
    outer loop
      vertex 24.0332 -3.04381 34
      vertex 24.4645 -3.53553 0
      vertex 24.4645 -3.53553 34
    endloop
  endfacet
  facet normal 0 0 1
    outer loop
      vertex 29.65 0 34
      vertex 33 0 34
      vertex 32.9572 0.652631 34
    endloop
  endfacet
  facet normal 0 0 1
    outer loop
      vertex 29.6359 0.215367 34
      vertex 32.9572 0.652631 34
      vertex 32.8296 1.2941 34
    endloop
  endfacet
  facet normal 0 0 1
    outer loop
      vertex 33 0 34
      vertex 29.65 0 34
      vertex 32.9572 -0.652631 34
    endloop
  endfacet
  facet normal 0 0 1
    outer loop
      vertex 29.5938 0.427051 34
      vertex 32.8296 1.2941 34
      vertex 32.6194 1.91342 34
    endloop
  endfacet
  facet normal -0 0 1
    outer loop
      vertex 29.6359 -0.215367 34
      vertex 32.9572 -0.652631 34
      vertex 29.65 0 34
    endloop
  endfacet
  facet normal 0 0 1
    outer loop
      vertex 29.5244 0.631427 34
      vertex 32.6194 1.91342 34
      vertex 32.3301 2.5 34
    endloop
  endfacet
  facet normal 0 0 1
    outer loop
      vertex 32.9572 -0.652631 34
      vertex 29.6359 -0.215367 34
      vertex 32.8296 -1.2941 34
    endloop
  endfacet
  facet normal 0 0 1
    outer loop
      vertex 29.4289 0.825 34
      vertex 32.3301 2.5 34
      vertex 31.9668 3.04381 34
    endloop
  endfacet
  facet normal -0 0 1
    outer loop
      vertex 29.5938 -0.427051 34
      vertex 32.8296 -1.2941 34
      vertex 29.6359 -0.215367 34
    endloop
  endfacet
  facet normal 0 0 1
    outer loop
      vertex 29.309 1.00446 34
      vertex 31.9668 3.04381 34
      vertex 31.5355 3.53553 34
    endloop
  endfacet
  facet normal 0 0 1
    outer loop
      vertex 32.8296 -1.2941 34
      vertex 29.5938 -0.427051 34
      vertex 32.6194 -1.91342 34
    endloop
  endfacet
  facet normal 0 0 1
    outer loop
      vertex 29.1667 1.16673 34
      vertex 31.5355 3.53553 34
      vertex 31.0438 3.96677 34
    endloop
  endfacet
  facet normal -0 0 1
    outer loop
      vertex 29.5244 -0.631427 34
      vertex 32.6194 -1.91342 34
      vertex 29.5938 -0.427051 34
    endloop
  endfacet
  facet normal 0 0 1
    outer loop
      vertex 29.0045 1.30903 34
      vertex 31.0438 3.96677 34
      vertex 30.5 4.33013 34
    endloop
  endfacet
  facet normal 0 0 1
    outer loop
      vertex 32.6194 -1.91342 34
      vertex 29.5244 -0.631427 34
      vertex 32.3301 -2.5 34
    endloop
  endfacet
  facet normal 0 0 1
    outer loop
      vertex 28.825 1.42894 34
      vertex 30.5 4.33013 34
      vertex 29.9134 4.6194 34
    endloop
  endfacet
  facet normal -0 0 1
    outer loop
      vertex 29.4289 -0.825 34
      vertex 32.3301 -2.5 34
      vertex 29.5244 -0.631427 34
    endloop
  endfacet
  facet normal 0 0 1
    outer loop
      vertex 32.3301 -2.5 34
      vertex 29.4289 -0.825 34
      vertex 31.9668 -3.04381 34
    endloop
  endfacet
  facet normal 0 0 1
    outer loop
      vertex 32.9572 0.652631 34
      vertex 29.6359 0.215367 34
      vertex 29.65 0 34
    endloop
  endfacet
  facet normal 0 0 1
    outer loop
      vertex 32.8296 1.2941 34
      vertex 29.5938 0.427051 34
      vertex 29.6359 0.215367 34
    endloop
  endfacet
  facet normal 0 0 1
    outer loop
      vertex 32.6194 1.91342 34
      vertex 29.5244 0.631427 34
      vertex 29.5938 0.427051 34
    endloop
  endfacet
  facet normal 0 0 1
    outer loop
      vertex 32.3301 2.5 34
      vertex 29.4289 0.825 34
      vertex 29.5244 0.631427 34
    endloop
  endfacet
  facet normal 0 0 1
    outer loop
      vertex 31.9668 3.04381 34
      vertex 29.309 1.00446 34
      vertex 29.4289 0.825 34
    endloop
  endfacet
  facet normal 0 0 1
    outer loop
      vertex 28.6314 1.5244 34
      vertex 29.9134 4.6194 34
      vertex 29.2941 4.82963 34
    endloop
  endfacet
  facet normal 0 0 1
    outer loop
      vertex 31.5355 3.53553 34
      vertex 29.1667 1.16673 34
      vertex 29.309 1.00446 34
    endloop
  endfacet
  facet normal 0 0 1
    outer loop
      vertex 31.0438 3.96677 34
      vertex 29.0045 1.30903 34
      vertex 29.1667 1.16673 34
    endloop
  endfacet
  facet normal 0 0 1
    outer loop
      vertex 30.5 4.33013 34
      vertex 28.825 1.42894 34
      vertex 29.0045 1.30903 34
    endloop
  endfacet
  facet normal 0 0 1
    outer loop
      vertex 28.4271 1.59378 34
      vertex 29.2941 4.82963 34
      vertex 28.6526 4.95722 34
    endloop
  endfacet
  facet normal 0 0 1
    outer loop
      vertex 29.9134 4.6194 34
      vertex 28.6314 1.5244 34
      vertex 28.825 1.42894 34
    endloop
  endfacet
  facet normal 0 0 1
    outer loop
      vertex 29.2941 4.82963 34
      vertex 28.4271 1.59378 34
      vertex 28.6314 1.5244 34
    endloop
  endfacet
  facet normal 0 0 1
    outer loop
      vertex 28.6526 4.95722 34
      vertex 28.2154 1.63588 34
      vertex 28.4271 1.59378 34
    endloop
  endfacet
  facet normal 0 0 1
    outer loop
      vertex 28 5 34
      vertex 28.2154 1.63588 34
      vertex 28.6526 4.95722 34
    endloop
  endfacet
  facet normal 0 0 1
    outer loop
      vertex 28 5 34
      vertex 28 1.65 34
      vertex 28.2154 1.63588 34
    endloop
  endfacet
  facet normal 0 0 1
    outer loop
      vertex 28 5 34
      vertex 27.7846 1.63588 34
      vertex 28 1.65 34
    endloop
  endfacet
  facet normal -0 0 1
    outer loop
      vertex 27.3474 4.95722 34
      vertex 27.7846 1.63588 34
      vertex 28 5 34
    endloop
  endfacet
  facet normal 0 0 1
    outer loop
      vertex 27.7846 1.63588 34
      vertex 27.3474 4.95722 34
      vertex 27.5729 1.59378 34
    endloop
  endfacet
  facet normal -0 0 1
    outer loop
      vertex 26.7059 4.82963 34
      vertex 27.5729 1.59378 34
      vertex 27.3474 4.95722 34
    endloop
  endfacet
  facet normal 0 0 1
    outer loop
      vertex 27.5729 1.59378 34
      vertex 26.7059 4.82963 34
      vertex 27.3686 1.5244 34
    endloop
  endfacet
  facet normal -0 0 1
    outer loop
      vertex 26.0866 4.6194 34
      vertex 27.3686 1.5244 34
      vertex 26.7059 4.82963 34
    endloop
  endfacet
  facet normal 0 0 1
    outer loop
      vertex 27.3686 1.5244 34
      vertex 26.0866 4.6194 34
      vertex 27.175 1.42894 34
    endloop
  endfacet
  facet normal -0 0 1
    outer loop
      vertex 25.5 4.33013 34
      vertex 27.175 1.42894 34
      vertex 26.0866 4.6194 34
    endloop
  endfacet
  facet normal 0 0 1
    outer loop
      vertex 27.175 1.42894 34
      vertex 25.5 4.33013 34
      vertex 26.9955 1.30903 34
    endloop
  endfacet
  facet normal -0 0 1
    outer loop
      vertex 24.9562 3.96677 34
      vertex 26.9955 1.30903 34
      vertex 25.5 4.33013 34
    endloop
  endfacet
  facet normal 0 0 1
    outer loop
      vertex 26.9955 1.30903 34
      vertex 24.9562 3.96677 34
      vertex 26.8333 1.16673 34
    endloop
  endfacet
  facet normal -0 0 1
    outer loop
      vertex 24.4645 3.53553 34
      vertex 26.8333 1.16673 34
      vertex 24.9562 3.96677 34
    endloop
  endfacet
  facet normal 0 0 1
    outer loop
      vertex 26.8333 1.16673 34
      vertex 24.4645 3.53553 34
      vertex 26.691 1.00446 34
    endloop
  endfacet
  facet normal 0 0 1
    outer loop
      vertex 26.691 1.00446 34
      vertex 24.0332 3.04381 34
      vertex 26.5711 0.825 34
    endloop
  endfacet
  facet normal -0 0 1
    outer loop
      vertex 24.0332 3.04381 34
      vertex 26.691 1.00446 34
      vertex 24.4645 3.53553 34
    endloop
  endfacet
  facet normal -0 0 1
    outer loop
      vertex 29.309 -1.00446 34
      vertex 31.9668 -3.04381 34
      vertex 29.4289 -0.825 34
    endloop
  endfacet
  facet normal 0 0 1
    outer loop
      vertex 31.9668 -3.04381 34
      vertex 29.309 -1.00446 34
      vertex 31.5355 -3.53553 34
    endloop
  endfacet
  facet normal -0 0 1
    outer loop
      vertex 29.1667 -1.16673 34
      vertex 31.5355 -3.53553 34
      vertex 29.309 -1.00446 34
    endloop
  endfacet
  facet normal 0 0 1
    outer loop
      vertex 31.5355 -3.53553 34
      vertex 29.1667 -1.16673 34
      vertex 31.0438 -3.96677 34
    endloop
  endfacet
  facet normal -0 0 1
    outer loop
      vertex 29.0045 -1.30903 34
      vertex 31.0438 -3.96677 34
      vertex 29.1667 -1.16673 34
    endloop
  endfacet
  facet normal 0 0 1
    outer loop
      vertex 31.0438 -3.96677 34
      vertex 29.0045 -1.30903 34
      vertex 30.5 -4.33013 34
    endloop
  endfacet
  facet normal -0 0 1
    outer loop
      vertex 28.825 -1.42894 34
      vertex 30.5 -4.33013 34
      vertex 29.0045 -1.30903 34
    endloop
  endfacet
  facet normal 0 0 1
    outer loop
      vertex 30.5 -4.33013 34
      vertex 28.825 -1.42894 34
      vertex 29.9134 -4.6194 34
    endloop
  endfacet
  facet normal -0 0 1
    outer loop
      vertex 28.6314 -1.5244 34
      vertex 29.9134 -4.6194 34
      vertex 28.825 -1.42894 34
    endloop
  endfacet
  facet normal 0 0 1
    outer loop
      vertex 29.9134 -4.6194 34
      vertex 28.6314 -1.5244 34
      vertex 29.2941 -4.82963 34
    endloop
  endfacet
  facet normal -0 0 1
    outer loop
      vertex 28.4271 -1.59378 34
      vertex 29.2941 -4.82963 34
      vertex 28.6314 -1.5244 34
    endloop
  endfacet
  facet normal 0 0 1
    outer loop
      vertex 29.2941 -4.82963 34
      vertex 28.4271 -1.59378 34
      vertex 28.6526 -4.95722 34
    endloop
  endfacet
  facet normal -0 0 1
    outer loop
      vertex 28.2154 -1.63588 34
      vertex 28.6526 -4.95722 34
      vertex 28.4271 -1.59378 34
    endloop
  endfacet
  facet normal -0 0 1
    outer loop
      vertex 28 -1.65 34
      vertex 28.6526 -4.95722 34
      vertex 28.2154 -1.63588 34
    endloop
  endfacet
  facet normal 0 0 1
    outer loop
      vertex 28 -1.65 34
      vertex 28 -5 34
      vertex 28.6526 -4.95722 34
    endloop
  endfacet
  facet normal 0 0 1
    outer loop
      vertex 27.7846 -1.63588 34
      vertex 28 -5 34
      vertex 28 -1.65 34
    endloop
  endfacet
  facet normal 0 0 1
    outer loop
      vertex 27.3474 -4.95722 34
      vertex 27.7846 -1.63588 34
      vertex 27.5729 -1.59378 34
    endloop
  endfacet
  facet normal 0 0 1
    outer loop
      vertex 26.7059 -4.82963 34
      vertex 27.5729 -1.59378 34
      vertex 27.3686 -1.5244 34
    endloop
  endfacet
  facet normal 0 0 1
    outer loop
      vertex 27.7846 -1.63588 34
      vertex 27.3474 -4.95722 34
      vertex 28 -5 34
    endloop
  endfacet
  facet normal 0 0 1
    outer loop
      vertex 26.0866 -4.6194 34
      vertex 27.3686 -1.5244 34
      vertex 27.175 -1.42894 34
    endloop
  endfacet
  facet normal 0 0 1
    outer loop
      vertex 25.5 -4.33013 34
      vertex 27.175 -1.42894 34
      vertex 26.9955 -1.30903 34
    endloop
  endfacet
  facet normal 0 0 1
    outer loop
      vertex 24.9562 -3.96677 34
      vertex 26.9955 -1.30903 34
      vertex 26.8333 -1.16673 34
    endloop
  endfacet
  facet normal 0 0 1
    outer loop
      vertex 27.5729 -1.59378 34
      vertex 26.7059 -4.82963 34
      vertex 27.3474 -4.95722 34
    endloop
  endfacet
  facet normal 0 0 1
    outer loop
      vertex 24.4645 -3.53553 34
      vertex 26.8333 -1.16673 34
      vertex 26.691 -1.00446 34
    endloop
  endfacet
  facet normal 0 0 1
    outer loop
      vertex 24.0332 -3.04381 34
      vertex 26.691 -1.00446 34
      vertex 26.5711 -0.825 34
    endloop
  endfacet
  facet normal 0 0 1
    outer loop
      vertex 23.6699 -2.5 34
      vertex 26.5711 -0.825 34
      vertex 26.4756 -0.631427 34
    endloop
  endfacet
  facet normal 0 0 1
    outer loop
      vertex 23.3806 -1.91342 34
      vertex 26.4756 -0.631427 34
      vertex 26.4062 -0.427051 34
    endloop
  endfacet
  facet normal 0 0 1
    outer loop
      vertex 23.1704 -1.2941 34
      vertex 26.4062 -0.427051 34
      vertex 26.3641 -0.215367 34
    endloop
  endfacet
  facet normal 0 0 1
    outer loop
      vertex 27.3686 -1.5244 34
      vertex 26.0866 -4.6194 34
      vertex 26.7059 -4.82963 34
    endloop
  endfacet
  facet normal 0 0 1
    outer loop
      vertex 23.0428 -0.652631 34
      vertex 26.3641 -0.215367 34
      vertex 26.35 0 34
    endloop
  endfacet
  facet normal -0 0 1
    outer loop
      vertex 23.6699 2.5 34
      vertex 26.5711 0.825 34
      vertex 24.0332 3.04381 34
    endloop
  endfacet
  facet normal 0 0 1
    outer loop
      vertex 26.5711 0.825 34
      vertex 23.6699 2.5 34
      vertex 26.4756 0.631427 34
    endloop
  endfacet
  facet normal 0 0 1
    outer loop
      vertex 27.175 -1.42894 34
      vertex 25.5 -4.33013 34
      vertex 26.0866 -4.6194 34
    endloop
  endfacet
  facet normal -0 0 1
    outer loop
      vertex 23.3806 1.91342 34
      vertex 26.4756 0.631427 34
      vertex 23.6699 2.5 34
    endloop
  endfacet
  facet normal 0 0 1
    outer loop
      vertex 26.9955 -1.30903 34
      vertex 24.9562 -3.96677 34
      vertex 25.5 -4.33013 34
    endloop
  endfacet
  facet normal 0 0 1
    outer loop
      vertex 26.4756 0.631427 34
      vertex 23.3806 1.91342 34
      vertex 26.4062 0.427051 34
    endloop
  endfacet
  facet normal 0 0 1
    outer loop
      vertex 26.8333 -1.16673 34
      vertex 24.4645 -3.53553 34
      vertex 24.9562 -3.96677 34
    endloop
  endfacet
  facet normal -0 0 1
    outer loop
      vertex 23.1704 1.2941 34
      vertex 26.4062 0.427051 34
      vertex 23.3806 1.91342 34
    endloop
  endfacet
  facet normal 0 0 1
    outer loop
      vertex 26.691 -1.00446 34
      vertex 24.0332 -3.04381 34
      vertex 24.4645 -3.53553 34
    endloop
  endfacet
  facet normal 0 0 1
    outer loop
      vertex 26.4062 0.427051 34
      vertex 23.1704 1.2941 34
      vertex 26.3641 0.215367 34
    endloop
  endfacet
  facet normal 0 0 1
    outer loop
      vertex 26.5711 -0.825 34
      vertex 23.6699 -2.5 34
      vertex 24.0332 -3.04381 34
    endloop
  endfacet
  facet normal -0 0 1
    outer loop
      vertex 23.0428 0.652631 34
      vertex 26.3641 0.215367 34
      vertex 23.1704 1.2941 34
    endloop
  endfacet
  facet normal 0 0 1
    outer loop
      vertex 26.4756 -0.631427 34
      vertex 23.3806 -1.91342 34
      vertex 23.6699 -2.5 34
    endloop
  endfacet
  facet normal 0 0 1
    outer loop
      vertex 26.3641 0.215367 34
      vertex 23.0428 0.652631 34
      vertex 26.35 0 34
    endloop
  endfacet
  facet normal 0 0 1
    outer loop
      vertex 26.4062 -0.427051 34
      vertex 23.1704 -1.2941 34
      vertex 23.3806 -1.91342 34
    endloop
  endfacet
  facet normal 0 0 1
    outer loop
      vertex 23 0 34
      vertex 26.35 0 34
      vertex 23.0428 0.652631 34
    endloop
  endfacet
  facet normal 0 0 1
    outer loop
      vertex 26.3641 -0.215367 34
      vertex 23.0428 -0.652631 34
      vertex 23.1704 -1.2941 34
    endloop
  endfacet
  facet normal 0 0 1
    outer loop
      vertex 26.35 0 34
      vertex 23 0 34
      vertex 23.0428 -0.652631 34
    endloop
  endfacet
  facet normal -0.195072 -0.980789 0
    outer loop
      vertex 26.7059 -4.82963 0
      vertex 27.3474 -4.95722 34
      vertex 26.7059 -4.82963 34
    endloop
  endfacet
  facet normal -0.195072 -0.980789 -0
    outer loop
      vertex 27.3474 -4.95722 34
      vertex 26.7059 -4.82963 0
      vertex 27.3474 -4.95722 0
    endloop
  endfacet
  facet normal -0.831514 0.555504 0
    outer loop
      vertex 23.6699 2.5 0
      vertex 24.0332 3.04381 34
      vertex 24.0332 3.04381 0
    endloop
  endfacet
  facet normal -0.831514 0.555504 0
    outer loop
      vertex 24.0332 3.04381 34
      vertex 23.6699 2.5 0
      vertex 23.6699 2.5 34
    endloop
  endfacet
  facet normal -0.0654128 -0.997858 0
    outer loop
      vertex 27.3474 -4.95722 0
      vertex 28 -5 34
      vertex 27.3474 -4.95722 34
    endloop
  endfacet
  facet normal -0.0654128 -0.997858 -0
    outer loop
      vertex 28 -5 34
      vertex 27.3474 -4.95722 0
      vertex 28 -5 0
    endloop
  endfacet
  facet normal -0.0654121 0.997858 0
    outer loop
      vertex 28.2154 -1.63588 0
      vertex 28 -1.65 34
      vertex 28.2154 -1.63588 34
    endloop
  endfacet
  facet normal -0.0654121 0.997858 0
    outer loop
      vertex 28 -1.65 34
      vertex 28.2154 -1.63588 0
      vertex 28 -1.65 0
    endloop
  endfacet
  facet normal -0.980791 -0.195061 0
    outer loop
      vertex 29.6359 0.215367 0
      vertex 29.5938 0.427051 34
      vertex 29.5938 0.427051 0
    endloop
  endfacet
  facet normal -0.980791 -0.195061 0
    outer loop
      vertex 29.5938 0.427051 34
      vertex 29.6359 0.215367 0
      vertex 29.6359 0.215367 34
    endloop
  endfacet
  facet normal -0.997864 -0.0653298 0
    outer loop
      vertex 29.65 0 0
      vertex 29.6359 0.215367 34
      vertex 29.6359 0.215367 0
    endloop
  endfacet
  facet normal -0.997864 -0.0653298 0
    outer loop
      vertex 29.6359 0.215367 34
      vertex 29.65 0 0
      vertex 29.65 0 34
    endloop
  endfacet
  facet normal -0.946897 -0.321538 0
    outer loop
      vertex 29.5938 0.427051 0
      vertex 29.5244 0.631427 34
      vertex 29.5244 0.631427 0
    endloop
  endfacet
  facet normal -0.946897 -0.321538 0
    outer loop
      vertex 29.5244 0.631427 34
      vertex 29.5938 0.427051 0
      vertex 29.5938 0.427051 34
    endloop
  endfacet
  facet normal -0.0654121 -0.997858 0
    outer loop
      vertex 28 1.65 0
      vertex 28.2154 1.63588 34
      vertex 28 1.65 34
    endloop
  endfacet
  facet normal -0.0654121 -0.997858 -0
    outer loop
      vertex 28.2154 1.63588 34
      vertex 28 1.65 0
      vertex 28.2154 1.63588 0
    endloop
  endfacet
  facet normal 0.659488 0.751715 -0
    outer loop
      vertex 26.9955 -1.30903 0
      vertex 26.8333 -1.16673 34
      vertex 26.9955 -1.30903 34
    endloop
  endfacet
  facet normal 0.659488 0.751715 0
    outer loop
      vertex 26.8333 -1.16673 34
      vertex 26.9955 -1.30903 0
      vertex 26.8333 -1.16673 0
    endloop
  endfacet
  facet normal 0.997864 0.0653298 0
    outer loop
      vertex 26.3641 -0.215367 34
      vertex 26.35 0 0
      vertex 26.35 0 34
    endloop
  endfacet
  facet normal 0.997864 0.0653298 0
    outer loop
      vertex 26.35 0 0
      vertex 26.3641 -0.215367 34
      vertex 26.3641 -0.215367 0
    endloop
  endfacet
  facet normal 0.659488 -0.751715 0
    outer loop
      vertex 26.8333 1.16673 0
      vertex 26.9955 1.30903 34
      vertex 26.8333 1.16673 34
    endloop
  endfacet
  facet normal 0.659488 -0.751715 0
    outer loop
      vertex 26.9955 1.30903 34
      vertex 26.8333 1.16673 0
      vertex 26.9955 1.30903 0
    endloop
  endfacet
  facet normal -0.751856 -0.659328 0
    outer loop
      vertex 29.309 1.00446 0
      vertex 29.1667 1.16673 34
      vertex 29.1667 1.16673 0
    endloop
  endfacet
  facet normal -0.751856 -0.659328 0
    outer loop
      vertex 29.1667 1.16673 34
      vertex 29.309 1.00446 0
      vertex 29.309 1.00446 34
    endloop
  endfacet
  facet normal -0.997864 0.0653298 0
    outer loop
      vertex 29.6359 -0.215367 0
      vertex 29.65 0 34
      vertex 29.65 0 0
    endloop
  endfacet
  facet normal -0.997864 0.0653298 0
    outer loop
      vertex 29.65 0 34
      vertex 29.6359 -0.215367 0
      vertex 29.6359 -0.215367 34
    endloop
  endfacet
  facet normal -0.44224 -0.896897 0
    outer loop
      vertex 28.6314 1.5244 0
      vertex 28.825 1.42894 34
      vertex 28.6314 1.5244 34
    endloop
  endfacet
  facet normal -0.44224 -0.896897 -0
    outer loop
      vertex 28.825 1.42894 34
      vertex 28.6314 1.5244 0
      vertex 28.825 1.42894 0
    endloop
  endfacet
  facet normal -0.896799 0.442439 0
    outer loop
      vertex 29.4289 -0.825 0
      vertex 29.5244 -0.631427 34
      vertex 29.5244 -0.631427 0
    endloop
  endfacet
  facet normal -0.896799 0.442439 0
    outer loop
      vertex 29.5244 -0.631427 34
      vertex 29.4289 -0.825 0
      vertex 29.4289 -0.825 34
    endloop
  endfacet
  facet normal 0.321562 0.946889 -0
    outer loop
      vertex 27.5729 -1.59378 0
      vertex 27.3686 -1.5244 34
      vertex 27.5729 -1.59378 34
    endloop
  endfacet
  facet normal 0.321562 0.946889 0
    outer loop
      vertex 27.3686 -1.5244 34
      vertex 27.5729 -1.59378 0
      vertex 27.3686 -1.5244 0
    endloop
  endfacet
  facet normal -0.831494 -0.555534 0
    outer loop
      vertex 29.4289 0.825 0
      vertex 29.309 1.00446 34
      vertex 29.309 1.00446 0
    endloop
  endfacet
  facet normal -0.831494 -0.555534 0
    outer loop
      vertex 29.309 1.00446 34
      vertex 29.4289 0.825 0
      vertex 29.4289 0.825 34
    endloop
  endfacet
  facet normal -0.896799 -0.442439 0
    outer loop
      vertex 29.5244 0.631427 0
      vertex 29.4289 0.825 34
      vertex 29.4289 0.825 0
    endloop
  endfacet
  facet normal -0.896799 -0.442439 0
    outer loop
      vertex 29.4289 0.825 34
      vertex 29.5244 0.631427 0
      vertex 29.5244 0.631427 34
    endloop
  endfacet
  facet normal 0.831494 0.555534 0
    outer loop
      vertex 26.691 -1.00446 34
      vertex 26.5711 -0.825 0
      vertex 26.5711 -0.825 34
    endloop
  endfacet
  facet normal 0.831494 0.555534 0
    outer loop
      vertex 26.5711 -0.825 0
      vertex 26.691 -1.00446 34
      vertex 26.691 -1.00446 0
    endloop
  endfacet
  facet normal -0.44224 0.896897 0
    outer loop
      vertex 28.825 -1.42894 0
      vertex 28.6314 -1.5244 34
      vertex 28.825 -1.42894 34
    endloop
  endfacet
  facet normal -0.44224 0.896897 0
    outer loop
      vertex 28.6314 -1.5244 34
      vertex 28.825 -1.42894 0
      vertex 28.6314 -1.5244 0
    endloop
  endfacet
  facet normal 0.44224 -0.896897 0
    outer loop
      vertex 27.175 1.42894 0
      vertex 27.3686 1.5244 34
      vertex 27.175 1.42894 34
    endloop
  endfacet
  facet normal 0.44224 -0.896897 0
    outer loop
      vertex 27.3686 1.5244 34
      vertex 27.175 1.42894 0
      vertex 27.3686 1.5244 0
    endloop
  endfacet
  facet normal 0.997864 -0.0653298 0
    outer loop
      vertex 26.35 0 34
      vertex 26.3641 0.215367 0
      vertex 26.3641 0.215367 34
    endloop
  endfacet
  facet normal 0.997864 -0.0653298 0
    outer loop
      vertex 26.3641 0.215367 0
      vertex 26.35 0 34
      vertex 26.35 0 0
    endloop
  endfacet
  facet normal -0.195047 -0.980794 0
    outer loop
      vertex 28.2154 1.63588 0
      vertex 28.4271 1.59378 34
      vertex 28.2154 1.63588 34
    endloop
  endfacet
  facet normal -0.195047 -0.980794 -0
    outer loop
      vertex 28.4271 1.59378 34
      vertex 28.2154 1.63588 0
      vertex 28.4271 1.59378 0
    endloop
  endfacet
  facet normal 0.751856 -0.659328 0
    outer loop
      vertex 26.691 1.00446 34
      vertex 26.8333 1.16673 0
      vertex 26.8333 1.16673 34
    endloop
  endfacet
  facet normal 0.751856 -0.659328 0
    outer loop
      vertex 26.8333 1.16673 0
      vertex 26.691 1.00446 34
      vertex 26.691 1.00446 0
    endloop
  endfacet
  facet normal 0.946897 0.321538 0
    outer loop
      vertex 26.4756 -0.631427 34
      vertex 26.4062 -0.427051 0
      vertex 26.4062 -0.427051 34
    endloop
  endfacet
  facet normal 0.946897 0.321538 0
    outer loop
      vertex 26.4062 -0.427051 0
      vertex 26.4756 -0.631427 34
      vertex 26.4756 -0.631427 0
    endloop
  endfacet
  facet normal -0.946897 0.321538 0
    outer loop
      vertex 29.5244 -0.631427 0
      vertex 29.5938 -0.427051 34
      vertex 29.5938 -0.427051 0
    endloop
  endfacet
  facet normal -0.946897 0.321538 0
    outer loop
      vertex 29.5938 -0.427051 34
      vertex 29.5244 -0.631427 0
      vertex 29.5244 -0.631427 34
    endloop
  endfacet
  facet normal 0.980791 -0.195061 0
    outer loop
      vertex 26.3641 0.215367 34
      vertex 26.4062 0.427051 0
      vertex 26.4062 0.427051 34
    endloop
  endfacet
  facet normal 0.980791 -0.195061 0
    outer loop
      vertex 26.4062 0.427051 0
      vertex 26.3641 0.215367 34
      vertex 26.3641 0.215367 0
    endloop
  endfacet
  facet normal 0.44224 0.896897 -0
    outer loop
      vertex 27.3686 -1.5244 0
      vertex 27.175 -1.42894 34
      vertex 27.3686 -1.5244 34
    endloop
  endfacet
  facet normal 0.44224 0.896897 0
    outer loop
      vertex 27.175 -1.42894 34
      vertex 27.3686 -1.5244 0
      vertex 27.175 -1.42894 0
    endloop
  endfacet
  facet normal 0.55548 -0.83153 0
    outer loop
      vertex 26.9955 1.30903 0
      vertex 27.175 1.42894 34
      vertex 26.9955 1.30903 34
    endloop
  endfacet
  facet normal 0.55548 -0.83153 0
    outer loop
      vertex 27.175 1.42894 34
      vertex 26.9955 1.30903 0
      vertex 27.175 1.42894 0
    endloop
  endfacet
  facet normal -0.659488 0.751715 0
    outer loop
      vertex 29.1667 -1.16673 0
      vertex 29.0045 -1.30903 34
      vertex 29.1667 -1.16673 34
    endloop
  endfacet
  facet normal -0.659488 0.751715 0
    outer loop
      vertex 29.0045 -1.30903 34
      vertex 29.1667 -1.16673 0
      vertex 29.0045 -1.30903 0
    endloop
  endfacet
  facet normal 0.321562 -0.946889 0
    outer loop
      vertex 27.3686 1.5244 0
      vertex 27.5729 1.59378 34
      vertex 27.3686 1.5244 34
    endloop
  endfacet
  facet normal 0.321562 -0.946889 0
    outer loop
      vertex 27.5729 1.59378 34
      vertex 27.3686 1.5244 0
      vertex 27.5729 1.59378 0
    endloop
  endfacet
  facet normal -0.831494 0.555534 0
    outer loop
      vertex 29.309 -1.00446 0
      vertex 29.4289 -0.825 34
      vertex 29.4289 -0.825 0
    endloop
  endfacet
  facet normal -0.831494 0.555534 0
    outer loop
      vertex 29.4289 -0.825 34
      vertex 29.309 -1.00446 0
      vertex 29.309 -1.00446 34
    endloop
  endfacet
  facet normal -0.55548 0.83153 0
    outer loop
      vertex 29.0045 -1.30903 0
      vertex 28.825 -1.42894 34
      vertex 29.0045 -1.30903 34
    endloop
  endfacet
  facet normal -0.55548 0.83153 0
    outer loop
      vertex 28.825 -1.42894 34
      vertex 29.0045 -1.30903 0
      vertex 28.825 -1.42894 0
    endloop
  endfacet
  facet normal -0.751856 0.659328 0
    outer loop
      vertex 29.1667 -1.16673 0
      vertex 29.309 -1.00446 34
      vertex 29.309 -1.00446 0
    endloop
  endfacet
  facet normal -0.751856 0.659328 0
    outer loop
      vertex 29.309 -1.00446 34
      vertex 29.1667 -1.16673 0
      vertex 29.1667 -1.16673 34
    endloop
  endfacet
  facet normal -0.980791 0.195061 0
    outer loop
      vertex 29.5938 -0.427051 0
      vertex 29.6359 -0.215367 34
      vertex 29.6359 -0.215367 0
    endloop
  endfacet
  facet normal -0.980791 0.195061 0
    outer loop
      vertex 29.6359 -0.215367 34
      vertex 29.5938 -0.427051 0
      vertex 29.5938 -0.427051 34
    endloop
  endfacet
  facet normal 0.0654121 -0.997858 0
    outer loop
      vertex 27.7846 1.63588 0
      vertex 28 1.65 34
      vertex 27.7846 1.63588 34
    endloop
  endfacet
  facet normal 0.0654121 -0.997858 0
    outer loop
      vertex 28 1.65 34
      vertex 27.7846 1.63588 0
      vertex 28 1.65 0
    endloop
  endfacet
  facet normal 0.896799 0.442439 0
    outer loop
      vertex 26.5711 -0.825 34
      vertex 26.4756 -0.631427 0
      vertex 26.4756 -0.631427 34
    endloop
  endfacet
  facet normal 0.896799 0.442439 0
    outer loop
      vertex 26.4756 -0.631427 0
      vertex 26.5711 -0.825 34
      vertex 26.5711 -0.825 0
    endloop
  endfacet
  facet normal 0.55548 0.83153 -0
    outer loop
      vertex 27.175 -1.42894 0
      vertex 26.9955 -1.30903 34
      vertex 27.175 -1.42894 34
    endloop
  endfacet
  facet normal 0.55548 0.83153 0
    outer loop
      vertex 26.9955 -1.30903 34
      vertex 27.175 -1.42894 0
      vertex 26.9955 -1.30903 0
    endloop
  endfacet
  facet normal 0.896799 -0.442439 0
    outer loop
      vertex 26.4756 0.631427 34
      vertex 26.5711 0.825 0
      vertex 26.5711 0.825 34
    endloop
  endfacet
  facet normal 0.896799 -0.442439 0
    outer loop
      vertex 26.5711 0.825 0
      vertex 26.4756 0.631427 34
      vertex 26.4756 0.631427 0
    endloop
  endfacet
  facet normal -0.55548 -0.83153 0
    outer loop
      vertex 28.825 1.42894 0
      vertex 29.0045 1.30903 34
      vertex 28.825 1.42894 34
    endloop
  endfacet
  facet normal -0.55548 -0.83153 -0
    outer loop
      vertex 29.0045 1.30903 34
      vertex 28.825 1.42894 0
      vertex 29.0045 1.30903 0
    endloop
  endfacet
  facet normal 0.980791 0.195061 0
    outer loop
      vertex 26.4062 -0.427051 34
      vertex 26.3641 -0.215367 0
      vertex 26.3641 -0.215367 34
    endloop
  endfacet
  facet normal 0.980791 0.195061 0
    outer loop
      vertex 26.3641 -0.215367 0
      vertex 26.4062 -0.427051 34
      vertex 26.4062 -0.427051 0
    endloop
  endfacet
  facet normal -0.321562 0.946889 0
    outer loop
      vertex 28.6314 -1.5244 0
      vertex 28.4271 -1.59378 34
      vertex 28.6314 -1.5244 34
    endloop
  endfacet
  facet normal -0.321562 0.946889 0
    outer loop
      vertex 28.4271 -1.59378 34
      vertex 28.6314 -1.5244 0
      vertex 28.4271 -1.59378 0
    endloop
  endfacet
  facet normal -0.659488 -0.751715 0
    outer loop
      vertex 29.0045 1.30903 0
      vertex 29.1667 1.16673 34
      vertex 29.0045 1.30903 34
    endloop
  endfacet
  facet normal -0.659488 -0.751715 -0
    outer loop
      vertex 29.1667 1.16673 34
      vertex 29.0045 1.30903 0
      vertex 29.1667 1.16673 0
    endloop
  endfacet
  facet normal -0.195047 0.980794 0
    outer loop
      vertex 28.4271 -1.59378 0
      vertex 28.2154 -1.63588 34
      vertex 28.4271 -1.59378 34
    endloop
  endfacet
  facet normal -0.195047 0.980794 0
    outer loop
      vertex 28.2154 -1.63588 34
      vertex 28.4271 -1.59378 0
      vertex 28.2154 -1.63588 0
    endloop
  endfacet
  facet normal 0.946897 -0.321538 0
    outer loop
      vertex 26.4062 0.427051 34
      vertex 26.4756 0.631427 0
      vertex 26.4756 0.631427 34
    endloop
  endfacet
  facet normal 0.946897 -0.321538 0
    outer loop
      vertex 26.4756 0.631427 0
      vertex 26.4062 0.427051 34
      vertex 26.4062 0.427051 0
    endloop
  endfacet
  facet normal 0.195047 -0.980794 0
    outer loop
      vertex 27.5729 1.59378 0
      vertex 27.7846 1.63588 34
      vertex 27.5729 1.59378 34
    endloop
  endfacet
  facet normal 0.195047 -0.980794 0
    outer loop
      vertex 27.7846 1.63588 34
      vertex 27.5729 1.59378 0
      vertex 27.7846 1.63588 0
    endloop
  endfacet
  facet normal 0.0654121 0.997858 -0
    outer loop
      vertex 28 -1.65 0
      vertex 27.7846 -1.63588 34
      vertex 28 -1.65 34
    endloop
  endfacet
  facet normal 0.0654121 0.997858 0
    outer loop
      vertex 27.7846 -1.63588 34
      vertex 28 -1.65 0
      vertex 27.7846 -1.63588 0
    endloop
  endfacet
  facet normal 0.751856 0.659328 0
    outer loop
      vertex 26.8333 -1.16673 34
      vertex 26.691 -1.00446 0
      vertex 26.691 -1.00446 34
    endloop
  endfacet
  facet normal 0.751856 0.659328 0
    outer loop
      vertex 26.691 -1.00446 0
      vertex 26.8333 -1.16673 34
      vertex 26.8333 -1.16673 0
    endloop
  endfacet
  facet normal 0.195047 0.980794 -0
    outer loop
      vertex 27.7846 -1.63588 0
      vertex 27.5729 -1.59378 34
      vertex 27.7846 -1.63588 34
    endloop
  endfacet
  facet normal 0.195047 0.980794 0
    outer loop
      vertex 27.5729 -1.59378 34
      vertex 27.7846 -1.63588 0
      vertex 27.5729 -1.59378 0
    endloop
  endfacet
  facet normal -0.321562 -0.946889 0
    outer loop
      vertex 28.4271 1.59378 0
      vertex 28.6314 1.5244 34
      vertex 28.4271 1.59378 34
    endloop
  endfacet
  facet normal -0.321562 -0.946889 -0
    outer loop
      vertex 28.6314 1.5244 34
      vertex 28.4271 1.59378 0
      vertex 28.6314 1.5244 0
    endloop
  endfacet
  facet normal 0.831494 -0.555534 0
    outer loop
      vertex 26.5711 0.825 34
      vertex 26.691 1.00446 0
      vertex 26.691 1.00446 34
    endloop
  endfacet
  facet normal 0.831494 -0.555534 0
    outer loop
      vertex 26.691 1.00446 0
      vertex 26.5711 0.825 34
      vertex 26.5711 0.825 0
    endloop
  endfacet
  facet normal 0.980784 0.195096 0
    outer loop
      vertex 46.9572 0.652631 34
      vertex 46.8296 1.2941 0
      vertex 46.8296 1.2941 34
    endloop
  endfacet
  facet normal 0.980784 0.195096 0
    outer loop
      vertex 46.8296 1.2941 0
      vertex 46.9572 0.652631 34
      vertex 46.9572 0.652631 0
    endloop
  endfacet
  facet normal 0.997856 0.0654401 0
    outer loop
      vertex 47 0 34
      vertex 46.9572 0.652631 0
      vertex 46.9572 0.652631 34
    endloop
  endfacet
  facet normal 0.997856 0.0654401 0
    outer loop
      vertex 46.9572 0.652631 0
      vertex 47 0 34
      vertex 47 0 0
    endloop
  endfacet
  facet normal 0.321448 -0.946927 0
    outer loop
      vertex 43.2941 -4.82963 0
      vertex 43.9134 -4.6194 34
      vertex 43.2941 -4.82963 34
    endloop
  endfacet
  facet normal 0.321448 -0.946927 0
    outer loop
      vertex 43.9134 -4.6194 34
      vertex 43.2941 -4.82963 0
      vertex 43.9134 -4.6194 0
    endloop
  endfacet
  facet normal 0.831514 0.555504 0
    outer loop
      vertex 46.3301 2.5 34
      vertex 45.9668 3.04381 0
      vertex 45.9668 3.04381 34
    endloop
  endfacet
  facet normal 0.831514 0.555504 0
    outer loop
      vertex 45.9668 3.04381 0
      vertex 46.3301 2.5 34
      vertex 46.3301 2.5 0
    endloop
  endfacet
  facet normal -0.896854 0.442327 0
    outer loop
      vertex 37.3806 1.91342 0
      vertex 37.6699 2.5 34
      vertex 37.6699 2.5 0
    endloop
  endfacet
  facet normal -0.896854 0.442327 0
    outer loop
      vertex 37.6699 2.5 34
      vertex 37.3806 1.91342 0
      vertex 37.3806 1.91342 34
    endloop
  endfacet
  facet normal -0.555575 0.831466 0
    outer loop
      vertex 39.5 4.33013 0
      vertex 38.9562 3.96677 34
      vertex 39.5 4.33013 34
    endloop
  endfacet
  facet normal -0.555575 0.831466 0
    outer loop
      vertex 38.9562 3.96677 34
      vertex 39.5 4.33013 0
      vertex 38.9562 3.96677 0
    endloop
  endfacet
  facet normal -0.659372 0.751817 0
    outer loop
      vertex 38.9562 3.96677 0
      vertex 38.4645 3.53553 34
      vertex 38.9562 3.96677 34
    endloop
  endfacet
  facet normal -0.659372 0.751817 0
    outer loop
      vertex 38.4645 3.53553 34
      vertex 38.9562 3.96677 0
      vertex 38.4645 3.53553 0
    endloop
  endfacet
  facet normal -0.751784 0.659409 0
    outer loop
      vertex 38.0332 3.04381 0
      vertex 38.4645 3.53553 34
      vertex 38.4645 3.53553 0
    endloop
  endfacet
  facet normal -0.751784 0.659409 0
    outer loop
      vertex 38.4645 3.53553 34
      vertex 38.0332 3.04381 0
      vertex 38.0332 3.04381 34
    endloop
  endfacet
  facet normal 0.946944 -0.321397 0
    outer loop
      vertex 46.6194 -1.91342 34
      vertex 46.8296 -1.2941 0
      vertex 46.8296 -1.2941 34
    endloop
  endfacet
  facet normal 0.946944 -0.321397 0
    outer loop
      vertex 46.8296 -1.2941 0
      vertex 46.6194 -1.91342 34
      vertex 46.6194 -1.91342 0
    endloop
  endfacet
  facet normal -0.997856 0.0654401 0
    outer loop
      vertex 37 0 0
      vertex 37.0428 0.652631 34
      vertex 37.0428 0.652631 0
    endloop
  endfacet
  facet normal -0.997856 0.0654401 0
    outer loop
      vertex 37.0428 0.652631 34
      vertex 37 0 0
      vertex 37 0 34
    endloop
  endfacet
  facet normal 0.555575 0.831466 -0
    outer loop
      vertex 45.0438 3.96677 0
      vertex 44.5 4.33013 34
      vertex 45.0438 3.96677 34
    endloop
  endfacet
  facet normal 0.555575 0.831466 0
    outer loop
      vertex 44.5 4.33013 34
      vertex 45.0438 3.96677 0
      vertex 44.5 4.33013 0
    endloop
  endfacet
  facet normal -0.321448 -0.946927 0
    outer loop
      vertex 40.0866 -4.6194 0
      vertex 40.7059 -4.82963 34
      vertex 40.0866 -4.6194 34
    endloop
  endfacet
  facet normal -0.321448 -0.946927 -0
    outer loop
      vertex 40.7059 -4.82963 34
      vertex 40.0866 -4.6194 0
      vertex 40.7059 -4.82963 0
    endloop
  endfacet
  facet normal 0.195072 -0.980789 0
    outer loop
      vertex 42.6526 -4.95722 0
      vertex 43.2941 -4.82963 34
      vertex 42.6526 -4.95722 34
    endloop
  endfacet
  facet normal 0.195072 -0.980789 0
    outer loop
      vertex 43.2941 -4.82963 34
      vertex 42.6526 -4.95722 0
      vertex 43.2941 -4.82963 0
    endloop
  endfacet
  facet normal -0.321448 0.946927 0
    outer loop
      vertex 40.7059 4.82963 0
      vertex 40.0866 4.6194 34
      vertex 40.7059 4.82963 34
    endloop
  endfacet
  facet normal -0.321448 0.946927 0
    outer loop
      vertex 40.0866 4.6194 34
      vertex 40.7059 4.82963 0
      vertex 40.0866 4.6194 0
    endloop
  endfacet
  facet normal -0.831514 -0.555504 0
    outer loop
      vertex 38.0332 -3.04381 0
      vertex 37.6699 -2.5 34
      vertex 37.6699 -2.5 0
    endloop
  endfacet
  facet normal -0.831514 -0.555504 0
    outer loop
      vertex 37.6699 -2.5 34
      vertex 38.0332 -3.04381 0
      vertex 38.0332 -3.04381 34
    endloop
  endfacet
  facet normal 0.555575 -0.831466 0
    outer loop
      vertex 44.5 -4.33013 0
      vertex 45.0438 -3.96677 34
      vertex 44.5 -4.33013 34
    endloop
  endfacet
  facet normal 0.555575 -0.831466 0
    outer loop
      vertex 45.0438 -3.96677 34
      vertex 44.5 -4.33013 0
      vertex 45.0438 -3.96677 0
    endloop
  endfacet
  facet normal -0.946944 0.321397 0
    outer loop
      vertex 37.1704 1.2941 0
      vertex 37.3806 1.91342 34
      vertex 37.3806 1.91342 0
    endloop
  endfacet
  facet normal -0.946944 0.321397 0
    outer loop
      vertex 37.3806 1.91342 34
      vertex 37.1704 1.2941 0
      vertex 37.1704 1.2941 34
    endloop
  endfacet
  facet normal 0.321448 0.946927 -0
    outer loop
      vertex 43.9134 4.6194 0
      vertex 43.2941 4.82963 34
      vertex 43.9134 4.6194 34
    endloop
  endfacet
  facet normal 0.321448 0.946927 0
    outer loop
      vertex 43.2941 4.82963 34
      vertex 43.9134 4.6194 0
      vertex 43.2941 4.82963 0
    endloop
  endfacet
  facet normal 0.0654128 0.997858 -0
    outer loop
      vertex 42.6526 4.95722 0
      vertex 42 5 34
      vertex 42.6526 4.95722 34
    endloop
  endfacet
  facet normal 0.0654128 0.997858 0
    outer loop
      vertex 42 5 34
      vertex 42.6526 4.95722 0
      vertex 42 5 0
    endloop
  endfacet
  facet normal -0.442277 0.896878 0
    outer loop
      vertex 40.0866 4.6194 0
      vertex 39.5 4.33013 34
      vertex 40.0866 4.6194 34
    endloop
  endfacet
  facet normal -0.442277 0.896878 0
    outer loop
      vertex 39.5 4.33013 34
      vertex 40.0866 4.6194 0
      vertex 39.5 4.33013 0
    endloop
  endfacet
  facet normal 0.831514 -0.555504 0
    outer loop
      vertex 45.9668 -3.04381 34
      vertex 46.3301 -2.5 0
      vertex 46.3301 -2.5 34
    endloop
  endfacet
  facet normal 0.831514 -0.555504 0
    outer loop
      vertex 46.3301 -2.5 0
      vertex 45.9668 -3.04381 34
      vertex 45.9668 -3.04381 0
    endloop
  endfacet
  facet normal -0.997856 -0.0654401 0
    outer loop
      vertex 37.0428 -0.652631 0
      vertex 37 0 34
      vertex 37 0 0
    endloop
  endfacet
  facet normal -0.997856 -0.0654401 0
    outer loop
      vertex 37 0 34
      vertex 37.0428 -0.652631 0
      vertex 37.0428 -0.652631 34
    endloop
  endfacet
  facet normal -0.946944 -0.321397 0
    outer loop
      vertex 37.3806 -1.91342 0
      vertex 37.1704 -1.2941 34
      vertex 37.1704 -1.2941 0
    endloop
  endfacet
  facet normal -0.946944 -0.321397 0
    outer loop
      vertex 37.1704 -1.2941 34
      vertex 37.3806 -1.91342 0
      vertex 37.3806 -1.91342 34
    endloop
  endfacet
  facet normal -0.659372 -0.751817 0
    outer loop
      vertex 38.4645 -3.53553 0
      vertex 38.9562 -3.96677 34
      vertex 38.4645 -3.53553 34
    endloop
  endfacet
  facet normal -0.659372 -0.751817 -0
    outer loop
      vertex 38.9562 -3.96677 34
      vertex 38.4645 -3.53553 0
      vertex 38.9562 -3.96677 0
    endloop
  endfacet
  facet normal 0.442277 0.896878 -0
    outer loop
      vertex 44.5 4.33013 0
      vertex 43.9134 4.6194 34
      vertex 44.5 4.33013 34
    endloop
  endfacet
  facet normal 0.442277 0.896878 0
    outer loop
      vertex 43.9134 4.6194 34
      vertex 44.5 4.33013 0
      vertex 43.9134 4.6194 0
    endloop
  endfacet
  facet normal -0.195072 0.980789 0
    outer loop
      vertex 41.3474 4.95722 0
      vertex 40.7059 4.82963 34
      vertex 41.3474 4.95722 34
    endloop
  endfacet
  facet normal -0.195072 0.980789 0
    outer loop
      vertex 40.7059 4.82963 34
      vertex 41.3474 4.95722 0
      vertex 40.7059 4.82963 0
    endloop
  endfacet
  facet normal 0.751784 0.659409 0
    outer loop
      vertex 45.9668 3.04381 34
      vertex 45.5355 3.53553 0
      vertex 45.5355 3.53553 34
    endloop
  endfacet
  facet normal 0.751784 0.659409 0
    outer loop
      vertex 45.5355 3.53553 0
      vertex 45.9668 3.04381 34
      vertex 45.9668 3.04381 0
    endloop
  endfacet
  facet normal 0.195072 0.980789 -0
    outer loop
      vertex 43.2941 4.82963 0
      vertex 42.6526 4.95722 34
      vertex 43.2941 4.82963 34
    endloop
  endfacet
  facet normal 0.195072 0.980789 0
    outer loop
      vertex 42.6526 4.95722 34
      vertex 43.2941 4.82963 0
      vertex 42.6526 4.95722 0
    endloop
  endfacet
  facet normal 0.751784 -0.659409 0
    outer loop
      vertex 45.5355 -3.53553 34
      vertex 45.9668 -3.04381 0
      vertex 45.9668 -3.04381 34
    endloop
  endfacet
  facet normal 0.751784 -0.659409 0
    outer loop
      vertex 45.9668 -3.04381 0
      vertex 45.5355 -3.53553 34
      vertex 45.5355 -3.53553 0
    endloop
  endfacet
  facet normal -0.442277 -0.896878 0
    outer loop
      vertex 39.5 -4.33013 0
      vertex 40.0866 -4.6194 34
      vertex 39.5 -4.33013 34
    endloop
  endfacet
  facet normal -0.442277 -0.896878 -0
    outer loop
      vertex 40.0866 -4.6194 34
      vertex 39.5 -4.33013 0
      vertex 40.0866 -4.6194 0
    endloop
  endfacet
  facet normal -0.0654128 0.997858 0
    outer loop
      vertex 42 5 0
      vertex 41.3474 4.95722 34
      vertex 42 5 34
    endloop
  endfacet
  facet normal -0.0654128 0.997858 0
    outer loop
      vertex 41.3474 4.95722 34
      vertex 42 5 0
      vertex 41.3474 4.95722 0
    endloop
  endfacet
  facet normal -0.980784 0.195096 0
    outer loop
      vertex 37.0428 0.652631 0
      vertex 37.1704 1.2941 34
      vertex 37.1704 1.2941 0
    endloop
  endfacet
  facet normal -0.980784 0.195096 0
    outer loop
      vertex 37.1704 1.2941 34
      vertex 37.0428 0.652631 0
      vertex 37.0428 0.652631 34
    endloop
  endfacet
  facet normal 0.0654128 -0.997858 0
    outer loop
      vertex 42 -5 0
      vertex 42.6526 -4.95722 34
      vertex 42 -5 34
    endloop
  endfacet
  facet normal 0.0654128 -0.997858 0
    outer loop
      vertex 42.6526 -4.95722 34
      vertex 42 -5 0
      vertex 42.6526 -4.95722 0
    endloop
  endfacet
  facet normal 0.442277 -0.896878 0
    outer loop
      vertex 43.9134 -4.6194 0
      vertex 44.5 -4.33013 34
      vertex 43.9134 -4.6194 34
    endloop
  endfacet
  facet normal 0.442277 -0.896878 0
    outer loop
      vertex 44.5 -4.33013 34
      vertex 43.9134 -4.6194 0
      vertex 44.5 -4.33013 0
    endloop
  endfacet
  facet normal 0.659372 -0.751817 0
    outer loop
      vertex 45.0438 -3.96677 0
      vertex 45.5355 -3.53553 34
      vertex 45.0438 -3.96677 34
    endloop
  endfacet
  facet normal 0.659372 -0.751817 0
    outer loop
      vertex 45.5355 -3.53553 34
      vertex 45.0438 -3.96677 0
      vertex 45.5355 -3.53553 0
    endloop
  endfacet
  facet normal -0.896854 -0.442327 0
    outer loop
      vertex 37.6699 -2.5 0
      vertex 37.3806 -1.91342 34
      vertex 37.3806 -1.91342 0
    endloop
  endfacet
  facet normal -0.896854 -0.442327 0
    outer loop
      vertex 37.3806 -1.91342 34
      vertex 37.6699 -2.5 0
      vertex 37.6699 -2.5 34
    endloop
  endfacet
  facet normal 0.896854 -0.442327 0
    outer loop
      vertex 46.3301 -2.5 34
      vertex 46.6194 -1.91342 0
      vertex 46.6194 -1.91342 34
    endloop
  endfacet
  facet normal 0.896854 -0.442327 0
    outer loop
      vertex 46.6194 -1.91342 0
      vertex 46.3301 -2.5 34
      vertex 46.3301 -2.5 0
    endloop
  endfacet
  facet normal 0.659372 0.751817 -0
    outer loop
      vertex 45.5355 3.53553 0
      vertex 45.0438 3.96677 34
      vertex 45.5355 3.53553 34
    endloop
  endfacet
  facet normal 0.659372 0.751817 0
    outer loop
      vertex 45.0438 3.96677 34
      vertex 45.5355 3.53553 0
      vertex 45.0438 3.96677 0
    endloop
  endfacet
  facet normal 0.997856 -0.0654401 0
    outer loop
      vertex 46.9572 -0.652631 34
      vertex 47 0 0
      vertex 47 0 34
    endloop
  endfacet
  facet normal 0.997856 -0.0654401 0
    outer loop
      vertex 47 0 0
      vertex 46.9572 -0.652631 34
      vertex 46.9572 -0.652631 0
    endloop
  endfacet
  facet normal -0.555575 -0.831466 0
    outer loop
      vertex 38.9562 -3.96677 0
      vertex 39.5 -4.33013 34
      vertex 38.9562 -3.96677 34
    endloop
  endfacet
  facet normal -0.555575 -0.831466 -0
    outer loop
      vertex 39.5 -4.33013 34
      vertex 38.9562 -3.96677 0
      vertex 39.5 -4.33013 0
    endloop
  endfacet
  facet normal 0.896854 0.442327 0
    outer loop
      vertex 46.6194 1.91342 34
      vertex 46.3301 2.5 0
      vertex 46.3301 2.5 34
    endloop
  endfacet
  facet normal 0.896854 0.442327 0
    outer loop
      vertex 46.3301 2.5 0
      vertex 46.6194 1.91342 34
      vertex 46.6194 1.91342 0
    endloop
  endfacet
  facet normal 0.980784 -0.195096 0
    outer loop
      vertex 46.8296 -1.2941 34
      vertex 46.9572 -0.652631 0
      vertex 46.9572 -0.652631 34
    endloop
  endfacet
  facet normal 0.980784 -0.195096 0
    outer loop
      vertex 46.9572 -0.652631 0
      vertex 46.8296 -1.2941 34
      vertex 46.8296 -1.2941 0
    endloop
  endfacet
  facet normal 0.946944 0.321397 0
    outer loop
      vertex 46.8296 1.2941 34
      vertex 46.6194 1.91342 0
      vertex 46.6194 1.91342 34
    endloop
  endfacet
  facet normal 0.946944 0.321397 0
    outer loop
      vertex 46.6194 1.91342 0
      vertex 46.8296 1.2941 34
      vertex 46.8296 1.2941 0
    endloop
  endfacet
  facet normal 0 0 -1
    outer loop
      vertex 43.65 0 0
      vertex 47 0 0
      vertex 46.9572 -0.652631 0
    endloop
  endfacet
  facet normal 0 0 -1
    outer loop
      vertex 43.6359 -0.215367 0
      vertex 46.9572 -0.652631 0
      vertex 46.8296 -1.2941 0
    endloop
  endfacet
  facet normal 0 0 -1
    outer loop
      vertex 47 0 0
      vertex 43.65 0 0
      vertex 46.9572 0.652631 0
    endloop
  endfacet
  facet normal 0 0 -1
    outer loop
      vertex 43.5938 -0.427051 0
      vertex 46.8296 -1.2941 0
      vertex 46.6194 -1.91342 0
    endloop
  endfacet
  facet normal 0 0 -1
    outer loop
      vertex 43.6359 0.215367 0
      vertex 46.9572 0.652631 0
      vertex 43.65 0 0
    endloop
  endfacet
  facet normal 0 0 -1
    outer loop
      vertex 43.5244 -0.631427 0
      vertex 46.6194 -1.91342 0
      vertex 46.3301 -2.5 0
    endloop
  endfacet
  facet normal -0 0 -1
    outer loop
      vertex 46.9572 0.652631 0
      vertex 43.6359 0.215367 0
      vertex 46.8296 1.2941 0
    endloop
  endfacet
  facet normal 0 0 -1
    outer loop
      vertex 43.4289 -0.825 0
      vertex 46.3301 -2.5 0
      vertex 45.9668 -3.04381 0
    endloop
  endfacet
  facet normal 0 0 -1
    outer loop
      vertex 43.5938 0.427051 0
      vertex 46.8296 1.2941 0
      vertex 43.6359 0.215367 0
    endloop
  endfacet
  facet normal 0 0 -1
    outer loop
      vertex 43.309 -1.00446 0
      vertex 45.9668 -3.04381 0
      vertex 45.5355 -3.53553 0
    endloop
  endfacet
  facet normal -0 0 -1
    outer loop
      vertex 46.8296 1.2941 0
      vertex 43.5938 0.427051 0
      vertex 46.6194 1.91342 0
    endloop
  endfacet
  facet normal 0 0 -1
    outer loop
      vertex 43.1667 -1.16673 0
      vertex 45.5355 -3.53553 0
      vertex 45.0438 -3.96677 0
    endloop
  endfacet
  facet normal 0 0 -1
    outer loop
      vertex 43.5244 0.631427 0
      vertex 46.6194 1.91342 0
      vertex 43.5938 0.427051 0
    endloop
  endfacet
  facet normal 0 0 -1
    outer loop
      vertex 43.0045 -1.30903 0
      vertex 45.0438 -3.96677 0
      vertex 44.5 -4.33013 0
    endloop
  endfacet
  facet normal -0 0 -1
    outer loop
      vertex 46.6194 1.91342 0
      vertex 43.5244 0.631427 0
      vertex 46.3301 2.5 0
    endloop
  endfacet
  facet normal 0 0 -1
    outer loop
      vertex 42.825 -1.42894 0
      vertex 44.5 -4.33013 0
      vertex 43.9134 -4.6194 0
    endloop
  endfacet
  facet normal 0 0 -1
    outer loop
      vertex 43.4289 0.825 0
      vertex 46.3301 2.5 0
      vertex 43.5244 0.631427 0
    endloop
  endfacet
  facet normal -0 0 -1
    outer loop
      vertex 46.3301 2.5 0
      vertex 43.4289 0.825 0
      vertex 45.9668 3.04381 0
    endloop
  endfacet
  facet normal 0 0 -1
    outer loop
      vertex 46.9572 -0.652631 0
      vertex 43.6359 -0.215367 0
      vertex 43.65 0 0
    endloop
  endfacet
  facet normal 0 0 -1
    outer loop
      vertex 46.8296 -1.2941 0
      vertex 43.5938 -0.427051 0
      vertex 43.6359 -0.215367 0
    endloop
  endfacet
  facet normal 0 0 -1
    outer loop
      vertex 46.6194 -1.91342 0
      vertex 43.5244 -0.631427 0
      vertex 43.5938 -0.427051 0
    endloop
  endfacet
  facet normal 0 0 -1
    outer loop
      vertex 46.3301 -2.5 0
      vertex 43.4289 -0.825 0
      vertex 43.5244 -0.631427 0
    endloop
  endfacet
  facet normal 0 0 -1
    outer loop
      vertex 45.9668 -3.04381 0
      vertex 43.309 -1.00446 0
      vertex 43.4289 -0.825 0
    endloop
  endfacet
  facet normal 0 0 -1
    outer loop
      vertex 42.6314 -1.5244 0
      vertex 43.9134 -4.6194 0
      vertex 43.2941 -4.82963 0
    endloop
  endfacet
  facet normal 0 0 -1
    outer loop
      vertex 45.5355 -3.53553 0
      vertex 43.1667 -1.16673 0
      vertex 43.309 -1.00446 0
    endloop
  endfacet
  facet normal 0 0 -1
    outer loop
      vertex 45.0438 -3.96677 0
      vertex 43.0045 -1.30903 0
      vertex 43.1667 -1.16673 0
    endloop
  endfacet
  facet normal 0 0 -1
    outer loop
      vertex 44.5 -4.33013 0
      vertex 42.825 -1.42894 0
      vertex 43.0045 -1.30903 0
    endloop
  endfacet
  facet normal 0 0 -1
    outer loop
      vertex 42.4271 -1.59378 0
      vertex 43.2941 -4.82963 0
      vertex 42.6526 -4.95722 0
    endloop
  endfacet
  facet normal 0 0 -1
    outer loop
      vertex 43.9134 -4.6194 0
      vertex 42.6314 -1.5244 0
      vertex 42.825 -1.42894 0
    endloop
  endfacet
  facet normal 0 0 -1
    outer loop
      vertex 43.2941 -4.82963 0
      vertex 42.4271 -1.59378 0
      vertex 42.6314 -1.5244 0
    endloop
  endfacet
  facet normal 0 0 -1
    outer loop
      vertex 42.6526 -4.95722 0
      vertex 42.2154 -1.63588 0
      vertex 42.4271 -1.59378 0
    endloop
  endfacet
  facet normal 0 0 -1
    outer loop
      vertex 42 -5 0
      vertex 42.2154 -1.63588 0
      vertex 42.6526 -4.95722 0
    endloop
  endfacet
  facet normal 0 0 -1
    outer loop
      vertex 42 -5 0
      vertex 42 -1.65 0
      vertex 42.2154 -1.63588 0
    endloop
  endfacet
  facet normal 0 0 -1
    outer loop
      vertex 42 -5 0
      vertex 41.7846 -1.63588 0
      vertex 42 -1.65 0
    endloop
  endfacet
  facet normal 0 0 -1
    outer loop
      vertex 41.3474 -4.95722 0
      vertex 41.7846 -1.63588 0
      vertex 42 -5 0
    endloop
  endfacet
  facet normal -0 0 -1
    outer loop
      vertex 41.7846 -1.63588 0
      vertex 41.3474 -4.95722 0
      vertex 41.5729 -1.59378 0
    endloop
  endfacet
  facet normal 0 0 -1
    outer loop
      vertex 40.7059 -4.82963 0
      vertex 41.5729 -1.59378 0
      vertex 41.3474 -4.95722 0
    endloop
  endfacet
  facet normal -0 0 -1
    outer loop
      vertex 41.5729 -1.59378 0
      vertex 40.7059 -4.82963 0
      vertex 41.3686 -1.5244 0
    endloop
  endfacet
  facet normal 0 0 -1
    outer loop
      vertex 40.0866 -4.6194 0
      vertex 41.3686 -1.5244 0
      vertex 40.7059 -4.82963 0
    endloop
  endfacet
  facet normal -0 0 -1
    outer loop
      vertex 41.3686 -1.5244 0
      vertex 40.0866 -4.6194 0
      vertex 41.175 -1.42894 0
    endloop
  endfacet
  facet normal 0 0 -1
    outer loop
      vertex 39.5 -4.33013 0
      vertex 41.175 -1.42894 0
      vertex 40.0866 -4.6194 0
    endloop
  endfacet
  facet normal -0 0 -1
    outer loop
      vertex 41.175 -1.42894 0
      vertex 39.5 -4.33013 0
      vertex 40.9955 -1.30903 0
    endloop
  endfacet
  facet normal 0 0 -1
    outer loop
      vertex 38.9562 -3.96677 0
      vertex 40.9955 -1.30903 0
      vertex 39.5 -4.33013 0
    endloop
  endfacet
  facet normal -0 0 -1
    outer loop
      vertex 40.9955 -1.30903 0
      vertex 38.9562 -3.96677 0
      vertex 40.8333 -1.16673 0
    endloop
  endfacet
  facet normal 0 0 -1
    outer loop
      vertex 38.4645 -3.53553 0
      vertex 40.8333 -1.16673 0
      vertex 38.9562 -3.96677 0
    endloop
  endfacet
  facet normal -0 0 -1
    outer loop
      vertex 40.8333 -1.16673 0
      vertex 38.4645 -3.53553 0
      vertex 40.691 -1.00446 0
    endloop
  endfacet
  facet normal -0 0 -1
    outer loop
      vertex 40.691 -1.00446 0
      vertex 38.0332 -3.04381 0
      vertex 40.5711 -0.825 0
    endloop
  endfacet
  facet normal 0 0 -1
    outer loop
      vertex 38.0332 -3.04381 0
      vertex 40.691 -1.00446 0
      vertex 38.4645 -3.53553 0
    endloop
  endfacet
  facet normal 0 0 -1
    outer loop
      vertex 43.309 1.00446 0
      vertex 45.9668 3.04381 0
      vertex 43.4289 0.825 0
    endloop
  endfacet
  facet normal -0 0 -1
    outer loop
      vertex 45.9668 3.04381 0
      vertex 43.309 1.00446 0
      vertex 45.5355 3.53553 0
    endloop
  endfacet
  facet normal 0 0 -1
    outer loop
      vertex 43.1667 1.16673 0
      vertex 45.5355 3.53553 0
      vertex 43.309 1.00446 0
    endloop
  endfacet
  facet normal -0 0 -1
    outer loop
      vertex 45.5355 3.53553 0
      vertex 43.1667 1.16673 0
      vertex 45.0438 3.96677 0
    endloop
  endfacet
  facet normal 0 0 -1
    outer loop
      vertex 43.0045 1.30903 0
      vertex 45.0438 3.96677 0
      vertex 43.1667 1.16673 0
    endloop
  endfacet
  facet normal -0 0 -1
    outer loop
      vertex 45.0438 3.96677 0
      vertex 43.0045 1.30903 0
      vertex 44.5 4.33013 0
    endloop
  endfacet
  facet normal 0 0 -1
    outer loop
      vertex 42.825 1.42894 0
      vertex 44.5 4.33013 0
      vertex 43.0045 1.30903 0
    endloop
  endfacet
  facet normal -0 0 -1
    outer loop
      vertex 44.5 4.33013 0
      vertex 42.825 1.42894 0
      vertex 43.9134 4.6194 0
    endloop
  endfacet
  facet normal 0 0 -1
    outer loop
      vertex 42.6314 1.5244 0
      vertex 43.9134 4.6194 0
      vertex 42.825 1.42894 0
    endloop
  endfacet
  facet normal -0 0 -1
    outer loop
      vertex 43.9134 4.6194 0
      vertex 42.6314 1.5244 0
      vertex 43.2941 4.82963 0
    endloop
  endfacet
  facet normal 0 0 -1
    outer loop
      vertex 42.4271 1.59378 0
      vertex 43.2941 4.82963 0
      vertex 42.6314 1.5244 0
    endloop
  endfacet
  facet normal -0 0 -1
    outer loop
      vertex 43.2941 4.82963 0
      vertex 42.4271 1.59378 0
      vertex 42.6526 4.95722 0
    endloop
  endfacet
  facet normal 0 0 -1
    outer loop
      vertex 42.2154 1.63588 0
      vertex 42.6526 4.95722 0
      vertex 42.4271 1.59378 0
    endloop
  endfacet
  facet normal 0 0 -1
    outer loop
      vertex 42 1.65 0
      vertex 42.6526 4.95722 0
      vertex 42.2154 1.63588 0
    endloop
  endfacet
  facet normal 0 0 -1
    outer loop
      vertex 42 1.65 0
      vertex 42 5 0
      vertex 42.6526 4.95722 0
    endloop
  endfacet
  facet normal 0 0 -1
    outer loop
      vertex 41.7846 1.63588 0
      vertex 42 5 0
      vertex 42 1.65 0
    endloop
  endfacet
  facet normal 0 0 -1
    outer loop
      vertex 41.3474 4.95722 0
      vertex 41.7846 1.63588 0
      vertex 41.5729 1.59378 0
    endloop
  endfacet
  facet normal 0 0 -1
    outer loop
      vertex 40.7059 4.82963 0
      vertex 41.5729 1.59378 0
      vertex 41.3686 1.5244 0
    endloop
  endfacet
  facet normal 0 0 -1
    outer loop
      vertex 41.7846 1.63588 0
      vertex 41.3474 4.95722 0
      vertex 42 5 0
    endloop
  endfacet
  facet normal 0 0 -1
    outer loop
      vertex 40.0866 4.6194 0
      vertex 41.3686 1.5244 0
      vertex 41.175 1.42894 0
    endloop
  endfacet
  facet normal 0 0 -1
    outer loop
      vertex 39.5 4.33013 0
      vertex 41.175 1.42894 0
      vertex 40.9955 1.30903 0
    endloop
  endfacet
  facet normal 0 0 -1
    outer loop
      vertex 38.9562 3.96677 0
      vertex 40.9955 1.30903 0
      vertex 40.8333 1.16673 0
    endloop
  endfacet
  facet normal 0 0 -1
    outer loop
      vertex 41.5729 1.59378 0
      vertex 40.7059 4.82963 0
      vertex 41.3474 4.95722 0
    endloop
  endfacet
  facet normal 0 0 -1
    outer loop
      vertex 38.4645 3.53553 0
      vertex 40.8333 1.16673 0
      vertex 40.691 1.00446 0
    endloop
  endfacet
  facet normal 0 0 -1
    outer loop
      vertex 38.0332 3.04381 0
      vertex 40.691 1.00446 0
      vertex 40.5711 0.825 0
    endloop
  endfacet
  facet normal 0 0 -1
    outer loop
      vertex 37.6699 2.5 0
      vertex 40.5711 0.825 0
      vertex 40.4756 0.631427 0
    endloop
  endfacet
  facet normal 0 0 -1
    outer loop
      vertex 37.3806 1.91342 0
      vertex 40.4756 0.631427 0
      vertex 40.4062 0.427051 0
    endloop
  endfacet
  facet normal 0 0 -1
    outer loop
      vertex 37.1704 1.2941 0
      vertex 40.4062 0.427051 0
      vertex 40.3641 0.215367 0
    endloop
  endfacet
  facet normal 0 0 -1
    outer loop
      vertex 41.3686 1.5244 0
      vertex 40.0866 4.6194 0
      vertex 40.7059 4.82963 0
    endloop
  endfacet
  facet normal 0 0 -1
    outer loop
      vertex 37.0428 0.652631 0
      vertex 40.3641 0.215367 0
      vertex 40.35 0 0
    endloop
  endfacet
  facet normal 0 0 -1
    outer loop
      vertex 37.6699 -2.5 0
      vertex 40.5711 -0.825 0
      vertex 38.0332 -3.04381 0
    endloop
  endfacet
  facet normal -0 0 -1
    outer loop
      vertex 40.5711 -0.825 0
      vertex 37.6699 -2.5 0
      vertex 40.4756 -0.631427 0
    endloop
  endfacet
  facet normal 0 0 -1
    outer loop
      vertex 41.175 1.42894 0
      vertex 39.5 4.33013 0
      vertex 40.0866 4.6194 0
    endloop
  endfacet
  facet normal 0 0 -1
    outer loop
      vertex 37.3806 -1.91342 0
      vertex 40.4756 -0.631427 0
      vertex 37.6699 -2.5 0
    endloop
  endfacet
  facet normal 0 0 -1
    outer loop
      vertex 40.9955 1.30903 0
      vertex 38.9562 3.96677 0
      vertex 39.5 4.33013 0
    endloop
  endfacet
  facet normal -0 0 -1
    outer loop
      vertex 40.4756 -0.631427 0
      vertex 37.3806 -1.91342 0
      vertex 40.4062 -0.427051 0
    endloop
  endfacet
  facet normal 0 0 -1
    outer loop
      vertex 40.8333 1.16673 0
      vertex 38.4645 3.53553 0
      vertex 38.9562 3.96677 0
    endloop
  endfacet
  facet normal 0 0 -1
    outer loop
      vertex 37.1704 -1.2941 0
      vertex 40.4062 -0.427051 0
      vertex 37.3806 -1.91342 0
    endloop
  endfacet
  facet normal 0 0 -1
    outer loop
      vertex 40.691 1.00446 0
      vertex 38.0332 3.04381 0
      vertex 38.4645 3.53553 0
    endloop
  endfacet
  facet normal -0 0 -1
    outer loop
      vertex 40.4062 -0.427051 0
      vertex 37.1704 -1.2941 0
      vertex 40.3641 -0.215367 0
    endloop
  endfacet
  facet normal 0 0 -1
    outer loop
      vertex 40.5711 0.825 0
      vertex 37.6699 2.5 0
      vertex 38.0332 3.04381 0
    endloop
  endfacet
  facet normal 0 0 -1
    outer loop
      vertex 37.0428 -0.652631 0
      vertex 40.3641 -0.215367 0
      vertex 37.1704 -1.2941 0
    endloop
  endfacet
  facet normal 0 0 -1
    outer loop
      vertex 40.4756 0.631427 0
      vertex 37.3806 1.91342 0
      vertex 37.6699 2.5 0
    endloop
  endfacet
  facet normal -0 0 -1
    outer loop
      vertex 40.3641 -0.215367 0
      vertex 37.0428 -0.652631 0
      vertex 40.35 0 0
    endloop
  endfacet
  facet normal 0 0 -1
    outer loop
      vertex 40.4062 0.427051 0
      vertex 37.1704 1.2941 0
      vertex 37.3806 1.91342 0
    endloop
  endfacet
  facet normal 0 0 -1
    outer loop
      vertex 37 0 0
      vertex 40.35 0 0
      vertex 37.0428 -0.652631 0
    endloop
  endfacet
  facet normal 0 0 -1
    outer loop
      vertex 40.3641 0.215367 0
      vertex 37.0428 0.652631 0
      vertex 37.1704 1.2941 0
    endloop
  endfacet
  facet normal 0 0 -1
    outer loop
      vertex 40.35 0 0
      vertex 37 0 0
      vertex 37.0428 0.652631 0
    endloop
  endfacet
  facet normal -0.980784 -0.195096 0
    outer loop
      vertex 37.1704 -1.2941 0
      vertex 37.0428 -0.652631 34
      vertex 37.0428 -0.652631 0
    endloop
  endfacet
  facet normal -0.980784 -0.195096 0
    outer loop
      vertex 37.0428 -0.652631 34
      vertex 37.1704 -1.2941 0
      vertex 37.1704 -1.2941 34
    endloop
  endfacet
  facet normal -0.751784 -0.659409 0
    outer loop
      vertex 38.4645 -3.53553 0
      vertex 38.0332 -3.04381 34
      vertex 38.0332 -3.04381 0
    endloop
  endfacet
  facet normal -0.751784 -0.659409 0
    outer loop
      vertex 38.0332 -3.04381 34
      vertex 38.4645 -3.53553 0
      vertex 38.4645 -3.53553 34
    endloop
  endfacet
  facet normal 0 0 1
    outer loop
      vertex 43.65 0 34
      vertex 47 0 34
      vertex 46.9572 0.652631 34
    endloop
  endfacet
  facet normal 0 0 1
    outer loop
      vertex 43.6359 0.215367 34
      vertex 46.9572 0.652631 34
      vertex 46.8296 1.2941 34
    endloop
  endfacet
  facet normal 0 0 1
    outer loop
      vertex 47 0 34
      vertex 43.65 0 34
      vertex 46.9572 -0.652631 34
    endloop
  endfacet
  facet normal 0 0 1
    outer loop
      vertex 43.5938 0.427051 34
      vertex 46.8296 1.2941 34
      vertex 46.6194 1.91342 34
    endloop
  endfacet
  facet normal -0 0 1
    outer loop
      vertex 43.6359 -0.215367 34
      vertex 46.9572 -0.652631 34
      vertex 43.65 0 34
    endloop
  endfacet
  facet normal 0 0 1
    outer loop
      vertex 43.5244 0.631427 34
      vertex 46.6194 1.91342 34
      vertex 46.3301 2.5 34
    endloop
  endfacet
  facet normal 0 0 1
    outer loop
      vertex 46.9572 -0.652631 34
      vertex 43.6359 -0.215367 34
      vertex 46.8296 -1.2941 34
    endloop
  endfacet
  facet normal 0 0 1
    outer loop
      vertex 43.4289 0.825 34
      vertex 46.3301 2.5 34
      vertex 45.9668 3.04381 34
    endloop
  endfacet
  facet normal -0 0 1
    outer loop
      vertex 43.5938 -0.427051 34
      vertex 46.8296 -1.2941 34
      vertex 43.6359 -0.215367 34
    endloop
  endfacet
  facet normal 0 0 1
    outer loop
      vertex 43.309 1.00446 34
      vertex 45.9668 3.04381 34
      vertex 45.5355 3.53553 34
    endloop
  endfacet
  facet normal 0 0 1
    outer loop
      vertex 46.8296 -1.2941 34
      vertex 43.5938 -0.427051 34
      vertex 46.6194 -1.91342 34
    endloop
  endfacet
  facet normal 0 0 1
    outer loop
      vertex 43.1667 1.16673 34
      vertex 45.5355 3.53553 34
      vertex 45.0438 3.96677 34
    endloop
  endfacet
  facet normal -0 0 1
    outer loop
      vertex 43.5244 -0.631427 34
      vertex 46.6194 -1.91342 34
      vertex 43.5938 -0.427051 34
    endloop
  endfacet
  facet normal 0 0 1
    outer loop
      vertex 43.0045 1.30903 34
      vertex 45.0438 3.96677 34
      vertex 44.5 4.33013 34
    endloop
  endfacet
  facet normal 0 0 1
    outer loop
      vertex 46.6194 -1.91342 34
      vertex 43.5244 -0.631427 34
      vertex 46.3301 -2.5 34
    endloop
  endfacet
  facet normal 0 0 1
    outer loop
      vertex 42.825 1.42894 34
      vertex 44.5 4.33013 34
      vertex 43.9134 4.6194 34
    endloop
  endfacet
  facet normal -0 0 1
    outer loop
      vertex 43.4289 -0.825 34
      vertex 46.3301 -2.5 34
      vertex 43.5244 -0.631427 34
    endloop
  endfacet
  facet normal 0 0 1
    outer loop
      vertex 46.3301 -2.5 34
      vertex 43.4289 -0.825 34
      vertex 45.9668 -3.04381 34
    endloop
  endfacet
  facet normal 0 0 1
    outer loop
      vertex 46.9572 0.652631 34
      vertex 43.6359 0.215367 34
      vertex 43.65 0 34
    endloop
  endfacet
  facet normal 0 0 1
    outer loop
      vertex 46.8296 1.2941 34
      vertex 43.5938 0.427051 34
      vertex 43.6359 0.215367 34
    endloop
  endfacet
  facet normal 0 0 1
    outer loop
      vertex 46.6194 1.91342 34
      vertex 43.5244 0.631427 34
      vertex 43.5938 0.427051 34
    endloop
  endfacet
  facet normal 0 0 1
    outer loop
      vertex 46.3301 2.5 34
      vertex 43.4289 0.825 34
      vertex 43.5244 0.631427 34
    endloop
  endfacet
  facet normal 0 0 1
    outer loop
      vertex 45.9668 3.04381 34
      vertex 43.309 1.00446 34
      vertex 43.4289 0.825 34
    endloop
  endfacet
  facet normal 0 0 1
    outer loop
      vertex 42.6314 1.5244 34
      vertex 43.9134 4.6194 34
      vertex 43.2941 4.82963 34
    endloop
  endfacet
  facet normal 0 0 1
    outer loop
      vertex 45.5355 3.53553 34
      vertex 43.1667 1.16673 34
      vertex 43.309 1.00446 34
    endloop
  endfacet
  facet normal 0 0 1
    outer loop
      vertex 45.0438 3.96677 34
      vertex 43.0045 1.30903 34
      vertex 43.1667 1.16673 34
    endloop
  endfacet
  facet normal 0 0 1
    outer loop
      vertex 44.5 4.33013 34
      vertex 42.825 1.42894 34
      vertex 43.0045 1.30903 34
    endloop
  endfacet
  facet normal 0 0 1
    outer loop
      vertex 42.4271 1.59378 34
      vertex 43.2941 4.82963 34
      vertex 42.6526 4.95722 34
    endloop
  endfacet
  facet normal 0 0 1
    outer loop
      vertex 43.9134 4.6194 34
      vertex 42.6314 1.5244 34
      vertex 42.825 1.42894 34
    endloop
  endfacet
  facet normal 0 0 1
    outer loop
      vertex 43.2941 4.82963 34
      vertex 42.4271 1.59378 34
      vertex 42.6314 1.5244 34
    endloop
  endfacet
  facet normal 0 0 1
    outer loop
      vertex 42.6526 4.95722 34
      vertex 42.2154 1.63588 34
      vertex 42.4271 1.59378 34
    endloop
  endfacet
  facet normal 0 0 1
    outer loop
      vertex 42 5 34
      vertex 42.2154 1.63588 34
      vertex 42.6526 4.95722 34
    endloop
  endfacet
  facet normal 0 0 1
    outer loop
      vertex 42 5 34
      vertex 42 1.65 34
      vertex 42.2154 1.63588 34
    endloop
  endfacet
  facet normal 0 0 1
    outer loop
      vertex 42 5 34
      vertex 41.7846 1.63588 34
      vertex 42 1.65 34
    endloop
  endfacet
  facet normal -0 0 1
    outer loop
      vertex 41.3474 4.95722 34
      vertex 41.7846 1.63588 34
      vertex 42 5 34
    endloop
  endfacet
  facet normal 0 0 1
    outer loop
      vertex 41.7846 1.63588 34
      vertex 41.3474 4.95722 34
      vertex 41.5729 1.59378 34
    endloop
  endfacet
  facet normal -0 0 1
    outer loop
      vertex 40.7059 4.82963 34
      vertex 41.5729 1.59378 34
      vertex 41.3474 4.95722 34
    endloop
  endfacet
  facet normal 0 0 1
    outer loop
      vertex 41.5729 1.59378 34
      vertex 40.7059 4.82963 34
      vertex 41.3686 1.5244 34
    endloop
  endfacet
  facet normal -0 0 1
    outer loop
      vertex 40.0866 4.6194 34
      vertex 41.3686 1.5244 34
      vertex 40.7059 4.82963 34
    endloop
  endfacet
  facet normal 0 0 1
    outer loop
      vertex 41.3686 1.5244 34
      vertex 40.0866 4.6194 34
      vertex 41.175 1.42894 34
    endloop
  endfacet
  facet normal -0 0 1
    outer loop
      vertex 39.5 4.33013 34
      vertex 41.175 1.42894 34
      vertex 40.0866 4.6194 34
    endloop
  endfacet
  facet normal 0 0 1
    outer loop
      vertex 41.175 1.42894 34
      vertex 39.5 4.33013 34
      vertex 40.9955 1.30903 34
    endloop
  endfacet
  facet normal -0 0 1
    outer loop
      vertex 38.9562 3.96677 34
      vertex 40.9955 1.30903 34
      vertex 39.5 4.33013 34
    endloop
  endfacet
  facet normal 0 0 1
    outer loop
      vertex 40.9955 1.30903 34
      vertex 38.9562 3.96677 34
      vertex 40.8333 1.16673 34
    endloop
  endfacet
  facet normal -0 0 1
    outer loop
      vertex 38.4645 3.53553 34
      vertex 40.8333 1.16673 34
      vertex 38.9562 3.96677 34
    endloop
  endfacet
  facet normal 0 0 1
    outer loop
      vertex 40.8333 1.16673 34
      vertex 38.4645 3.53553 34
      vertex 40.691 1.00446 34
    endloop
  endfacet
  facet normal 0 0 1
    outer loop
      vertex 40.691 1.00446 34
      vertex 38.0332 3.04381 34
      vertex 40.5711 0.825 34
    endloop
  endfacet
  facet normal -0 0 1
    outer loop
      vertex 38.0332 3.04381 34
      vertex 40.691 1.00446 34
      vertex 38.4645 3.53553 34
    endloop
  endfacet
  facet normal -0 0 1
    outer loop
      vertex 43.309 -1.00446 34
      vertex 45.9668 -3.04381 34
      vertex 43.4289 -0.825 34
    endloop
  endfacet
  facet normal 0 0 1
    outer loop
      vertex 45.9668 -3.04381 34
      vertex 43.309 -1.00446 34
      vertex 45.5355 -3.53553 34
    endloop
  endfacet
  facet normal -0 0 1
    outer loop
      vertex 43.1667 -1.16673 34
      vertex 45.5355 -3.53553 34
      vertex 43.309 -1.00446 34
    endloop
  endfacet
  facet normal 0 0 1
    outer loop
      vertex 45.5355 -3.53553 34
      vertex 43.1667 -1.16673 34
      vertex 45.0438 -3.96677 34
    endloop
  endfacet
  facet normal -0 0 1
    outer loop
      vertex 43.0045 -1.30903 34
      vertex 45.0438 -3.96677 34
      vertex 43.1667 -1.16673 34
    endloop
  endfacet
  facet normal 0 0 1
    outer loop
      vertex 45.0438 -3.96677 34
      vertex 43.0045 -1.30903 34
      vertex 44.5 -4.33013 34
    endloop
  endfacet
  facet normal -0 0 1
    outer loop
      vertex 42.825 -1.42894 34
      vertex 44.5 -4.33013 34
      vertex 43.0045 -1.30903 34
    endloop
  endfacet
  facet normal 0 0 1
    outer loop
      vertex 44.5 -4.33013 34
      vertex 42.825 -1.42894 34
      vertex 43.9134 -4.6194 34
    endloop
  endfacet
  facet normal -0 0 1
    outer loop
      vertex 42.6314 -1.5244 34
      vertex 43.9134 -4.6194 34
      vertex 42.825 -1.42894 34
    endloop
  endfacet
  facet normal 0 0 1
    outer loop
      vertex 43.9134 -4.6194 34
      vertex 42.6314 -1.5244 34
      vertex 43.2941 -4.82963 34
    endloop
  endfacet
  facet normal -0 0 1
    outer loop
      vertex 42.4271 -1.59378 34
      vertex 43.2941 -4.82963 34
      vertex 42.6314 -1.5244 34
    endloop
  endfacet
  facet normal 0 0 1
    outer loop
      vertex 43.2941 -4.82963 34
      vertex 42.4271 -1.59378 34
      vertex 42.6526 -4.95722 34
    endloop
  endfacet
  facet normal -0 0 1
    outer loop
      vertex 42.2154 -1.63588 34
      vertex 42.6526 -4.95722 34
      vertex 42.4271 -1.59378 34
    endloop
  endfacet
  facet normal -0 0 1
    outer loop
      vertex 42 -1.65 34
      vertex 42.6526 -4.95722 34
      vertex 42.2154 -1.63588 34
    endloop
  endfacet
  facet normal 0 0 1
    outer loop
      vertex 42 -1.65 34
      vertex 42 -5 34
      vertex 42.6526 -4.95722 34
    endloop
  endfacet
  facet normal 0 0 1
    outer loop
      vertex 41.7846 -1.63588 34
      vertex 42 -5 34
      vertex 42 -1.65 34
    endloop
  endfacet
  facet normal 0 0 1
    outer loop
      vertex 41.3474 -4.95722 34
      vertex 41.7846 -1.63588 34
      vertex 41.5729 -1.59378 34
    endloop
  endfacet
  facet normal 0 0 1
    outer loop
      vertex 40.7059 -4.82963 34
      vertex 41.5729 -1.59378 34
      vertex 41.3686 -1.5244 34
    endloop
  endfacet
  facet normal 0 0 1
    outer loop
      vertex 41.7846 -1.63588 34
      vertex 41.3474 -4.95722 34
      vertex 42 -5 34
    endloop
  endfacet
  facet normal 0 0 1
    outer loop
      vertex 40.0866 -4.6194 34
      vertex 41.3686 -1.5244 34
      vertex 41.175 -1.42894 34
    endloop
  endfacet
  facet normal 0 0 1
    outer loop
      vertex 39.5 -4.33013 34
      vertex 41.175 -1.42894 34
      vertex 40.9955 -1.30903 34
    endloop
  endfacet
  facet normal 0 0 1
    outer loop
      vertex 38.9562 -3.96677 34
      vertex 40.9955 -1.30903 34
      vertex 40.8333 -1.16673 34
    endloop
  endfacet
  facet normal 0 0 1
    outer loop
      vertex 41.5729 -1.59378 34
      vertex 40.7059 -4.82963 34
      vertex 41.3474 -4.95722 34
    endloop
  endfacet
  facet normal 0 0 1
    outer loop
      vertex 38.4645 -3.53553 34
      vertex 40.8333 -1.16673 34
      vertex 40.691 -1.00446 34
    endloop
  endfacet
  facet normal 0 0 1
    outer loop
      vertex 38.0332 -3.04381 34
      vertex 40.691 -1.00446 34
      vertex 40.5711 -0.825 34
    endloop
  endfacet
  facet normal 0 0 1
    outer loop
      vertex 37.6699 -2.5 34
      vertex 40.5711 -0.825 34
      vertex 40.4756 -0.631427 34
    endloop
  endfacet
  facet normal 0 0 1
    outer loop
      vertex 37.3806 -1.91342 34
      vertex 40.4756 -0.631427 34
      vertex 40.4062 -0.427051 34
    endloop
  endfacet
  facet normal 0 0 1
    outer loop
      vertex 37.1704 -1.2941 34
      vertex 40.4062 -0.427051 34
      vertex 40.3641 -0.215367 34
    endloop
  endfacet
  facet normal 0 0 1
    outer loop
      vertex 41.3686 -1.5244 34
      vertex 40.0866 -4.6194 34
      vertex 40.7059 -4.82963 34
    endloop
  endfacet
  facet normal 0 0 1
    outer loop
      vertex 37.0428 -0.652631 34
      vertex 40.3641 -0.215367 34
      vertex 40.35 0 34
    endloop
  endfacet
  facet normal -0 0 1
    outer loop
      vertex 37.6699 2.5 34
      vertex 40.5711 0.825 34
      vertex 38.0332 3.04381 34
    endloop
  endfacet
  facet normal 0 0 1
    outer loop
      vertex 40.5711 0.825 34
      vertex 37.6699 2.5 34
      vertex 40.4756 0.631427 34
    endloop
  endfacet
  facet normal 0 0 1
    outer loop
      vertex 41.175 -1.42894 34
      vertex 39.5 -4.33013 34
      vertex 40.0866 -4.6194 34
    endloop
  endfacet
  facet normal -0 0 1
    outer loop
      vertex 37.3806 1.91342 34
      vertex 40.4756 0.631427 34
      vertex 37.6699 2.5 34
    endloop
  endfacet
  facet normal 0 0 1
    outer loop
      vertex 40.9955 -1.30903 34
      vertex 38.9562 -3.96677 34
      vertex 39.5 -4.33013 34
    endloop
  endfacet
  facet normal 0 0 1
    outer loop
      vertex 40.4756 0.631427 34
      vertex 37.3806 1.91342 34
      vertex 40.4062 0.427051 34
    endloop
  endfacet
  facet normal 0 0 1
    outer loop
      vertex 40.8333 -1.16673 34
      vertex 38.4645 -3.53553 34
      vertex 38.9562 -3.96677 34
    endloop
  endfacet
  facet normal -0 0 1
    outer loop
      vertex 37.1704 1.2941 34
      vertex 40.4062 0.427051 34
      vertex 37.3806 1.91342 34
    endloop
  endfacet
  facet normal 0 0 1
    outer loop
      vertex 40.691 -1.00446 34
      vertex 38.0332 -3.04381 34
      vertex 38.4645 -3.53553 34
    endloop
  endfacet
  facet normal 0 0 1
    outer loop
      vertex 40.4062 0.427051 34
      vertex 37.1704 1.2941 34
      vertex 40.3641 0.215367 34
    endloop
  endfacet
  facet normal 0 0 1
    outer loop
      vertex 40.5711 -0.825 34
      vertex 37.6699 -2.5 34
      vertex 38.0332 -3.04381 34
    endloop
  endfacet
  facet normal -0 0 1
    outer loop
      vertex 37.0428 0.652631 34
      vertex 40.3641 0.215367 34
      vertex 37.1704 1.2941 34
    endloop
  endfacet
  facet normal 0 0 1
    outer loop
      vertex 40.4756 -0.631427 34
      vertex 37.3806 -1.91342 34
      vertex 37.6699 -2.5 34
    endloop
  endfacet
  facet normal 0 0 1
    outer loop
      vertex 40.3641 0.215367 34
      vertex 37.0428 0.652631 34
      vertex 40.35 0 34
    endloop
  endfacet
  facet normal 0 0 1
    outer loop
      vertex 40.4062 -0.427051 34
      vertex 37.1704 -1.2941 34
      vertex 37.3806 -1.91342 34
    endloop
  endfacet
  facet normal 0 0 1
    outer loop
      vertex 37 0 34
      vertex 40.35 0 34
      vertex 37.0428 0.652631 34
    endloop
  endfacet
  facet normal 0 0 1
    outer loop
      vertex 40.3641 -0.215367 34
      vertex 37.0428 -0.652631 34
      vertex 37.1704 -1.2941 34
    endloop
  endfacet
  facet normal 0 0 1
    outer loop
      vertex 40.35 0 34
      vertex 37 0 34
      vertex 37.0428 -0.652631 34
    endloop
  endfacet
  facet normal -0.195072 -0.980789 0
    outer loop
      vertex 40.7059 -4.82963 0
      vertex 41.3474 -4.95722 34
      vertex 40.7059 -4.82963 34
    endloop
  endfacet
  facet normal -0.195072 -0.980789 -0
    outer loop
      vertex 41.3474 -4.95722 34
      vertex 40.7059 -4.82963 0
      vertex 41.3474 -4.95722 0
    endloop
  endfacet
  facet normal -0.831514 0.555504 0
    outer loop
      vertex 37.6699 2.5 0
      vertex 38.0332 3.04381 34
      vertex 38.0332 3.04381 0
    endloop
  endfacet
  facet normal -0.831514 0.555504 0
    outer loop
      vertex 38.0332 3.04381 34
      vertex 37.6699 2.5 0
      vertex 37.6699 2.5 34
    endloop
  endfacet
  facet normal -0.0654128 -0.997858 0
    outer loop
      vertex 41.3474 -4.95722 0
      vertex 42 -5 34
      vertex 41.3474 -4.95722 34
    endloop
  endfacet
  facet normal -0.0654128 -0.997858 -0
    outer loop
      vertex 42 -5 34
      vertex 41.3474 -4.95722 0
      vertex 42 -5 0
    endloop
  endfacet
  facet normal -0.0654121 0.997858 0
    outer loop
      vertex 42.2154 -1.63588 0
      vertex 42 -1.65 34
      vertex 42.2154 -1.63588 34
    endloop
  endfacet
  facet normal -0.0654121 0.997858 0
    outer loop
      vertex 42 -1.65 34
      vertex 42.2154 -1.63588 0
      vertex 42 -1.65 0
    endloop
  endfacet
  facet normal -0.980791 -0.195061 0
    outer loop
      vertex 43.6359 0.215367 0
      vertex 43.5938 0.427051 34
      vertex 43.5938 0.427051 0
    endloop
  endfacet
  facet normal -0.980791 -0.195061 0
    outer loop
      vertex 43.5938 0.427051 34
      vertex 43.6359 0.215367 0
      vertex 43.6359 0.215367 34
    endloop
  endfacet
  facet normal -0.997864 -0.0653298 0
    outer loop
      vertex 43.65 0 0
      vertex 43.6359 0.215367 34
      vertex 43.6359 0.215367 0
    endloop
  endfacet
  facet normal -0.997864 -0.0653298 0
    outer loop
      vertex 43.6359 0.215367 34
      vertex 43.65 0 0
      vertex 43.65 0 34
    endloop
  endfacet
  facet normal -0.946897 -0.321538 0
    outer loop
      vertex 43.5938 0.427051 0
      vertex 43.5244 0.631427 34
      vertex 43.5244 0.631427 0
    endloop
  endfacet
  facet normal -0.946897 -0.321538 0
    outer loop
      vertex 43.5244 0.631427 34
      vertex 43.5938 0.427051 0
      vertex 43.5938 0.427051 34
    endloop
  endfacet
  facet normal -0.0654121 -0.997858 0
    outer loop
      vertex 42 1.65 0
      vertex 42.2154 1.63588 34
      vertex 42 1.65 34
    endloop
  endfacet
  facet normal -0.0654121 -0.997858 -0
    outer loop
      vertex 42.2154 1.63588 34
      vertex 42 1.65 0
      vertex 42.2154 1.63588 0
    endloop
  endfacet
  facet normal 0.659488 0.751715 -0
    outer loop
      vertex 40.9955 -1.30903 0
      vertex 40.8333 -1.16673 34
      vertex 40.9955 -1.30903 34
    endloop
  endfacet
  facet normal 0.659488 0.751715 0
    outer loop
      vertex 40.8333 -1.16673 34
      vertex 40.9955 -1.30903 0
      vertex 40.8333 -1.16673 0
    endloop
  endfacet
  facet normal 0.997864 0.0653298 0
    outer loop
      vertex 40.3641 -0.215367 34
      vertex 40.35 0 0
      vertex 40.35 0 34
    endloop
  endfacet
  facet normal 0.997864 0.0653298 0
    outer loop
      vertex 40.35 0 0
      vertex 40.3641 -0.215367 34
      vertex 40.3641 -0.215367 0
    endloop
  endfacet
  facet normal 0.659488 -0.751715 0
    outer loop
      vertex 40.8333 1.16673 0
      vertex 40.9955 1.30903 34
      vertex 40.8333 1.16673 34
    endloop
  endfacet
  facet normal 0.659488 -0.751715 0
    outer loop
      vertex 40.9955 1.30903 34
      vertex 40.8333 1.16673 0
      vertex 40.9955 1.30903 0
    endloop
  endfacet
  facet normal -0.751856 -0.659328 0
    outer loop
      vertex 43.309 1.00446 0
      vertex 43.1667 1.16673 34
      vertex 43.1667 1.16673 0
    endloop
  endfacet
  facet normal -0.751856 -0.659328 0
    outer loop
      vertex 43.1667 1.16673 34
      vertex 43.309 1.00446 0
      vertex 43.309 1.00446 34
    endloop
  endfacet
  facet normal -0.997864 0.0653298 0
    outer loop
      vertex 43.6359 -0.215367 0
      vertex 43.65 0 34
      vertex 43.65 0 0
    endloop
  endfacet
  facet normal -0.997864 0.0653298 0
    outer loop
      vertex 43.65 0 34
      vertex 43.6359 -0.215367 0
      vertex 43.6359 -0.215367 34
    endloop
  endfacet
  facet normal -0.44224 -0.896897 0
    outer loop
      vertex 42.6314 1.5244 0
      vertex 42.825 1.42894 34
      vertex 42.6314 1.5244 34
    endloop
  endfacet
  facet normal -0.44224 -0.896897 -0
    outer loop
      vertex 42.825 1.42894 34
      vertex 42.6314 1.5244 0
      vertex 42.825 1.42894 0
    endloop
  endfacet
  facet normal -0.896799 0.442439 0
    outer loop
      vertex 43.4289 -0.825 0
      vertex 43.5244 -0.631427 34
      vertex 43.5244 -0.631427 0
    endloop
  endfacet
  facet normal -0.896799 0.442439 0
    outer loop
      vertex 43.5244 -0.631427 34
      vertex 43.4289 -0.825 0
      vertex 43.4289 -0.825 34
    endloop
  endfacet
  facet normal 0.321562 0.946889 -0
    outer loop
      vertex 41.5729 -1.59378 0
      vertex 41.3686 -1.5244 34
      vertex 41.5729 -1.59378 34
    endloop
  endfacet
  facet normal 0.321562 0.946889 0
    outer loop
      vertex 41.3686 -1.5244 34
      vertex 41.5729 -1.59378 0
      vertex 41.3686 -1.5244 0
    endloop
  endfacet
  facet normal -0.831494 -0.555534 0
    outer loop
      vertex 43.4289 0.825 0
      vertex 43.309 1.00446 34
      vertex 43.309 1.00446 0
    endloop
  endfacet
  facet normal -0.831494 -0.555534 0
    outer loop
      vertex 43.309 1.00446 34
      vertex 43.4289 0.825 0
      vertex 43.4289 0.825 34
    endloop
  endfacet
  facet normal -0.896799 -0.442439 0
    outer loop
      vertex 43.5244 0.631427 0
      vertex 43.4289 0.825 34
      vertex 43.4289 0.825 0
    endloop
  endfacet
  facet normal -0.896799 -0.442439 0
    outer loop
      vertex 43.4289 0.825 34
      vertex 43.5244 0.631427 0
      vertex 43.5244 0.631427 34
    endloop
  endfacet
  facet normal 0.831494 0.555534 0
    outer loop
      vertex 40.691 -1.00446 34
      vertex 40.5711 -0.825 0
      vertex 40.5711 -0.825 34
    endloop
  endfacet
  facet normal 0.831494 0.555534 0
    outer loop
      vertex 40.5711 -0.825 0
      vertex 40.691 -1.00446 34
      vertex 40.691 -1.00446 0
    endloop
  endfacet
  facet normal -0.44224 0.896897 0
    outer loop
      vertex 42.825 -1.42894 0
      vertex 42.6314 -1.5244 34
      vertex 42.825 -1.42894 34
    endloop
  endfacet
  facet normal -0.44224 0.896897 0
    outer loop
      vertex 42.6314 -1.5244 34
      vertex 42.825 -1.42894 0
      vertex 42.6314 -1.5244 0
    endloop
  endfacet
  facet normal 0.44224 -0.896897 0
    outer loop
      vertex 41.175 1.42894 0
      vertex 41.3686 1.5244 34
      vertex 41.175 1.42894 34
    endloop
  endfacet
  facet normal 0.44224 -0.896897 0
    outer loop
      vertex 41.3686 1.5244 34
      vertex 41.175 1.42894 0
      vertex 41.3686 1.5244 0
    endloop
  endfacet
  facet normal 0.997864 -0.0653298 0
    outer loop
      vertex 40.35 0 34
      vertex 40.3641 0.215367 0
      vertex 40.3641 0.215367 34
    endloop
  endfacet
  facet normal 0.997864 -0.0653298 0
    outer loop
      vertex 40.3641 0.215367 0
      vertex 40.35 0 34
      vertex 40.35 0 0
    endloop
  endfacet
  facet normal -0.195047 -0.980794 0
    outer loop
      vertex 42.2154 1.63588 0
      vertex 42.4271 1.59378 34
      vertex 42.2154 1.63588 34
    endloop
  endfacet
  facet normal -0.195047 -0.980794 -0
    outer loop
      vertex 42.4271 1.59378 34
      vertex 42.2154 1.63588 0
      vertex 42.4271 1.59378 0
    endloop
  endfacet
  facet normal 0.751856 -0.659328 0
    outer loop
      vertex 40.691 1.00446 34
      vertex 40.8333 1.16673 0
      vertex 40.8333 1.16673 34
    endloop
  endfacet
  facet normal 0.751856 -0.659328 0
    outer loop
      vertex 40.8333 1.16673 0
      vertex 40.691 1.00446 34
      vertex 40.691 1.00446 0
    endloop
  endfacet
  facet normal 0.946897 0.321538 0
    outer loop
      vertex 40.4756 -0.631427 34
      vertex 40.4062 -0.427051 0
      vertex 40.4062 -0.427051 34
    endloop
  endfacet
  facet normal 0.946897 0.321538 0
    outer loop
      vertex 40.4062 -0.427051 0
      vertex 40.4756 -0.631427 34
      vertex 40.4756 -0.631427 0
    endloop
  endfacet
  facet normal -0.946897 0.321538 0
    outer loop
      vertex 43.5244 -0.631427 0
      vertex 43.5938 -0.427051 34
      vertex 43.5938 -0.427051 0
    endloop
  endfacet
  facet normal -0.946897 0.321538 0
    outer loop
      vertex 43.5938 -0.427051 34
      vertex 43.5244 -0.631427 0
      vertex 43.5244 -0.631427 34
    endloop
  endfacet
  facet normal 0.980791 -0.195061 0
    outer loop
      vertex 40.3641 0.215367 34
      vertex 40.4062 0.427051 0
      vertex 40.4062 0.427051 34
    endloop
  endfacet
  facet normal 0.980791 -0.195061 0
    outer loop
      vertex 40.4062 0.427051 0
      vertex 40.3641 0.215367 34
      vertex 40.3641 0.215367 0
    endloop
  endfacet
  facet normal 0.44224 0.896897 -0
    outer loop
      vertex 41.3686 -1.5244 0
      vertex 41.175 -1.42894 34
      vertex 41.3686 -1.5244 34
    endloop
  endfacet
  facet normal 0.44224 0.896897 0
    outer loop
      vertex 41.175 -1.42894 34
      vertex 41.3686 -1.5244 0
      vertex 41.175 -1.42894 0
    endloop
  endfacet
  facet normal 0.55548 -0.83153 0
    outer loop
      vertex 40.9955 1.30903 0
      vertex 41.175 1.42894 34
      vertex 40.9955 1.30903 34
    endloop
  endfacet
  facet normal 0.55548 -0.83153 0
    outer loop
      vertex 41.175 1.42894 34
      vertex 40.9955 1.30903 0
      vertex 41.175 1.42894 0
    endloop
  endfacet
  facet normal -0.659488 0.751715 0
    outer loop
      vertex 43.1667 -1.16673 0
      vertex 43.0045 -1.30903 34
      vertex 43.1667 -1.16673 34
    endloop
  endfacet
  facet normal -0.659488 0.751715 0
    outer loop
      vertex 43.0045 -1.30903 34
      vertex 43.1667 -1.16673 0
      vertex 43.0045 -1.30903 0
    endloop
  endfacet
  facet normal 0.321562 -0.946889 0
    outer loop
      vertex 41.3686 1.5244 0
      vertex 41.5729 1.59378 34
      vertex 41.3686 1.5244 34
    endloop
  endfacet
  facet normal 0.321562 -0.946889 0
    outer loop
      vertex 41.5729 1.59378 34
      vertex 41.3686 1.5244 0
      vertex 41.5729 1.59378 0
    endloop
  endfacet
  facet normal -0.831494 0.555534 0
    outer loop
      vertex 43.309 -1.00446 0
      vertex 43.4289 -0.825 34
      vertex 43.4289 -0.825 0
    endloop
  endfacet
  facet normal -0.831494 0.555534 0
    outer loop
      vertex 43.4289 -0.825 34
      vertex 43.309 -1.00446 0
      vertex 43.309 -1.00446 34
    endloop
  endfacet
  facet normal -0.55548 0.83153 0
    outer loop
      vertex 43.0045 -1.30903 0
      vertex 42.825 -1.42894 34
      vertex 43.0045 -1.30903 34
    endloop
  endfacet
  facet normal -0.55548 0.83153 0
    outer loop
      vertex 42.825 -1.42894 34
      vertex 43.0045 -1.30903 0
      vertex 42.825 -1.42894 0
    endloop
  endfacet
  facet normal -0.751856 0.659328 0
    outer loop
      vertex 43.1667 -1.16673 0
      vertex 43.309 -1.00446 34
      vertex 43.309 -1.00446 0
    endloop
  endfacet
  facet normal -0.751856 0.659328 0
    outer loop
      vertex 43.309 -1.00446 34
      vertex 43.1667 -1.16673 0
      vertex 43.1667 -1.16673 34
    endloop
  endfacet
  facet normal -0.980791 0.195061 0
    outer loop
      vertex 43.5938 -0.427051 0
      vertex 43.6359 -0.215367 34
      vertex 43.6359 -0.215367 0
    endloop
  endfacet
  facet normal -0.980791 0.195061 0
    outer loop
      vertex 43.6359 -0.215367 34
      vertex 43.5938 -0.427051 0
      vertex 43.5938 -0.427051 34
    endloop
  endfacet
  facet normal 0.0654121 -0.997858 0
    outer loop
      vertex 41.7846 1.63588 0
      vertex 42 1.65 34
      vertex 41.7846 1.63588 34
    endloop
  endfacet
  facet normal 0.0654121 -0.997858 0
    outer loop
      vertex 42 1.65 34
      vertex 41.7846 1.63588 0
      vertex 42 1.65 0
    endloop
  endfacet
  facet normal 0.896799 0.442439 0
    outer loop
      vertex 40.5711 -0.825 34
      vertex 40.4756 -0.631427 0
      vertex 40.4756 -0.631427 34
    endloop
  endfacet
  facet normal 0.896799 0.442439 0
    outer loop
      vertex 40.4756 -0.631427 0
      vertex 40.5711 -0.825 34
      vertex 40.5711 -0.825 0
    endloop
  endfacet
  facet normal 0.55548 0.83153 -0
    outer loop
      vertex 41.175 -1.42894 0
      vertex 40.9955 -1.30903 34
      vertex 41.175 -1.42894 34
    endloop
  endfacet
  facet normal 0.55548 0.83153 0
    outer loop
      vertex 40.9955 -1.30903 34
      vertex 41.175 -1.42894 0
      vertex 40.9955 -1.30903 0
    endloop
  endfacet
  facet normal 0.896799 -0.442439 0
    outer loop
      vertex 40.4756 0.631427 34
      vertex 40.5711 0.825 0
      vertex 40.5711 0.825 34
    endloop
  endfacet
  facet normal 0.896799 -0.442439 0
    outer loop
      vertex 40.5711 0.825 0
      vertex 40.4756 0.631427 34
      vertex 40.4756 0.631427 0
    endloop
  endfacet
  facet normal -0.55548 -0.83153 0
    outer loop
      vertex 42.825 1.42894 0
      vertex 43.0045 1.30903 34
      vertex 42.825 1.42894 34
    endloop
  endfacet
  facet normal -0.55548 -0.83153 -0
    outer loop
      vertex 43.0045 1.30903 34
      vertex 42.825 1.42894 0
      vertex 43.0045 1.30903 0
    endloop
  endfacet
  facet normal 0.980791 0.195061 0
    outer loop
      vertex 40.4062 -0.427051 34
      vertex 40.3641 -0.215367 0
      vertex 40.3641 -0.215367 34
    endloop
  endfacet
  facet normal 0.980791 0.195061 0
    outer loop
      vertex 40.3641 -0.215367 0
      vertex 40.4062 -0.427051 34
      vertex 40.4062 -0.427051 0
    endloop
  endfacet
  facet normal -0.321562 0.946889 0
    outer loop
      vertex 42.6314 -1.5244 0
      vertex 42.4271 -1.59378 34
      vertex 42.6314 -1.5244 34
    endloop
  endfacet
  facet normal -0.321562 0.946889 0
    outer loop
      vertex 42.4271 -1.59378 34
      vertex 42.6314 -1.5244 0
      vertex 42.4271 -1.59378 0
    endloop
  endfacet
  facet normal -0.659488 -0.751715 0
    outer loop
      vertex 43.0045 1.30903 0
      vertex 43.1667 1.16673 34
      vertex 43.0045 1.30903 34
    endloop
  endfacet
  facet normal -0.659488 -0.751715 -0
    outer loop
      vertex 43.1667 1.16673 34
      vertex 43.0045 1.30903 0
      vertex 43.1667 1.16673 0
    endloop
  endfacet
  facet normal -0.195047 0.980794 0
    outer loop
      vertex 42.4271 -1.59378 0
      vertex 42.2154 -1.63588 34
      vertex 42.4271 -1.59378 34
    endloop
  endfacet
  facet normal -0.195047 0.980794 0
    outer loop
      vertex 42.2154 -1.63588 34
      vertex 42.4271 -1.59378 0
      vertex 42.2154 -1.63588 0
    endloop
  endfacet
  facet normal 0.946897 -0.321538 0
    outer loop
      vertex 40.4062 0.427051 34
      vertex 40.4756 0.631427 0
      vertex 40.4756 0.631427 34
    endloop
  endfacet
  facet normal 0.946897 -0.321538 0
    outer loop
      vertex 40.4756 0.631427 0
      vertex 40.4062 0.427051 34
      vertex 40.4062 0.427051 0
    endloop
  endfacet
  facet normal 0.195047 -0.980794 0
    outer loop
      vertex 41.5729 1.59378 0
      vertex 41.7846 1.63588 34
      vertex 41.5729 1.59378 34
    endloop
  endfacet
  facet normal 0.195047 -0.980794 0
    outer loop
      vertex 41.7846 1.63588 34
      vertex 41.5729 1.59378 0
      vertex 41.7846 1.63588 0
    endloop
  endfacet
  facet normal 0.0654121 0.997858 -0
    outer loop
      vertex 42 -1.65 0
      vertex 41.7846 -1.63588 34
      vertex 42 -1.65 34
    endloop
  endfacet
  facet normal 0.0654121 0.997858 0
    outer loop
      vertex 41.7846 -1.63588 34
      vertex 42 -1.65 0
      vertex 41.7846 -1.63588 0
    endloop
  endfacet
  facet normal 0.751856 0.659328 0
    outer loop
      vertex 40.8333 -1.16673 34
      vertex 40.691 -1.00446 0
      vertex 40.691 -1.00446 34
    endloop
  endfacet
  facet normal 0.751856 0.659328 0
    outer loop
      vertex 40.691 -1.00446 0
      vertex 40.8333 -1.16673 34
      vertex 40.8333 -1.16673 0
    endloop
  endfacet
  facet normal 0.195047 0.980794 -0
    outer loop
      vertex 41.7846 -1.63588 0
      vertex 41.5729 -1.59378 34
      vertex 41.7846 -1.63588 34
    endloop
  endfacet
  facet normal 0.195047 0.980794 0
    outer loop
      vertex 41.5729 -1.59378 34
      vertex 41.7846 -1.63588 0
      vertex 41.5729 -1.59378 0
    endloop
  endfacet
  facet normal -0.321562 -0.946889 0
    outer loop
      vertex 42.4271 1.59378 0
      vertex 42.6314 1.5244 34
      vertex 42.4271 1.59378 34
    endloop
  endfacet
  facet normal -0.321562 -0.946889 -0
    outer loop
      vertex 42.6314 1.5244 34
      vertex 42.4271 1.59378 0
      vertex 42.6314 1.5244 0
    endloop
  endfacet
  facet normal 0.831494 -0.555534 0
    outer loop
      vertex 40.5711 0.825 34
      vertex 40.691 1.00446 0
      vertex 40.691 1.00446 34
    endloop
  endfacet
  facet normal 0.831494 -0.555534 0
    outer loop
      vertex 40.691 1.00446 0
      vertex 40.5711 0.825 34
      vertex 40.5711 0.825 0
    endloop
  endfacet
  facet normal 0.980784 0.195096 0
    outer loop
      vertex 60.9572 0.652631 34
      vertex 60.8296 1.2941 0
      vertex 60.8296 1.2941 34
    endloop
  endfacet
  facet normal 0.980784 0.195096 0
    outer loop
      vertex 60.8296 1.2941 0
      vertex 60.9572 0.652631 34
      vertex 60.9572 0.652631 0
    endloop
  endfacet
  facet normal 0.997856 0.0654401 0
    outer loop
      vertex 61 0 34
      vertex 60.9572 0.652631 0
      vertex 60.9572 0.652631 34
    endloop
  endfacet
  facet normal 0.997856 0.0654401 0
    outer loop
      vertex 60.9572 0.652631 0
      vertex 61 0 34
      vertex 61 0 0
    endloop
  endfacet
  facet normal 0.321448 -0.946927 0
    outer loop
      vertex 57.2941 -4.82963 0
      vertex 57.9134 -4.6194 34
      vertex 57.2941 -4.82963 34
    endloop
  endfacet
  facet normal 0.321448 -0.946927 0
    outer loop
      vertex 57.9134 -4.6194 34
      vertex 57.2941 -4.82963 0
      vertex 57.9134 -4.6194 0
    endloop
  endfacet
  facet normal 0.831514 0.555504 0
    outer loop
      vertex 60.3301 2.5 34
      vertex 59.9668 3.04381 0
      vertex 59.9668 3.04381 34
    endloop
  endfacet
  facet normal 0.831514 0.555504 0
    outer loop
      vertex 59.9668 3.04381 0
      vertex 60.3301 2.5 34
      vertex 60.3301 2.5 0
    endloop
  endfacet
  facet normal -0.896854 0.442327 0
    outer loop
      vertex 51.3806 1.91342 0
      vertex 51.6699 2.5 34
      vertex 51.6699 2.5 0
    endloop
  endfacet
  facet normal -0.896854 0.442327 0
    outer loop
      vertex 51.6699 2.5 34
      vertex 51.3806 1.91342 0
      vertex 51.3806 1.91342 34
    endloop
  endfacet
  facet normal -0.555575 0.831466 0
    outer loop
      vertex 53.5 4.33013 0
      vertex 52.9562 3.96677 34
      vertex 53.5 4.33013 34
    endloop
  endfacet
  facet normal -0.555575 0.831466 0
    outer loop
      vertex 52.9562 3.96677 34
      vertex 53.5 4.33013 0
      vertex 52.9562 3.96677 0
    endloop
  endfacet
  facet normal -0.659372 0.751817 0
    outer loop
      vertex 52.9562 3.96677 0
      vertex 52.4645 3.53553 34
      vertex 52.9562 3.96677 34
    endloop
  endfacet
  facet normal -0.659372 0.751817 0
    outer loop
      vertex 52.4645 3.53553 34
      vertex 52.9562 3.96677 0
      vertex 52.4645 3.53553 0
    endloop
  endfacet
  facet normal -0.751784 0.659409 0
    outer loop
      vertex 52.0332 3.04381 0
      vertex 52.4645 3.53553 34
      vertex 52.4645 3.53553 0
    endloop
  endfacet
  facet normal -0.751784 0.659409 0
    outer loop
      vertex 52.4645 3.53553 34
      vertex 52.0332 3.04381 0
      vertex 52.0332 3.04381 34
    endloop
  endfacet
  facet normal 0.946944 -0.321397 0
    outer loop
      vertex 60.6194 -1.91342 34
      vertex 60.8296 -1.2941 0
      vertex 60.8296 -1.2941 34
    endloop
  endfacet
  facet normal 0.946944 -0.321397 0
    outer loop
      vertex 60.8296 -1.2941 0
      vertex 60.6194 -1.91342 34
      vertex 60.6194 -1.91342 0
    endloop
  endfacet
  facet normal -0.997856 0.0654401 0
    outer loop
      vertex 51 0 0
      vertex 51.0428 0.652631 34
      vertex 51.0428 0.652631 0
    endloop
  endfacet
  facet normal -0.997856 0.0654401 0
    outer loop
      vertex 51.0428 0.652631 34
      vertex 51 0 0
      vertex 51 0 34
    endloop
  endfacet
  facet normal 0.555575 0.831466 -0
    outer loop
      vertex 59.0438 3.96677 0
      vertex 58.5 4.33013 34
      vertex 59.0438 3.96677 34
    endloop
  endfacet
  facet normal 0.555575 0.831466 0
    outer loop
      vertex 58.5 4.33013 34
      vertex 59.0438 3.96677 0
      vertex 58.5 4.33013 0
    endloop
  endfacet
  facet normal -0.321448 -0.946927 0
    outer loop
      vertex 54.0866 -4.6194 0
      vertex 54.7059 -4.82963 34
      vertex 54.0866 -4.6194 34
    endloop
  endfacet
  facet normal -0.321448 -0.946927 -0
    outer loop
      vertex 54.7059 -4.82963 34
      vertex 54.0866 -4.6194 0
      vertex 54.7059 -4.82963 0
    endloop
  endfacet
  facet normal 0.195072 -0.980789 0
    outer loop
      vertex 56.6526 -4.95722 0
      vertex 57.2941 -4.82963 34
      vertex 56.6526 -4.95722 34
    endloop
  endfacet
  facet normal 0.195072 -0.980789 0
    outer loop
      vertex 57.2941 -4.82963 34
      vertex 56.6526 -4.95722 0
      vertex 57.2941 -4.82963 0
    endloop
  endfacet
  facet normal -0.321448 0.946927 0
    outer loop
      vertex 54.7059 4.82963 0
      vertex 54.0866 4.6194 34
      vertex 54.7059 4.82963 34
    endloop
  endfacet
  facet normal -0.321448 0.946927 0
    outer loop
      vertex 54.0866 4.6194 34
      vertex 54.7059 4.82963 0
      vertex 54.0866 4.6194 0
    endloop
  endfacet
  facet normal -0.831514 -0.555504 0
    outer loop
      vertex 52.0332 -3.04381 0
      vertex 51.6699 -2.5 34
      vertex 51.6699 -2.5 0
    endloop
  endfacet
  facet normal -0.831514 -0.555504 0
    outer loop
      vertex 51.6699 -2.5 34
      vertex 52.0332 -3.04381 0
      vertex 52.0332 -3.04381 34
    endloop
  endfacet
  facet normal 0.555575 -0.831466 0
    outer loop
      vertex 58.5 -4.33013 0
      vertex 59.0438 -3.96677 34
      vertex 58.5 -4.33013 34
    endloop
  endfacet
  facet normal 0.555575 -0.831466 0
    outer loop
      vertex 59.0438 -3.96677 34
      vertex 58.5 -4.33013 0
      vertex 59.0438 -3.96677 0
    endloop
  endfacet
  facet normal -0.946944 0.321397 0
    outer loop
      vertex 51.1704 1.2941 0
      vertex 51.3806 1.91342 34
      vertex 51.3806 1.91342 0
    endloop
  endfacet
  facet normal -0.946944 0.321397 0
    outer loop
      vertex 51.3806 1.91342 34
      vertex 51.1704 1.2941 0
      vertex 51.1704 1.2941 34
    endloop
  endfacet
  facet normal 0.321448 0.946927 -0
    outer loop
      vertex 57.9134 4.6194 0
      vertex 57.2941 4.82963 34
      vertex 57.9134 4.6194 34
    endloop
  endfacet
  facet normal 0.321448 0.946927 0
    outer loop
      vertex 57.2941 4.82963 34
      vertex 57.9134 4.6194 0
      vertex 57.2941 4.82963 0
    endloop
  endfacet
  facet normal 0.0654128 0.997858 -0
    outer loop
      vertex 56.6526 4.95722 0
      vertex 56 5 34
      vertex 56.6526 4.95722 34
    endloop
  endfacet
  facet normal 0.0654128 0.997858 0
    outer loop
      vertex 56 5 34
      vertex 56.6526 4.95722 0
      vertex 56 5 0
    endloop
  endfacet
  facet normal -0.442277 0.896878 0
    outer loop
      vertex 54.0866 4.6194 0
      vertex 53.5 4.33013 34
      vertex 54.0866 4.6194 34
    endloop
  endfacet
  facet normal -0.442277 0.896878 0
    outer loop
      vertex 53.5 4.33013 34
      vertex 54.0866 4.6194 0
      vertex 53.5 4.33013 0
    endloop
  endfacet
  facet normal 0.831514 -0.555504 0
    outer loop
      vertex 59.9668 -3.04381 34
      vertex 60.3301 -2.5 0
      vertex 60.3301 -2.5 34
    endloop
  endfacet
  facet normal 0.831514 -0.555504 0
    outer loop
      vertex 60.3301 -2.5 0
      vertex 59.9668 -3.04381 34
      vertex 59.9668 -3.04381 0
    endloop
  endfacet
  facet normal -0.997856 -0.0654401 0
    outer loop
      vertex 51.0428 -0.652631 0
      vertex 51 0 34
      vertex 51 0 0
    endloop
  endfacet
  facet normal -0.997856 -0.0654401 0
    outer loop
      vertex 51 0 34
      vertex 51.0428 -0.652631 0
      vertex 51.0428 -0.652631 34
    endloop
  endfacet
  facet normal -0.946944 -0.321397 0
    outer loop
      vertex 51.3806 -1.91342 0
      vertex 51.1704 -1.2941 34
      vertex 51.1704 -1.2941 0
    endloop
  endfacet
  facet normal -0.946944 -0.321397 0
    outer loop
      vertex 51.1704 -1.2941 34
      vertex 51.3806 -1.91342 0
      vertex 51.3806 -1.91342 34
    endloop
  endfacet
  facet normal -0.659372 -0.751817 0
    outer loop
      vertex 52.4645 -3.53553 0
      vertex 52.9562 -3.96677 34
      vertex 52.4645 -3.53553 34
    endloop
  endfacet
  facet normal -0.659372 -0.751817 -0
    outer loop
      vertex 52.9562 -3.96677 34
      vertex 52.4645 -3.53553 0
      vertex 52.9562 -3.96677 0
    endloop
  endfacet
  facet normal 0.442277 0.896878 -0
    outer loop
      vertex 58.5 4.33013 0
      vertex 57.9134 4.6194 34
      vertex 58.5 4.33013 34
    endloop
  endfacet
  facet normal 0.442277 0.896878 0
    outer loop
      vertex 57.9134 4.6194 34
      vertex 58.5 4.33013 0
      vertex 57.9134 4.6194 0
    endloop
  endfacet
  facet normal -0.195072 0.980789 0
    outer loop
      vertex 55.3474 4.95722 0
      vertex 54.7059 4.82963 34
      vertex 55.3474 4.95722 34
    endloop
  endfacet
  facet normal -0.195072 0.980789 0
    outer loop
      vertex 54.7059 4.82963 34
      vertex 55.3474 4.95722 0
      vertex 54.7059 4.82963 0
    endloop
  endfacet
  facet normal 0.751784 0.659409 0
    outer loop
      vertex 59.9668 3.04381 34
      vertex 59.5355 3.53553 0
      vertex 59.5355 3.53553 34
    endloop
  endfacet
  facet normal 0.751784 0.659409 0
    outer loop
      vertex 59.5355 3.53553 0
      vertex 59.9668 3.04381 34
      vertex 59.9668 3.04381 0
    endloop
  endfacet
  facet normal 0.195072 0.980789 -0
    outer loop
      vertex 57.2941 4.82963 0
      vertex 56.6526 4.95722 34
      vertex 57.2941 4.82963 34
    endloop
  endfacet
  facet normal 0.195072 0.980789 0
    outer loop
      vertex 56.6526 4.95722 34
      vertex 57.2941 4.82963 0
      vertex 56.6526 4.95722 0
    endloop
  endfacet
  facet normal 0.751784 -0.659409 0
    outer loop
      vertex 59.5355 -3.53553 34
      vertex 59.9668 -3.04381 0
      vertex 59.9668 -3.04381 34
    endloop
  endfacet
  facet normal 0.751784 -0.659409 0
    outer loop
      vertex 59.9668 -3.04381 0
      vertex 59.5355 -3.53553 34
      vertex 59.5355 -3.53553 0
    endloop
  endfacet
  facet normal -0.442277 -0.896878 0
    outer loop
      vertex 53.5 -4.33013 0
      vertex 54.0866 -4.6194 34
      vertex 53.5 -4.33013 34
    endloop
  endfacet
  facet normal -0.442277 -0.896878 -0
    outer loop
      vertex 54.0866 -4.6194 34
      vertex 53.5 -4.33013 0
      vertex 54.0866 -4.6194 0
    endloop
  endfacet
  facet normal -0.0654128 0.997858 0
    outer loop
      vertex 56 5 0
      vertex 55.3474 4.95722 34
      vertex 56 5 34
    endloop
  endfacet
  facet normal -0.0654128 0.997858 0
    outer loop
      vertex 55.3474 4.95722 34
      vertex 56 5 0
      vertex 55.3474 4.95722 0
    endloop
  endfacet
  facet normal -0.980784 0.195096 0
    outer loop
      vertex 51.0428 0.652631 0
      vertex 51.1704 1.2941 34
      vertex 51.1704 1.2941 0
    endloop
  endfacet
  facet normal -0.980784 0.195096 0
    outer loop
      vertex 51.1704 1.2941 34
      vertex 51.0428 0.652631 0
      vertex 51.0428 0.652631 34
    endloop
  endfacet
  facet normal 0.0654128 -0.997858 0
    outer loop
      vertex 56 -5 0
      vertex 56.6526 -4.95722 34
      vertex 56 -5 34
    endloop
  endfacet
  facet normal 0.0654128 -0.997858 0
    outer loop
      vertex 56.6526 -4.95722 34
      vertex 56 -5 0
      vertex 56.6526 -4.95722 0
    endloop
  endfacet
  facet normal 0.442277 -0.896878 0
    outer loop
      vertex 57.9134 -4.6194 0
      vertex 58.5 -4.33013 34
      vertex 57.9134 -4.6194 34
    endloop
  endfacet
  facet normal 0.442277 -0.896878 0
    outer loop
      vertex 58.5 -4.33013 34
      vertex 57.9134 -4.6194 0
      vertex 58.5 -4.33013 0
    endloop
  endfacet
  facet normal 0.659372 -0.751817 0
    outer loop
      vertex 59.0438 -3.96677 0
      vertex 59.5355 -3.53553 34
      vertex 59.0438 -3.96677 34
    endloop
  endfacet
  facet normal 0.659372 -0.751817 0
    outer loop
      vertex 59.5355 -3.53553 34
      vertex 59.0438 -3.96677 0
      vertex 59.5355 -3.53553 0
    endloop
  endfacet
  facet normal -0.896854 -0.442327 0
    outer loop
      vertex 51.6699 -2.5 0
      vertex 51.3806 -1.91342 34
      vertex 51.3806 -1.91342 0
    endloop
  endfacet
  facet normal -0.896854 -0.442327 0
    outer loop
      vertex 51.3806 -1.91342 34
      vertex 51.6699 -2.5 0
      vertex 51.6699 -2.5 34
    endloop
  endfacet
  facet normal 0.896854 -0.442327 0
    outer loop
      vertex 60.3301 -2.5 34
      vertex 60.6194 -1.91342 0
      vertex 60.6194 -1.91342 34
    endloop
  endfacet
  facet normal 0.896854 -0.442327 0
    outer loop
      vertex 60.6194 -1.91342 0
      vertex 60.3301 -2.5 34
      vertex 60.3301 -2.5 0
    endloop
  endfacet
  facet normal 0.659372 0.751817 -0
    outer loop
      vertex 59.5355 3.53553 0
      vertex 59.0438 3.96677 34
      vertex 59.5355 3.53553 34
    endloop
  endfacet
  facet normal 0.659372 0.751817 0
    outer loop
      vertex 59.0438 3.96677 34
      vertex 59.5355 3.53553 0
      vertex 59.0438 3.96677 0
    endloop
  endfacet
  facet normal 0.997856 -0.0654401 0
    outer loop
      vertex 60.9572 -0.652631 34
      vertex 61 0 0
      vertex 61 0 34
    endloop
  endfacet
  facet normal 0.997856 -0.0654401 0
    outer loop
      vertex 61 0 0
      vertex 60.9572 -0.652631 34
      vertex 60.9572 -0.652631 0
    endloop
  endfacet
  facet normal -0.555575 -0.831466 0
    outer loop
      vertex 52.9562 -3.96677 0
      vertex 53.5 -4.33013 34
      vertex 52.9562 -3.96677 34
    endloop
  endfacet
  facet normal -0.555575 -0.831466 -0
    outer loop
      vertex 53.5 -4.33013 34
      vertex 52.9562 -3.96677 0
      vertex 53.5 -4.33013 0
    endloop
  endfacet
  facet normal 0.896854 0.442327 0
    outer loop
      vertex 60.6194 1.91342 34
      vertex 60.3301 2.5 0
      vertex 60.3301 2.5 34
    endloop
  endfacet
  facet normal 0.896854 0.442327 0
    outer loop
      vertex 60.3301 2.5 0
      vertex 60.6194 1.91342 34
      vertex 60.6194 1.91342 0
    endloop
  endfacet
  facet normal 0.980784 -0.195096 0
    outer loop
      vertex 60.8296 -1.2941 34
      vertex 60.9572 -0.652631 0
      vertex 60.9572 -0.652631 34
    endloop
  endfacet
  facet normal 0.980784 -0.195096 0
    outer loop
      vertex 60.9572 -0.652631 0
      vertex 60.8296 -1.2941 34
      vertex 60.8296 -1.2941 0
    endloop
  endfacet
  facet normal 0.946944 0.321397 0
    outer loop
      vertex 60.8296 1.2941 34
      vertex 60.6194 1.91342 0
      vertex 60.6194 1.91342 34
    endloop
  endfacet
  facet normal 0.946944 0.321397 0
    outer loop
      vertex 60.6194 1.91342 0
      vertex 60.8296 1.2941 34
      vertex 60.8296 1.2941 0
    endloop
  endfacet
  facet normal 0 0 -1
    outer loop
      vertex 57.65 0 0
      vertex 61 0 0
      vertex 60.9572 -0.652631 0
    endloop
  endfacet
  facet normal 0 0 -1
    outer loop
      vertex 57.6359 -0.215367 0
      vertex 60.9572 -0.652631 0
      vertex 60.8296 -1.2941 0
    endloop
  endfacet
  facet normal 0 0 -1
    outer loop
      vertex 61 0 0
      vertex 57.65 0 0
      vertex 60.9572 0.652631 0
    endloop
  endfacet
  facet normal 0 0 -1
    outer loop
      vertex 57.5938 -0.427051 0
      vertex 60.8296 -1.2941 0
      vertex 60.6194 -1.91342 0
    endloop
  endfacet
  facet normal 0 0 -1
    outer loop
      vertex 57.6359 0.215367 0
      vertex 60.9572 0.652631 0
      vertex 57.65 0 0
    endloop
  endfacet
  facet normal 0 0 -1
    outer loop
      vertex 57.5244 -0.631427 0
      vertex 60.6194 -1.91342 0
      vertex 60.3301 -2.5 0
    endloop
  endfacet
  facet normal -0 0 -1
    outer loop
      vertex 60.9572 0.652631 0
      vertex 57.6359 0.215367 0
      vertex 60.8296 1.2941 0
    endloop
  endfacet
  facet normal 0 0 -1
    outer loop
      vertex 57.4289 -0.825 0
      vertex 60.3301 -2.5 0
      vertex 59.9668 -3.04381 0
    endloop
  endfacet
  facet normal 0 0 -1
    outer loop
      vertex 57.5938 0.427051 0
      vertex 60.8296 1.2941 0
      vertex 57.6359 0.215367 0
    endloop
  endfacet
  facet normal 0 0 -1
    outer loop
      vertex 57.309 -1.00446 0
      vertex 59.9668 -3.04381 0
      vertex 59.5355 -3.53553 0
    endloop
  endfacet
  facet normal -0 0 -1
    outer loop
      vertex 60.8296 1.2941 0
      vertex 57.5938 0.427051 0
      vertex 60.6194 1.91342 0
    endloop
  endfacet
  facet normal 0 0 -1
    outer loop
      vertex 57.1667 -1.16673 0
      vertex 59.5355 -3.53553 0
      vertex 59.0438 -3.96677 0
    endloop
  endfacet
  facet normal 0 0 -1
    outer loop
      vertex 57.5244 0.631427 0
      vertex 60.6194 1.91342 0
      vertex 57.5938 0.427051 0
    endloop
  endfacet
  facet normal 0 0 -1
    outer loop
      vertex 57.0045 -1.30903 0
      vertex 59.0438 -3.96677 0
      vertex 58.5 -4.33013 0
    endloop
  endfacet
  facet normal -0 0 -1
    outer loop
      vertex 60.6194 1.91342 0
      vertex 57.5244 0.631427 0
      vertex 60.3301 2.5 0
    endloop
  endfacet
  facet normal 0 0 -1
    outer loop
      vertex 56.825 -1.42894 0
      vertex 58.5 -4.33013 0
      vertex 57.9134 -4.6194 0
    endloop
  endfacet
  facet normal 0 0 -1
    outer loop
      vertex 57.4289 0.825 0
      vertex 60.3301 2.5 0
      vertex 57.5244 0.631427 0
    endloop
  endfacet
  facet normal -0 0 -1
    outer loop
      vertex 60.3301 2.5 0
      vertex 57.4289 0.825 0
      vertex 59.9668 3.04381 0
    endloop
  endfacet
  facet normal 0 0 -1
    outer loop
      vertex 60.9572 -0.652631 0
      vertex 57.6359 -0.215367 0
      vertex 57.65 0 0
    endloop
  endfacet
  facet normal 0 0 -1
    outer loop
      vertex 60.8296 -1.2941 0
      vertex 57.5938 -0.427051 0
      vertex 57.6359 -0.215367 0
    endloop
  endfacet
  facet normal 0 0 -1
    outer loop
      vertex 60.6194 -1.91342 0
      vertex 57.5244 -0.631427 0
      vertex 57.5938 -0.427051 0
    endloop
  endfacet
  facet normal 0 0 -1
    outer loop
      vertex 60.3301 -2.5 0
      vertex 57.4289 -0.825 0
      vertex 57.5244 -0.631427 0
    endloop
  endfacet
  facet normal 0 0 -1
    outer loop
      vertex 59.9668 -3.04381 0
      vertex 57.309 -1.00446 0
      vertex 57.4289 -0.825 0
    endloop
  endfacet
  facet normal 0 0 -1
    outer loop
      vertex 56.6314 -1.5244 0
      vertex 57.9134 -4.6194 0
      vertex 57.2941 -4.82963 0
    endloop
  endfacet
  facet normal 0 0 -1
    outer loop
      vertex 59.5355 -3.53553 0
      vertex 57.1667 -1.16673 0
      vertex 57.309 -1.00446 0
    endloop
  endfacet
  facet normal 0 0 -1
    outer loop
      vertex 59.0438 -3.96677 0
      vertex 57.0045 -1.30903 0
      vertex 57.1667 -1.16673 0
    endloop
  endfacet
  facet normal 0 0 -1
    outer loop
      vertex 58.5 -4.33013 0
      vertex 56.825 -1.42894 0
      vertex 57.0045 -1.30903 0
    endloop
  endfacet
  facet normal 0 0 -1
    outer loop
      vertex 56.4271 -1.59378 0
      vertex 57.2941 -4.82963 0
      vertex 56.6526 -4.95722 0
    endloop
  endfacet
  facet normal 0 0 -1
    outer loop
      vertex 57.9134 -4.6194 0
      vertex 56.6314 -1.5244 0
      vertex 56.825 -1.42894 0
    endloop
  endfacet
  facet normal 0 0 -1
    outer loop
      vertex 57.2941 -4.82963 0
      vertex 56.4271 -1.59378 0
      vertex 56.6314 -1.5244 0
    endloop
  endfacet
  facet normal 0 0 -1
    outer loop
      vertex 56.6526 -4.95722 0
      vertex 56.2154 -1.63588 0
      vertex 56.4271 -1.59378 0
    endloop
  endfacet
  facet normal 0 0 -1
    outer loop
      vertex 56 -5 0
      vertex 56.2154 -1.63588 0
      vertex 56.6526 -4.95722 0
    endloop
  endfacet
  facet normal 0 0 -1
    outer loop
      vertex 56 -5 0
      vertex 56 -1.65 0
      vertex 56.2154 -1.63588 0
    endloop
  endfacet
  facet normal 0 0 -1
    outer loop
      vertex 56 -5 0
      vertex 55.7846 -1.63588 0
      vertex 56 -1.65 0
    endloop
  endfacet
  facet normal 0 0 -1
    outer loop
      vertex 55.3474 -4.95722 0
      vertex 55.7846 -1.63588 0
      vertex 56 -5 0
    endloop
  endfacet
  facet normal -0 0 -1
    outer loop
      vertex 55.7846 -1.63588 0
      vertex 55.3474 -4.95722 0
      vertex 55.5729 -1.59378 0
    endloop
  endfacet
  facet normal 0 0 -1
    outer loop
      vertex 54.7059 -4.82963 0
      vertex 55.5729 -1.59378 0
      vertex 55.3474 -4.95722 0
    endloop
  endfacet
  facet normal -0 0 -1
    outer loop
      vertex 55.5729 -1.59378 0
      vertex 54.7059 -4.82963 0
      vertex 55.3686 -1.5244 0
    endloop
  endfacet
  facet normal 0 0 -1
    outer loop
      vertex 54.0866 -4.6194 0
      vertex 55.3686 -1.5244 0
      vertex 54.7059 -4.82963 0
    endloop
  endfacet
  facet normal -0 0 -1
    outer loop
      vertex 55.3686 -1.5244 0
      vertex 54.0866 -4.6194 0
      vertex 55.175 -1.42894 0
    endloop
  endfacet
  facet normal 0 0 -1
    outer loop
      vertex 53.5 -4.33013 0
      vertex 55.175 -1.42894 0
      vertex 54.0866 -4.6194 0
    endloop
  endfacet
  facet normal -0 0 -1
    outer loop
      vertex 55.175 -1.42894 0
      vertex 53.5 -4.33013 0
      vertex 54.9955 -1.30903 0
    endloop
  endfacet
  facet normal 0 0 -1
    outer loop
      vertex 52.9562 -3.96677 0
      vertex 54.9955 -1.30903 0
      vertex 53.5 -4.33013 0
    endloop
  endfacet
  facet normal -0 0 -1
    outer loop
      vertex 54.9955 -1.30903 0
      vertex 52.9562 -3.96677 0
      vertex 54.8333 -1.16673 0
    endloop
  endfacet
  facet normal 0 0 -1
    outer loop
      vertex 52.4645 -3.53553 0
      vertex 54.8333 -1.16673 0
      vertex 52.9562 -3.96677 0
    endloop
  endfacet
  facet normal -0 0 -1
    outer loop
      vertex 54.8333 -1.16673 0
      vertex 52.4645 -3.53553 0
      vertex 54.691 -1.00446 0
    endloop
  endfacet
  facet normal -0 0 -1
    outer loop
      vertex 54.691 -1.00446 0
      vertex 52.0332 -3.04381 0
      vertex 54.5711 -0.825 0
    endloop
  endfacet
  facet normal 0 0 -1
    outer loop
      vertex 52.0332 -3.04381 0
      vertex 54.691 -1.00446 0
      vertex 52.4645 -3.53553 0
    endloop
  endfacet
  facet normal 0 0 -1
    outer loop
      vertex 57.309 1.00446 0
      vertex 59.9668 3.04381 0
      vertex 57.4289 0.825 0
    endloop
  endfacet
  facet normal -0 0 -1
    outer loop
      vertex 59.9668 3.04381 0
      vertex 57.309 1.00446 0
      vertex 59.5355 3.53553 0
    endloop
  endfacet
  facet normal 0 0 -1
    outer loop
      vertex 57.1667 1.16673 0
      vertex 59.5355 3.53553 0
      vertex 57.309 1.00446 0
    endloop
  endfacet
  facet normal -0 0 -1
    outer loop
      vertex 59.5355 3.53553 0
      vertex 57.1667 1.16673 0
      vertex 59.0438 3.96677 0
    endloop
  endfacet
  facet normal 0 0 -1
    outer loop
      vertex 57.0045 1.30903 0
      vertex 59.0438 3.96677 0
      vertex 57.1667 1.16673 0
    endloop
  endfacet
  facet normal -0 0 -1
    outer loop
      vertex 59.0438 3.96677 0
      vertex 57.0045 1.30903 0
      vertex 58.5 4.33013 0
    endloop
  endfacet
  facet normal 0 0 -1
    outer loop
      vertex 56.825 1.42894 0
      vertex 58.5 4.33013 0
      vertex 57.0045 1.30903 0
    endloop
  endfacet
  facet normal -0 0 -1
    outer loop
      vertex 58.5 4.33013 0
      vertex 56.825 1.42894 0
      vertex 57.9134 4.6194 0
    endloop
  endfacet
  facet normal 0 0 -1
    outer loop
      vertex 56.6314 1.5244 0
      vertex 57.9134 4.6194 0
      vertex 56.825 1.42894 0
    endloop
  endfacet
  facet normal -0 0 -1
    outer loop
      vertex 57.9134 4.6194 0
      vertex 56.6314 1.5244 0
      vertex 57.2941 4.82963 0
    endloop
  endfacet
  facet normal 0 0 -1
    outer loop
      vertex 56.4271 1.59378 0
      vertex 57.2941 4.82963 0
      vertex 56.6314 1.5244 0
    endloop
  endfacet
  facet normal -0 0 -1
    outer loop
      vertex 57.2941 4.82963 0
      vertex 56.4271 1.59378 0
      vertex 56.6526 4.95722 0
    endloop
  endfacet
  facet normal 0 0 -1
    outer loop
      vertex 56.2154 1.63588 0
      vertex 56.6526 4.95722 0
      vertex 56.4271 1.59378 0
    endloop
  endfacet
  facet normal 0 0 -1
    outer loop
      vertex 56 1.65 0
      vertex 56.6526 4.95722 0
      vertex 56.2154 1.63588 0
    endloop
  endfacet
  facet normal 0 0 -1
    outer loop
      vertex 56 1.65 0
      vertex 56 5 0
      vertex 56.6526 4.95722 0
    endloop
  endfacet
  facet normal 0 0 -1
    outer loop
      vertex 55.7846 1.63588 0
      vertex 56 5 0
      vertex 56 1.65 0
    endloop
  endfacet
  facet normal 0 0 -1
    outer loop
      vertex 55.3474 4.95722 0
      vertex 55.7846 1.63588 0
      vertex 55.5729 1.59378 0
    endloop
  endfacet
  facet normal 0 0 -1
    outer loop
      vertex 54.7059 4.82963 0
      vertex 55.5729 1.59378 0
      vertex 55.3686 1.5244 0
    endloop
  endfacet
  facet normal 0 0 -1
    outer loop
      vertex 55.7846 1.63588 0
      vertex 55.3474 4.95722 0
      vertex 56 5 0
    endloop
  endfacet
  facet normal 0 0 -1
    outer loop
      vertex 54.0866 4.6194 0
      vertex 55.3686 1.5244 0
      vertex 55.175 1.42894 0
    endloop
  endfacet
  facet normal 0 0 -1
    outer loop
      vertex 53.5 4.33013 0
      vertex 55.175 1.42894 0
      vertex 54.9955 1.30903 0
    endloop
  endfacet
  facet normal 0 0 -1
    outer loop
      vertex 52.9562 3.96677 0
      vertex 54.9955 1.30903 0
      vertex 54.8333 1.16673 0
    endloop
  endfacet
  facet normal 0 0 -1
    outer loop
      vertex 55.5729 1.59378 0
      vertex 54.7059 4.82963 0
      vertex 55.3474 4.95722 0
    endloop
  endfacet
  facet normal 0 0 -1
    outer loop
      vertex 52.4645 3.53553 0
      vertex 54.8333 1.16673 0
      vertex 54.691 1.00446 0
    endloop
  endfacet
  facet normal 0 0 -1
    outer loop
      vertex 52.0332 3.04381 0
      vertex 54.691 1.00446 0
      vertex 54.5711 0.825 0
    endloop
  endfacet
  facet normal 0 0 -1
    outer loop
      vertex 51.6699 2.5 0
      vertex 54.5711 0.825 0
      vertex 54.4756 0.631427 0
    endloop
  endfacet
  facet normal 0 0 -1
    outer loop
      vertex 51.3806 1.91342 0
      vertex 54.4756 0.631427 0
      vertex 54.4062 0.427051 0
    endloop
  endfacet
  facet normal 0 0 -1
    outer loop
      vertex 51.1704 1.2941 0
      vertex 54.4062 0.427051 0
      vertex 54.3641 0.215367 0
    endloop
  endfacet
  facet normal 0 0 -1
    outer loop
      vertex 55.3686 1.5244 0
      vertex 54.0866 4.6194 0
      vertex 54.7059 4.82963 0
    endloop
  endfacet
  facet normal 0 0 -1
    outer loop
      vertex 51.0428 0.652631 0
      vertex 54.3641 0.215367 0
      vertex 54.35 0 0
    endloop
  endfacet
  facet normal 0 0 -1
    outer loop
      vertex 51.6699 -2.5 0
      vertex 54.5711 -0.825 0
      vertex 52.0332 -3.04381 0
    endloop
  endfacet
  facet normal -0 0 -1
    outer loop
      vertex 54.5711 -0.825 0
      vertex 51.6699 -2.5 0
      vertex 54.4756 -0.631427 0
    endloop
  endfacet
  facet normal 0 0 -1
    outer loop
      vertex 55.175 1.42894 0
      vertex 53.5 4.33013 0
      vertex 54.0866 4.6194 0
    endloop
  endfacet
  facet normal 0 0 -1
    outer loop
      vertex 51.3806 -1.91342 0
      vertex 54.4756 -0.631427 0
      vertex 51.6699 -2.5 0
    endloop
  endfacet
  facet normal 0 0 -1
    outer loop
      vertex 54.9955 1.30903 0
      vertex 52.9562 3.96677 0
      vertex 53.5 4.33013 0
    endloop
  endfacet
  facet normal -0 0 -1
    outer loop
      vertex 54.4756 -0.631427 0
      vertex 51.3806 -1.91342 0
      vertex 54.4062 -0.427051 0
    endloop
  endfacet
  facet normal 0 0 -1
    outer loop
      vertex 54.8333 1.16673 0
      vertex 52.4645 3.53553 0
      vertex 52.9562 3.96677 0
    endloop
  endfacet
  facet normal 0 0 -1
    outer loop
      vertex 51.1704 -1.2941 0
      vertex 54.4062 -0.427051 0
      vertex 51.3806 -1.91342 0
    endloop
  endfacet
  facet normal 0 0 -1
    outer loop
      vertex 54.691 1.00446 0
      vertex 52.0332 3.04381 0
      vertex 52.4645 3.53553 0
    endloop
  endfacet
  facet normal -0 0 -1
    outer loop
      vertex 54.4062 -0.427051 0
      vertex 51.1704 -1.2941 0
      vertex 54.3641 -0.215367 0
    endloop
  endfacet
  facet normal 0 0 -1
    outer loop
      vertex 54.5711 0.825 0
      vertex 51.6699 2.5 0
      vertex 52.0332 3.04381 0
    endloop
  endfacet
  facet normal 0 0 -1
    outer loop
      vertex 51.0428 -0.652631 0
      vertex 54.3641 -0.215367 0
      vertex 51.1704 -1.2941 0
    endloop
  endfacet
  facet normal 0 0 -1
    outer loop
      vertex 54.4756 0.631427 0
      vertex 51.3806 1.91342 0
      vertex 51.6699 2.5 0
    endloop
  endfacet
  facet normal -0 0 -1
    outer loop
      vertex 54.3641 -0.215367 0
      vertex 51.0428 -0.652631 0
      vertex 54.35 0 0
    endloop
  endfacet
  facet normal 0 0 -1
    outer loop
      vertex 54.4062 0.427051 0
      vertex 51.1704 1.2941 0
      vertex 51.3806 1.91342 0
    endloop
  endfacet
  facet normal 0 0 -1
    outer loop
      vertex 51 0 0
      vertex 54.35 0 0
      vertex 51.0428 -0.652631 0
    endloop
  endfacet
  facet normal 0 0 -1
    outer loop
      vertex 54.3641 0.215367 0
      vertex 51.0428 0.652631 0
      vertex 51.1704 1.2941 0
    endloop
  endfacet
  facet normal 0 0 -1
    outer loop
      vertex 54.35 0 0
      vertex 51 0 0
      vertex 51.0428 0.652631 0
    endloop
  endfacet
  facet normal -0.980784 -0.195096 0
    outer loop
      vertex 51.1704 -1.2941 0
      vertex 51.0428 -0.652631 34
      vertex 51.0428 -0.652631 0
    endloop
  endfacet
  facet normal -0.980784 -0.195096 0
    outer loop
      vertex 51.0428 -0.652631 34
      vertex 51.1704 -1.2941 0
      vertex 51.1704 -1.2941 34
    endloop
  endfacet
  facet normal -0.751784 -0.659409 0
    outer loop
      vertex 52.4645 -3.53553 0
      vertex 52.0332 -3.04381 34
      vertex 52.0332 -3.04381 0
    endloop
  endfacet
  facet normal -0.751784 -0.659409 0
    outer loop
      vertex 52.0332 -3.04381 34
      vertex 52.4645 -3.53553 0
      vertex 52.4645 -3.53553 34
    endloop
  endfacet
  facet normal 0 0 1
    outer loop
      vertex 57.65 0 34
      vertex 61 0 34
      vertex 60.9572 0.652631 34
    endloop
  endfacet
  facet normal 0 0 1
    outer loop
      vertex 57.6359 0.215367 34
      vertex 60.9572 0.652631 34
      vertex 60.8296 1.2941 34
    endloop
  endfacet
  facet normal 0 0 1
    outer loop
      vertex 61 0 34
      vertex 57.65 0 34
      vertex 60.9572 -0.652631 34
    endloop
  endfacet
  facet normal 0 0 1
    outer loop
      vertex 57.5938 0.427051 34
      vertex 60.8296 1.2941 34
      vertex 60.6194 1.91342 34
    endloop
  endfacet
  facet normal -0 0 1
    outer loop
      vertex 57.6359 -0.215367 34
      vertex 60.9572 -0.652631 34
      vertex 57.65 0 34
    endloop
  endfacet
  facet normal 0 0 1
    outer loop
      vertex 57.5244 0.631427 34
      vertex 60.6194 1.91342 34
      vertex 60.3301 2.5 34
    endloop
  endfacet
  facet normal 0 0 1
    outer loop
      vertex 60.9572 -0.652631 34
      vertex 57.6359 -0.215367 34
      vertex 60.8296 -1.2941 34
    endloop
  endfacet
  facet normal 0 0 1
    outer loop
      vertex 57.4289 0.825 34
      vertex 60.3301 2.5 34
      vertex 59.9668 3.04381 34
    endloop
  endfacet
  facet normal -0 0 1
    outer loop
      vertex 57.5938 -0.427051 34
      vertex 60.8296 -1.2941 34
      vertex 57.6359 -0.215367 34
    endloop
  endfacet
  facet normal 0 0 1
    outer loop
      vertex 57.309 1.00446 34
      vertex 59.9668 3.04381 34
      vertex 59.5355 3.53553 34
    endloop
  endfacet
  facet normal 0 0 1
    outer loop
      vertex 60.8296 -1.2941 34
      vertex 57.5938 -0.427051 34
      vertex 60.6194 -1.91342 34
    endloop
  endfacet
  facet normal 0 0 1
    outer loop
      vertex 57.1667 1.16673 34
      vertex 59.5355 3.53553 34
      vertex 59.0438 3.96677 34
    endloop
  endfacet
  facet normal -0 0 1
    outer loop
      vertex 57.5244 -0.631427 34
      vertex 60.6194 -1.91342 34
      vertex 57.5938 -0.427051 34
    endloop
  endfacet
  facet normal 0 0 1
    outer loop
      vertex 57.0045 1.30903 34
      vertex 59.0438 3.96677 34
      vertex 58.5 4.33013 34
    endloop
  endfacet
  facet normal 0 0 1
    outer loop
      vertex 60.6194 -1.91342 34
      vertex 57.5244 -0.631427 34
      vertex 60.3301 -2.5 34
    endloop
  endfacet
  facet normal 0 0 1
    outer loop
      vertex 56.825 1.42894 34
      vertex 58.5 4.33013 34
      vertex 57.9134 4.6194 34
    endloop
  endfacet
  facet normal -0 0 1
    outer loop
      vertex 57.4289 -0.825 34
      vertex 60.3301 -2.5 34
      vertex 57.5244 -0.631427 34
    endloop
  endfacet
  facet normal 0 0 1
    outer loop
      vertex 60.3301 -2.5 34
      vertex 57.4289 -0.825 34
      vertex 59.9668 -3.04381 34
    endloop
  endfacet
  facet normal 0 0 1
    outer loop
      vertex 60.9572 0.652631 34
      vertex 57.6359 0.215367 34
      vertex 57.65 0 34
    endloop
  endfacet
  facet normal 0 0 1
    outer loop
      vertex 60.8296 1.2941 34
      vertex 57.5938 0.427051 34
      vertex 57.6359 0.215367 34
    endloop
  endfacet
  facet normal 0 0 1
    outer loop
      vertex 60.6194 1.91342 34
      vertex 57.5244 0.631427 34
      vertex 57.5938 0.427051 34
    endloop
  endfacet
  facet normal 0 0 1
    outer loop
      vertex 60.3301 2.5 34
      vertex 57.4289 0.825 34
      vertex 57.5244 0.631427 34
    endloop
  endfacet
  facet normal 0 0 1
    outer loop
      vertex 59.9668 3.04381 34
      vertex 57.309 1.00446 34
      vertex 57.4289 0.825 34
    endloop
  endfacet
  facet normal 0 0 1
    outer loop
      vertex 56.6314 1.5244 34
      vertex 57.9134 4.6194 34
      vertex 57.2941 4.82963 34
    endloop
  endfacet
  facet normal 0 0 1
    outer loop
      vertex 59.5355 3.53553 34
      vertex 57.1667 1.16673 34
      vertex 57.309 1.00446 34
    endloop
  endfacet
  facet normal 0 0 1
    outer loop
      vertex 59.0438 3.96677 34
      vertex 57.0045 1.30903 34
      vertex 57.1667 1.16673 34
    endloop
  endfacet
  facet normal 0 0 1
    outer loop
      vertex 58.5 4.33013 34
      vertex 56.825 1.42894 34
      vertex 57.0045 1.30903 34
    endloop
  endfacet
  facet normal 0 0 1
    outer loop
      vertex 56.4271 1.59378 34
      vertex 57.2941 4.82963 34
      vertex 56.6526 4.95722 34
    endloop
  endfacet
  facet normal 0 0 1
    outer loop
      vertex 57.9134 4.6194 34
      vertex 56.6314 1.5244 34
      vertex 56.825 1.42894 34
    endloop
  endfacet
  facet normal 0 0 1
    outer loop
      vertex 57.2941 4.82963 34
      vertex 56.4271 1.59378 34
      vertex 56.6314 1.5244 34
    endloop
  endfacet
  facet normal 0 0 1
    outer loop
      vertex 56.6526 4.95722 34
      vertex 56.2154 1.63588 34
      vertex 56.4271 1.59378 34
    endloop
  endfacet
  facet normal 0 0 1
    outer loop
      vertex 56 5 34
      vertex 56.2154 1.63588 34
      vertex 56.6526 4.95722 34
    endloop
  endfacet
  facet normal 0 0 1
    outer loop
      vertex 56 5 34
      vertex 56 1.65 34
      vertex 56.2154 1.63588 34
    endloop
  endfacet
  facet normal 0 0 1
    outer loop
      vertex 56 5 34
      vertex 55.7846 1.63588 34
      vertex 56 1.65 34
    endloop
  endfacet
  facet normal -0 0 1
    outer loop
      vertex 55.3474 4.95722 34
      vertex 55.7846 1.63588 34
      vertex 56 5 34
    endloop
  endfacet
  facet normal 0 0 1
    outer loop
      vertex 55.7846 1.63588 34
      vertex 55.3474 4.95722 34
      vertex 55.5729 1.59378 34
    endloop
  endfacet
  facet normal -0 0 1
    outer loop
      vertex 54.7059 4.82963 34
      vertex 55.5729 1.59378 34
      vertex 55.3474 4.95722 34
    endloop
  endfacet
  facet normal 0 0 1
    outer loop
      vertex 55.5729 1.59378 34
      vertex 54.7059 4.82963 34
      vertex 55.3686 1.5244 34
    endloop
  endfacet
  facet normal -0 0 1
    outer loop
      vertex 54.0866 4.6194 34
      vertex 55.3686 1.5244 34
      vertex 54.7059 4.82963 34
    endloop
  endfacet
  facet normal 0 0 1
    outer loop
      vertex 55.3686 1.5244 34
      vertex 54.0866 4.6194 34
      vertex 55.175 1.42894 34
    endloop
  endfacet
  facet normal -0 0 1
    outer loop
      vertex 53.5 4.33013 34
      vertex 55.175 1.42894 34
      vertex 54.0866 4.6194 34
    endloop
  endfacet
  facet normal 0 0 1
    outer loop
      vertex 55.175 1.42894 34
      vertex 53.5 4.33013 34
      vertex 54.9955 1.30903 34
    endloop
  endfacet
  facet normal -0 0 1
    outer loop
      vertex 52.9562 3.96677 34
      vertex 54.9955 1.30903 34
      vertex 53.5 4.33013 34
    endloop
  endfacet
  facet normal 0 0 1
    outer loop
      vertex 54.9955 1.30903 34
      vertex 52.9562 3.96677 34
      vertex 54.8333 1.16673 34
    endloop
  endfacet
  facet normal -0 0 1
    outer loop
      vertex 52.4645 3.53553 34
      vertex 54.8333 1.16673 34
      vertex 52.9562 3.96677 34
    endloop
  endfacet
  facet normal 0 0 1
    outer loop
      vertex 54.8333 1.16673 34
      vertex 52.4645 3.53553 34
      vertex 54.691 1.00446 34
    endloop
  endfacet
  facet normal 0 0 1
    outer loop
      vertex 54.691 1.00446 34
      vertex 52.0332 3.04381 34
      vertex 54.5711 0.825 34
    endloop
  endfacet
  facet normal -0 0 1
    outer loop
      vertex 52.0332 3.04381 34
      vertex 54.691 1.00446 34
      vertex 52.4645 3.53553 34
    endloop
  endfacet
  facet normal -0 0 1
    outer loop
      vertex 57.309 -1.00446 34
      vertex 59.9668 -3.04381 34
      vertex 57.4289 -0.825 34
    endloop
  endfacet
  facet normal 0 0 1
    outer loop
      vertex 59.9668 -3.04381 34
      vertex 57.309 -1.00446 34
      vertex 59.5355 -3.53553 34
    endloop
  endfacet
  facet normal -0 0 1
    outer loop
      vertex 57.1667 -1.16673 34
      vertex 59.5355 -3.53553 34
      vertex 57.309 -1.00446 34
    endloop
  endfacet
  facet normal 0 0 1
    outer loop
      vertex 59.5355 -3.53553 34
      vertex 57.1667 -1.16673 34
      vertex 59.0438 -3.96677 34
    endloop
  endfacet
  facet normal -0 0 1
    outer loop
      vertex 57.0045 -1.30903 34
      vertex 59.0438 -3.96677 34
      vertex 57.1667 -1.16673 34
    endloop
  endfacet
  facet normal 0 0 1
    outer loop
      vertex 59.0438 -3.96677 34
      vertex 57.0045 -1.30903 34
      vertex 58.5 -4.33013 34
    endloop
  endfacet
  facet normal -0 0 1
    outer loop
      vertex 56.825 -1.42894 34
      vertex 58.5 -4.33013 34
      vertex 57.0045 -1.30903 34
    endloop
  endfacet
  facet normal 0 0 1
    outer loop
      vertex 58.5 -4.33013 34
      vertex 56.825 -1.42894 34
      vertex 57.9134 -4.6194 34
    endloop
  endfacet
  facet normal -0 0 1
    outer loop
      vertex 56.6314 -1.5244 34
      vertex 57.9134 -4.6194 34
      vertex 56.825 -1.42894 34
    endloop
  endfacet
  facet normal 0 0 1
    outer loop
      vertex 57.9134 -4.6194 34
      vertex 56.6314 -1.5244 34
      vertex 57.2941 -4.82963 34
    endloop
  endfacet
  facet normal -0 0 1
    outer loop
      vertex 56.4271 -1.59378 34
      vertex 57.2941 -4.82963 34
      vertex 56.6314 -1.5244 34
    endloop
  endfacet
  facet normal 0 0 1
    outer loop
      vertex 57.2941 -4.82963 34
      vertex 56.4271 -1.59378 34
      vertex 56.6526 -4.95722 34
    endloop
  endfacet
  facet normal -0 0 1
    outer loop
      vertex 56.2154 -1.63588 34
      vertex 56.6526 -4.95722 34
      vertex 56.4271 -1.59378 34
    endloop
  endfacet
  facet normal -0 0 1
    outer loop
      vertex 56 -1.65 34
      vertex 56.6526 -4.95722 34
      vertex 56.2154 -1.63588 34
    endloop
  endfacet
  facet normal 0 0 1
    outer loop
      vertex 56 -1.65 34
      vertex 56 -5 34
      vertex 56.6526 -4.95722 34
    endloop
  endfacet
  facet normal 0 0 1
    outer loop
      vertex 55.7846 -1.63588 34
      vertex 56 -5 34
      vertex 56 -1.65 34
    endloop
  endfacet
  facet normal 0 0 1
    outer loop
      vertex 55.3474 -4.95722 34
      vertex 55.7846 -1.63588 34
      vertex 55.5729 -1.59378 34
    endloop
  endfacet
  facet normal 0 0 1
    outer loop
      vertex 54.7059 -4.82963 34
      vertex 55.5729 -1.59378 34
      vertex 55.3686 -1.5244 34
    endloop
  endfacet
  facet normal 0 0 1
    outer loop
      vertex 55.7846 -1.63588 34
      vertex 55.3474 -4.95722 34
      vertex 56 -5 34
    endloop
  endfacet
  facet normal 0 0 1
    outer loop
      vertex 54.0866 -4.6194 34
      vertex 55.3686 -1.5244 34
      vertex 55.175 -1.42894 34
    endloop
  endfacet
  facet normal 0 0 1
    outer loop
      vertex 53.5 -4.33013 34
      vertex 55.175 -1.42894 34
      vertex 54.9955 -1.30903 34
    endloop
  endfacet
  facet normal 0 0 1
    outer loop
      vertex 52.9562 -3.96677 34
      vertex 54.9955 -1.30903 34
      vertex 54.8333 -1.16673 34
    endloop
  endfacet
  facet normal 0 0 1
    outer loop
      vertex 55.5729 -1.59378 34
      vertex 54.7059 -4.82963 34
      vertex 55.3474 -4.95722 34
    endloop
  endfacet
  facet normal 0 0 1
    outer loop
      vertex 52.4645 -3.53553 34
      vertex 54.8333 -1.16673 34
      vertex 54.691 -1.00446 34
    endloop
  endfacet
  facet normal 0 0 1
    outer loop
      vertex 52.0332 -3.04381 34
      vertex 54.691 -1.00446 34
      vertex 54.5711 -0.825 34
    endloop
  endfacet
  facet normal 0 0 1
    outer loop
      vertex 51.6699 -2.5 34
      vertex 54.5711 -0.825 34
      vertex 54.4756 -0.631427 34
    endloop
  endfacet
  facet normal 0 0 1
    outer loop
      vertex 51.3806 -1.91342 34
      vertex 54.4756 -0.631427 34
      vertex 54.4062 -0.427051 34
    endloop
  endfacet
  facet normal 0 0 1
    outer loop
      vertex 51.1704 -1.2941 34
      vertex 54.4062 -0.427051 34
      vertex 54.3641 -0.215367 34
    endloop
  endfacet
  facet normal 0 0 1
    outer loop
      vertex 55.3686 -1.5244 34
      vertex 54.0866 -4.6194 34
      vertex 54.7059 -4.82963 34
    endloop
  endfacet
  facet normal 0 0 1
    outer loop
      vertex 51.0428 -0.652631 34
      vertex 54.3641 -0.215367 34
      vertex 54.35 0 34
    endloop
  endfacet
  facet normal -0 0 1
    outer loop
      vertex 51.6699 2.5 34
      vertex 54.5711 0.825 34
      vertex 52.0332 3.04381 34
    endloop
  endfacet
  facet normal 0 0 1
    outer loop
      vertex 54.5711 0.825 34
      vertex 51.6699 2.5 34
      vertex 54.4756 0.631427 34
    endloop
  endfacet
  facet normal 0 0 1
    outer loop
      vertex 55.175 -1.42894 34
      vertex 53.5 -4.33013 34
      vertex 54.0866 -4.6194 34
    endloop
  endfacet
  facet normal -0 0 1
    outer loop
      vertex 51.3806 1.91342 34
      vertex 54.4756 0.631427 34
      vertex 51.6699 2.5 34
    endloop
  endfacet
  facet normal 0 0 1
    outer loop
      vertex 54.9955 -1.30903 34
      vertex 52.9562 -3.96677 34
      vertex 53.5 -4.33013 34
    endloop
  endfacet
  facet normal 0 0 1
    outer loop
      vertex 54.4756 0.631427 34
      vertex 51.3806 1.91342 34
      vertex 54.4062 0.427051 34
    endloop
  endfacet
  facet normal 0 0 1
    outer loop
      vertex 54.8333 -1.16673 34
      vertex 52.4645 -3.53553 34
      vertex 52.9562 -3.96677 34
    endloop
  endfacet
  facet normal -0 0 1
    outer loop
      vertex 51.1704 1.2941 34
      vertex 54.4062 0.427051 34
      vertex 51.3806 1.91342 34
    endloop
  endfacet
  facet normal 0 0 1
    outer loop
      vertex 54.691 -1.00446 34
      vertex 52.0332 -3.04381 34
      vertex 52.4645 -3.53553 34
    endloop
  endfacet
  facet normal 0 0 1
    outer loop
      vertex 54.4062 0.427051 34
      vertex 51.1704 1.2941 34
      vertex 54.3641 0.215367 34
    endloop
  endfacet
  facet normal 0 0 1
    outer loop
      vertex 54.5711 -0.825 34
      vertex 51.6699 -2.5 34
      vertex 52.0332 -3.04381 34
    endloop
  endfacet
  facet normal -0 0 1
    outer loop
      vertex 51.0428 0.652631 34
      vertex 54.3641 0.215367 34
      vertex 51.1704 1.2941 34
    endloop
  endfacet
  facet normal 0 0 1
    outer loop
      vertex 54.4756 -0.631427 34
      vertex 51.3806 -1.91342 34
      vertex 51.6699 -2.5 34
    endloop
  endfacet
  facet normal 0 0 1
    outer loop
      vertex 54.3641 0.215367 34
      vertex 51.0428 0.652631 34
      vertex 54.35 0 34
    endloop
  endfacet
  facet normal 0 0 1
    outer loop
      vertex 54.4062 -0.427051 34
      vertex 51.1704 -1.2941 34
      vertex 51.3806 -1.91342 34
    endloop
  endfacet
  facet normal 0 0 1
    outer loop
      vertex 51 0 34
      vertex 54.35 0 34
      vertex 51.0428 0.652631 34
    endloop
  endfacet
  facet normal 0 0 1
    outer loop
      vertex 54.3641 -0.215367 34
      vertex 51.0428 -0.652631 34
      vertex 51.1704 -1.2941 34
    endloop
  endfacet
  facet normal 0 0 1
    outer loop
      vertex 54.35 0 34
      vertex 51 0 34
      vertex 51.0428 -0.652631 34
    endloop
  endfacet
  facet normal -0.195072 -0.980789 0
    outer loop
      vertex 54.7059 -4.82963 0
      vertex 55.3474 -4.95722 34
      vertex 54.7059 -4.82963 34
    endloop
  endfacet
  facet normal -0.195072 -0.980789 -0
    outer loop
      vertex 55.3474 -4.95722 34
      vertex 54.7059 -4.82963 0
      vertex 55.3474 -4.95722 0
    endloop
  endfacet
  facet normal -0.831514 0.555504 0
    outer loop
      vertex 51.6699 2.5 0
      vertex 52.0332 3.04381 34
      vertex 52.0332 3.04381 0
    endloop
  endfacet
  facet normal -0.831514 0.555504 0
    outer loop
      vertex 52.0332 3.04381 34
      vertex 51.6699 2.5 0
      vertex 51.6699 2.5 34
    endloop
  endfacet
  facet normal -0.0654128 -0.997858 0
    outer loop
      vertex 55.3474 -4.95722 0
      vertex 56 -5 34
      vertex 55.3474 -4.95722 34
    endloop
  endfacet
  facet normal -0.0654128 -0.997858 -0
    outer loop
      vertex 56 -5 34
      vertex 55.3474 -4.95722 0
      vertex 56 -5 0
    endloop
  endfacet
  facet normal -0.0654121 0.997858 0
    outer loop
      vertex 56.2154 -1.63588 0
      vertex 56 -1.65 34
      vertex 56.2154 -1.63588 34
    endloop
  endfacet
  facet normal -0.0654121 0.997858 0
    outer loop
      vertex 56 -1.65 34
      vertex 56.2154 -1.63588 0
      vertex 56 -1.65 0
    endloop
  endfacet
  facet normal -0.980791 -0.195061 0
    outer loop
      vertex 57.6359 0.215367 0
      vertex 57.5938 0.427051 34
      vertex 57.5938 0.427051 0
    endloop
  endfacet
  facet normal -0.980791 -0.195061 0
    outer loop
      vertex 57.5938 0.427051 34
      vertex 57.6359 0.215367 0
      vertex 57.6359 0.215367 34
    endloop
  endfacet
  facet normal -0.997864 -0.0653298 0
    outer loop
      vertex 57.65 0 0
      vertex 57.6359 0.215367 34
      vertex 57.6359 0.215367 0
    endloop
  endfacet
  facet normal -0.997864 -0.0653298 0
    outer loop
      vertex 57.6359 0.215367 34
      vertex 57.65 0 0
      vertex 57.65 0 34
    endloop
  endfacet
  facet normal -0.946897 -0.321538 0
    outer loop
      vertex 57.5938 0.427051 0
      vertex 57.5244 0.631427 34
      vertex 57.5244 0.631427 0
    endloop
  endfacet
  facet normal -0.946897 -0.321538 0
    outer loop
      vertex 57.5244 0.631427 34
      vertex 57.5938 0.427051 0
      vertex 57.5938 0.427051 34
    endloop
  endfacet
  facet normal -0.0654121 -0.997858 0
    outer loop
      vertex 56 1.65 0
      vertex 56.2154 1.63588 34
      vertex 56 1.65 34
    endloop
  endfacet
  facet normal -0.0654121 -0.997858 -0
    outer loop
      vertex 56.2154 1.63588 34
      vertex 56 1.65 0
      vertex 56.2154 1.63588 0
    endloop
  endfacet
  facet normal 0.659488 0.751715 -0
    outer loop
      vertex 54.9955 -1.30903 0
      vertex 54.8333 -1.16673 34
      vertex 54.9955 -1.30903 34
    endloop
  endfacet
  facet normal 0.659488 0.751715 0
    outer loop
      vertex 54.8333 -1.16673 34
      vertex 54.9955 -1.30903 0
      vertex 54.8333 -1.16673 0
    endloop
  endfacet
  facet normal 0.997864 0.0653298 0
    outer loop
      vertex 54.3641 -0.215367 34
      vertex 54.35 0 0
      vertex 54.35 0 34
    endloop
  endfacet
  facet normal 0.997864 0.0653298 0
    outer loop
      vertex 54.35 0 0
      vertex 54.3641 -0.215367 34
      vertex 54.3641 -0.215367 0
    endloop
  endfacet
  facet normal 0.659488 -0.751715 0
    outer loop
      vertex 54.8333 1.16673 0
      vertex 54.9955 1.30903 34
      vertex 54.8333 1.16673 34
    endloop
  endfacet
  facet normal 0.659488 -0.751715 0
    outer loop
      vertex 54.9955 1.30903 34
      vertex 54.8333 1.16673 0
      vertex 54.9955 1.30903 0
    endloop
  endfacet
  facet normal -0.751856 -0.659328 0
    outer loop
      vertex 57.309 1.00446 0
      vertex 57.1667 1.16673 34
      vertex 57.1667 1.16673 0
    endloop
  endfacet
  facet normal -0.751856 -0.659328 0
    outer loop
      vertex 57.1667 1.16673 34
      vertex 57.309 1.00446 0
      vertex 57.309 1.00446 34
    endloop
  endfacet
  facet normal -0.997864 0.0653298 0
    outer loop
      vertex 57.6359 -0.215367 0
      vertex 57.65 0 34
      vertex 57.65 0 0
    endloop
  endfacet
  facet normal -0.997864 0.0653298 0
    outer loop
      vertex 57.65 0 34
      vertex 57.6359 -0.215367 0
      vertex 57.6359 -0.215367 34
    endloop
  endfacet
  facet normal -0.44224 -0.896897 0
    outer loop
      vertex 56.6314 1.5244 0
      vertex 56.825 1.42894 34
      vertex 56.6314 1.5244 34
    endloop
  endfacet
  facet normal -0.44224 -0.896897 -0
    outer loop
      vertex 56.825 1.42894 34
      vertex 56.6314 1.5244 0
      vertex 56.825 1.42894 0
    endloop
  endfacet
  facet normal -0.896799 0.442439 0
    outer loop
      vertex 57.4289 -0.825 0
      vertex 57.5244 -0.631427 34
      vertex 57.5244 -0.631427 0
    endloop
  endfacet
  facet normal -0.896799 0.442439 0
    outer loop
      vertex 57.5244 -0.631427 34
      vertex 57.4289 -0.825 0
      vertex 57.4289 -0.825 34
    endloop
  endfacet
  facet normal 0.321562 0.946889 -0
    outer loop
      vertex 55.5729 -1.59378 0
      vertex 55.3686 -1.5244 34
      vertex 55.5729 -1.59378 34
    endloop
  endfacet
  facet normal 0.321562 0.946889 0
    outer loop
      vertex 55.3686 -1.5244 34
      vertex 55.5729 -1.59378 0
      vertex 55.3686 -1.5244 0
    endloop
  endfacet
  facet normal -0.831494 -0.555534 0
    outer loop
      vertex 57.4289 0.825 0
      vertex 57.309 1.00446 34
      vertex 57.309 1.00446 0
    endloop
  endfacet
  facet normal -0.831494 -0.555534 0
    outer loop
      vertex 57.309 1.00446 34
      vertex 57.4289 0.825 0
      vertex 57.4289 0.825 34
    endloop
  endfacet
  facet normal -0.896799 -0.442439 0
    outer loop
      vertex 57.5244 0.631427 0
      vertex 57.4289 0.825 34
      vertex 57.4289 0.825 0
    endloop
  endfacet
  facet normal -0.896799 -0.442439 0
    outer loop
      vertex 57.4289 0.825 34
      vertex 57.5244 0.631427 0
      vertex 57.5244 0.631427 34
    endloop
  endfacet
  facet normal 0.831494 0.555534 0
    outer loop
      vertex 54.691 -1.00446 34
      vertex 54.5711 -0.825 0
      vertex 54.5711 -0.825 34
    endloop
  endfacet
  facet normal 0.831494 0.555534 0
    outer loop
      vertex 54.5711 -0.825 0
      vertex 54.691 -1.00446 34
      vertex 54.691 -1.00446 0
    endloop
  endfacet
  facet normal -0.44224 0.896897 0
    outer loop
      vertex 56.825 -1.42894 0
      vertex 56.6314 -1.5244 34
      vertex 56.825 -1.42894 34
    endloop
  endfacet
  facet normal -0.44224 0.896897 0
    outer loop
      vertex 56.6314 -1.5244 34
      vertex 56.825 -1.42894 0
      vertex 56.6314 -1.5244 0
    endloop
  endfacet
  facet normal 0.44224 -0.896897 0
    outer loop
      vertex 55.175 1.42894 0
      vertex 55.3686 1.5244 34
      vertex 55.175 1.42894 34
    endloop
  endfacet
  facet normal 0.44224 -0.896897 0
    outer loop
      vertex 55.3686 1.5244 34
      vertex 55.175 1.42894 0
      vertex 55.3686 1.5244 0
    endloop
  endfacet
  facet normal 0.997864 -0.0653298 0
    outer loop
      vertex 54.35 0 34
      vertex 54.3641 0.215367 0
      vertex 54.3641 0.215367 34
    endloop
  endfacet
  facet normal 0.997864 -0.0653298 0
    outer loop
      vertex 54.3641 0.215367 0
      vertex 54.35 0 34
      vertex 54.35 0 0
    endloop
  endfacet
  facet normal -0.195047 -0.980794 0
    outer loop
      vertex 56.2154 1.63588 0
      vertex 56.4271 1.59378 34
      vertex 56.2154 1.63588 34
    endloop
  endfacet
  facet normal -0.195047 -0.980794 -0
    outer loop
      vertex 56.4271 1.59378 34
      vertex 56.2154 1.63588 0
      vertex 56.4271 1.59378 0
    endloop
  endfacet
  facet normal 0.751856 -0.659328 0
    outer loop
      vertex 54.691 1.00446 34
      vertex 54.8333 1.16673 0
      vertex 54.8333 1.16673 34
    endloop
  endfacet
  facet normal 0.751856 -0.659328 0
    outer loop
      vertex 54.8333 1.16673 0
      vertex 54.691 1.00446 34
      vertex 54.691 1.00446 0
    endloop
  endfacet
  facet normal 0.946897 0.321538 0
    outer loop
      vertex 54.4756 -0.631427 34
      vertex 54.4062 -0.427051 0
      vertex 54.4062 -0.427051 34
    endloop
  endfacet
  facet normal 0.946897 0.321538 0
    outer loop
      vertex 54.4062 -0.427051 0
      vertex 54.4756 -0.631427 34
      vertex 54.4756 -0.631427 0
    endloop
  endfacet
  facet normal -0.946897 0.321538 0
    outer loop
      vertex 57.5244 -0.631427 0
      vertex 57.5938 -0.427051 34
      vertex 57.5938 -0.427051 0
    endloop
  endfacet
  facet normal -0.946897 0.321538 0
    outer loop
      vertex 57.5938 -0.427051 34
      vertex 57.5244 -0.631427 0
      vertex 57.5244 -0.631427 34
    endloop
  endfacet
  facet normal 0.980791 -0.195061 0
    outer loop
      vertex 54.3641 0.215367 34
      vertex 54.4062 0.427051 0
      vertex 54.4062 0.427051 34
    endloop
  endfacet
  facet normal 0.980791 -0.195061 0
    outer loop
      vertex 54.4062 0.427051 0
      vertex 54.3641 0.215367 34
      vertex 54.3641 0.215367 0
    endloop
  endfacet
  facet normal 0.44224 0.896897 -0
    outer loop
      vertex 55.3686 -1.5244 0
      vertex 55.175 -1.42894 34
      vertex 55.3686 -1.5244 34
    endloop
  endfacet
  facet normal 0.44224 0.896897 0
    outer loop
      vertex 55.175 -1.42894 34
      vertex 55.3686 -1.5244 0
      vertex 55.175 -1.42894 0
    endloop
  endfacet
  facet normal 0.55548 -0.83153 0
    outer loop
      vertex 54.9955 1.30903 0
      vertex 55.175 1.42894 34
      vertex 54.9955 1.30903 34
    endloop
  endfacet
  facet normal 0.55548 -0.83153 0
    outer loop
      vertex 55.175 1.42894 34
      vertex 54.9955 1.30903 0
      vertex 55.175 1.42894 0
    endloop
  endfacet
  facet normal -0.659488 0.751715 0
    outer loop
      vertex 57.1667 -1.16673 0
      vertex 57.0045 -1.30903 34
      vertex 57.1667 -1.16673 34
    endloop
  endfacet
  facet normal -0.659488 0.751715 0
    outer loop
      vertex 57.0045 -1.30903 34
      vertex 57.1667 -1.16673 0
      vertex 57.0045 -1.30903 0
    endloop
  endfacet
  facet normal 0.321562 -0.946889 0
    outer loop
      vertex 55.3686 1.5244 0
      vertex 55.5729 1.59378 34
      vertex 55.3686 1.5244 34
    endloop
  endfacet
  facet normal 0.321562 -0.946889 0
    outer loop
      vertex 55.5729 1.59378 34
      vertex 55.3686 1.5244 0
      vertex 55.5729 1.59378 0
    endloop
  endfacet
  facet normal -0.831494 0.555534 0
    outer loop
      vertex 57.309 -1.00446 0
      vertex 57.4289 -0.825 34
      vertex 57.4289 -0.825 0
    endloop
  endfacet
  facet normal -0.831494 0.555534 0
    outer loop
      vertex 57.4289 -0.825 34
      vertex 57.309 -1.00446 0
      vertex 57.309 -1.00446 34
    endloop
  endfacet
  facet normal -0.55548 0.83153 0
    outer loop
      vertex 57.0045 -1.30903 0
      vertex 56.825 -1.42894 34
      vertex 57.0045 -1.30903 34
    endloop
  endfacet
  facet normal -0.55548 0.83153 0
    outer loop
      vertex 56.825 -1.42894 34
      vertex 57.0045 -1.30903 0
      vertex 56.825 -1.42894 0
    endloop
  endfacet
  facet normal -0.751856 0.659328 0
    outer loop
      vertex 57.1667 -1.16673 0
      vertex 57.309 -1.00446 34
      vertex 57.309 -1.00446 0
    endloop
  endfacet
  facet normal -0.751856 0.659328 0
    outer loop
      vertex 57.309 -1.00446 34
      vertex 57.1667 -1.16673 0
      vertex 57.1667 -1.16673 34
    endloop
  endfacet
  facet normal -0.980791 0.195061 0
    outer loop
      vertex 57.5938 -0.427051 0
      vertex 57.6359 -0.215367 34
      vertex 57.6359 -0.215367 0
    endloop
  endfacet
  facet normal -0.980791 0.195061 0
    outer loop
      vertex 57.6359 -0.215367 34
      vertex 57.5938 -0.427051 0
      vertex 57.5938 -0.427051 34
    endloop
  endfacet
  facet normal 0.0654121 -0.997858 0
    outer loop
      vertex 55.7846 1.63588 0
      vertex 56 1.65 34
      vertex 55.7846 1.63588 34
    endloop
  endfacet
  facet normal 0.0654121 -0.997858 0
    outer loop
      vertex 56 1.65 34
      vertex 55.7846 1.63588 0
      vertex 56 1.65 0
    endloop
  endfacet
  facet normal 0.896799 0.442439 0
    outer loop
      vertex 54.5711 -0.825 34
      vertex 54.4756 -0.631427 0
      vertex 54.4756 -0.631427 34
    endloop
  endfacet
  facet normal 0.896799 0.442439 0
    outer loop
      vertex 54.4756 -0.631427 0
      vertex 54.5711 -0.825 34
      vertex 54.5711 -0.825 0
    endloop
  endfacet
  facet normal 0.55548 0.83153 -0
    outer loop
      vertex 55.175 -1.42894 0
      vertex 54.9955 -1.30903 34
      vertex 55.175 -1.42894 34
    endloop
  endfacet
  facet normal 0.55548 0.83153 0
    outer loop
      vertex 54.9955 -1.30903 34
      vertex 55.175 -1.42894 0
      vertex 54.9955 -1.30903 0
    endloop
  endfacet
  facet normal 0.896799 -0.442439 0
    outer loop
      vertex 54.4756 0.631427 34
      vertex 54.5711 0.825 0
      vertex 54.5711 0.825 34
    endloop
  endfacet
  facet normal 0.896799 -0.442439 0
    outer loop
      vertex 54.5711 0.825 0
      vertex 54.4756 0.631427 34
      vertex 54.4756 0.631427 0
    endloop
  endfacet
  facet normal -0.55548 -0.83153 0
    outer loop
      vertex 56.825 1.42894 0
      vertex 57.0045 1.30903 34
      vertex 56.825 1.42894 34
    endloop
  endfacet
  facet normal -0.55548 -0.83153 -0
    outer loop
      vertex 57.0045 1.30903 34
      vertex 56.825 1.42894 0
      vertex 57.0045 1.30903 0
    endloop
  endfacet
  facet normal 0.980791 0.195061 0
    outer loop
      vertex 54.4062 -0.427051 34
      vertex 54.3641 -0.215367 0
      vertex 54.3641 -0.215367 34
    endloop
  endfacet
  facet normal 0.980791 0.195061 0
    outer loop
      vertex 54.3641 -0.215367 0
      vertex 54.4062 -0.427051 34
      vertex 54.4062 -0.427051 0
    endloop
  endfacet
  facet normal -0.321562 0.946889 0
    outer loop
      vertex 56.6314 -1.5244 0
      vertex 56.4271 -1.59378 34
      vertex 56.6314 -1.5244 34
    endloop
  endfacet
  facet normal -0.321562 0.946889 0
    outer loop
      vertex 56.4271 -1.59378 34
      vertex 56.6314 -1.5244 0
      vertex 56.4271 -1.59378 0
    endloop
  endfacet
  facet normal -0.659488 -0.751715 0
    outer loop
      vertex 57.0045 1.30903 0
      vertex 57.1667 1.16673 34
      vertex 57.0045 1.30903 34
    endloop
  endfacet
  facet normal -0.659488 -0.751715 -0
    outer loop
      vertex 57.1667 1.16673 34
      vertex 57.0045 1.30903 0
      vertex 57.1667 1.16673 0
    endloop
  endfacet
  facet normal -0.195047 0.980794 0
    outer loop
      vertex 56.4271 -1.59378 0
      vertex 56.2154 -1.63588 34
      vertex 56.4271 -1.59378 34
    endloop
  endfacet
  facet normal -0.195047 0.980794 0
    outer loop
      vertex 56.2154 -1.63588 34
      vertex 56.4271 -1.59378 0
      vertex 56.2154 -1.63588 0
    endloop
  endfacet
  facet normal 0.946897 -0.321538 0
    outer loop
      vertex 54.4062 0.427051 34
      vertex 54.4756 0.631427 0
      vertex 54.4756 0.631427 34
    endloop
  endfacet
  facet normal 0.946897 -0.321538 0
    outer loop
      vertex 54.4756 0.631427 0
      vertex 54.4062 0.427051 34
      vertex 54.4062 0.427051 0
    endloop
  endfacet
  facet normal 0.195047 -0.980794 0
    outer loop
      vertex 55.5729 1.59378 0
      vertex 55.7846 1.63588 34
      vertex 55.5729 1.59378 34
    endloop
  endfacet
  facet normal 0.195047 -0.980794 0
    outer loop
      vertex 55.7846 1.63588 34
      vertex 55.5729 1.59378 0
      vertex 55.7846 1.63588 0
    endloop
  endfacet
  facet normal 0.0654121 0.997858 -0
    outer loop
      vertex 56 -1.65 0
      vertex 55.7846 -1.63588 34
      vertex 56 -1.65 34
    endloop
  endfacet
  facet normal 0.0654121 0.997858 0
    outer loop
      vertex 55.7846 -1.63588 34
      vertex 56 -1.65 0
      vertex 55.7846 -1.63588 0
    endloop
  endfacet
  facet normal 0.751856 0.659328 0
    outer loop
      vertex 54.8333 -1.16673 34
      vertex 54.691 -1.00446 0
      vertex 54.691 -1.00446 34
    endloop
  endfacet
  facet normal 0.751856 0.659328 0
    outer loop
      vertex 54.691 -1.00446 0
      vertex 54.8333 -1.16673 34
      vertex 54.8333 -1.16673 0
    endloop
  endfacet
  facet normal 0.195047 0.980794 -0
    outer loop
      vertex 55.7846 -1.63588 0
      vertex 55.5729 -1.59378 34
      vertex 55.7846 -1.63588 34
    endloop
  endfacet
  facet normal 0.195047 0.980794 0
    outer loop
      vertex 55.5729 -1.59378 34
      vertex 55.7846 -1.63588 0
      vertex 55.5729 -1.59378 0
    endloop
  endfacet
  facet normal -0.321562 -0.946889 0
    outer loop
      vertex 56.4271 1.59378 0
      vertex 56.6314 1.5244 34
      vertex 56.4271 1.59378 34
    endloop
  endfacet
  facet normal -0.321562 -0.946889 -0
    outer loop
      vertex 56.6314 1.5244 34
      vertex 56.4271 1.59378 0
      vertex 56.6314 1.5244 0
    endloop
  endfacet
  facet normal 0.831494 -0.555534 0
    outer loop
      vertex 54.5711 0.825 34
      vertex 54.691 1.00446 0
      vertex 54.691 1.00446 34
    endloop
  endfacet
  facet normal 0.831494 -0.555534 0
    outer loop
      vertex 54.691 1.00446 0
      vertex 54.5711 0.825 34
      vertex 54.5711 0.825 0
    endloop
  endfacet
  facet normal 0.980784 0.195096 0
    outer loop
      vertex 74.9572 0.652631 34
      vertex 74.8296 1.2941 0
      vertex 74.8296 1.2941 34
    endloop
  endfacet
  facet normal 0.980784 0.195096 0
    outer loop
      vertex 74.8296 1.2941 0
      vertex 74.9572 0.652631 34
      vertex 74.9572 0.652631 0
    endloop
  endfacet
  facet normal 0.997856 0.0654401 0
    outer loop
      vertex 75 0 34
      vertex 74.9572 0.652631 0
      vertex 74.9572 0.652631 34
    endloop
  endfacet
  facet normal 0.997856 0.0654401 0
    outer loop
      vertex 74.9572 0.652631 0
      vertex 75 0 34
      vertex 75 0 0
    endloop
  endfacet
  facet normal 0.321448 -0.946927 0
    outer loop
      vertex 71.2941 -4.82963 0
      vertex 71.9134 -4.6194 34
      vertex 71.2941 -4.82963 34
    endloop
  endfacet
  facet normal 0.321448 -0.946927 0
    outer loop
      vertex 71.9134 -4.6194 34
      vertex 71.2941 -4.82963 0
      vertex 71.9134 -4.6194 0
    endloop
  endfacet
  facet normal 0.831514 0.555504 0
    outer loop
      vertex 74.3301 2.5 34
      vertex 73.9668 3.04381 0
      vertex 73.9668 3.04381 34
    endloop
  endfacet
  facet normal 0.831514 0.555504 0
    outer loop
      vertex 73.9668 3.04381 0
      vertex 74.3301 2.5 34
      vertex 74.3301 2.5 0
    endloop
  endfacet
  facet normal -0.896854 0.442327 0
    outer loop
      vertex 65.3806 1.91342 0
      vertex 65.6699 2.5 34
      vertex 65.6699 2.5 0
    endloop
  endfacet
  facet normal -0.896854 0.442327 0
    outer loop
      vertex 65.6699 2.5 34
      vertex 65.3806 1.91342 0
      vertex 65.3806 1.91342 34
    endloop
  endfacet
  facet normal -0.555575 0.831466 0
    outer loop
      vertex 67.5 4.33013 0
      vertex 66.9562 3.96677 34
      vertex 67.5 4.33013 34
    endloop
  endfacet
  facet normal -0.555575 0.831466 0
    outer loop
      vertex 66.9562 3.96677 34
      vertex 67.5 4.33013 0
      vertex 66.9562 3.96677 0
    endloop
  endfacet
  facet normal -0.659372 0.751817 0
    outer loop
      vertex 66.9562 3.96677 0
      vertex 66.4645 3.53553 34
      vertex 66.9562 3.96677 34
    endloop
  endfacet
  facet normal -0.659372 0.751817 0
    outer loop
      vertex 66.4645 3.53553 34
      vertex 66.9562 3.96677 0
      vertex 66.4645 3.53553 0
    endloop
  endfacet
  facet normal -0.751784 0.659409 0
    outer loop
      vertex 66.0332 3.04381 0
      vertex 66.4645 3.53553 34
      vertex 66.4645 3.53553 0
    endloop
  endfacet
  facet normal -0.751784 0.659409 0
    outer loop
      vertex 66.4645 3.53553 34
      vertex 66.0332 3.04381 0
      vertex 66.0332 3.04381 34
    endloop
  endfacet
  facet normal 0.946944 -0.321397 0
    outer loop
      vertex 74.6194 -1.91342 34
      vertex 74.8296 -1.2941 0
      vertex 74.8296 -1.2941 34
    endloop
  endfacet
  facet normal 0.946944 -0.321397 0
    outer loop
      vertex 74.8296 -1.2941 0
      vertex 74.6194 -1.91342 34
      vertex 74.6194 -1.91342 0
    endloop
  endfacet
  facet normal -0.997856 0.0654401 0
    outer loop
      vertex 65 0 0
      vertex 65.0428 0.652631 34
      vertex 65.0428 0.652631 0
    endloop
  endfacet
  facet normal -0.997856 0.0654401 0
    outer loop
      vertex 65.0428 0.652631 34
      vertex 65 0 0
      vertex 65 0 34
    endloop
  endfacet
  facet normal 0.555575 0.831466 -0
    outer loop
      vertex 73.0438 3.96677 0
      vertex 72.5 4.33013 34
      vertex 73.0438 3.96677 34
    endloop
  endfacet
  facet normal 0.555575 0.831466 0
    outer loop
      vertex 72.5 4.33013 34
      vertex 73.0438 3.96677 0
      vertex 72.5 4.33013 0
    endloop
  endfacet
  facet normal -0.321448 -0.946927 0
    outer loop
      vertex 68.0866 -4.6194 0
      vertex 68.7059 -4.82963 34
      vertex 68.0866 -4.6194 34
    endloop
  endfacet
  facet normal -0.321448 -0.946927 -0
    outer loop
      vertex 68.7059 -4.82963 34
      vertex 68.0866 -4.6194 0
      vertex 68.7059 -4.82963 0
    endloop
  endfacet
  facet normal 0.195072 -0.980789 0
    outer loop
      vertex 70.6526 -4.95722 0
      vertex 71.2941 -4.82963 34
      vertex 70.6526 -4.95722 34
    endloop
  endfacet
  facet normal 0.195072 -0.980789 0
    outer loop
      vertex 71.2941 -4.82963 34
      vertex 70.6526 -4.95722 0
      vertex 71.2941 -4.82963 0
    endloop
  endfacet
  facet normal -0.321448 0.946927 0
    outer loop
      vertex 68.7059 4.82963 0
      vertex 68.0866 4.6194 34
      vertex 68.7059 4.82963 34
    endloop
  endfacet
  facet normal -0.321448 0.946927 0
    outer loop
      vertex 68.0866 4.6194 34
      vertex 68.7059 4.82963 0
      vertex 68.0866 4.6194 0
    endloop
  endfacet
  facet normal -0.831514 -0.555504 0
    outer loop
      vertex 66.0332 -3.04381 0
      vertex 65.6699 -2.5 34
      vertex 65.6699 -2.5 0
    endloop
  endfacet
  facet normal -0.831514 -0.555504 0
    outer loop
      vertex 65.6699 -2.5 34
      vertex 66.0332 -3.04381 0
      vertex 66.0332 -3.04381 34
    endloop
  endfacet
  facet normal 0.555575 -0.831466 0
    outer loop
      vertex 72.5 -4.33013 0
      vertex 73.0438 -3.96677 34
      vertex 72.5 -4.33013 34
    endloop
  endfacet
  facet normal 0.555575 -0.831466 0
    outer loop
      vertex 73.0438 -3.96677 34
      vertex 72.5 -4.33013 0
      vertex 73.0438 -3.96677 0
    endloop
  endfacet
  facet normal -0.946944 0.321397 0
    outer loop
      vertex 65.1704 1.2941 0
      vertex 65.3806 1.91342 34
      vertex 65.3806 1.91342 0
    endloop
  endfacet
  facet normal -0.946944 0.321397 0
    outer loop
      vertex 65.3806 1.91342 34
      vertex 65.1704 1.2941 0
      vertex 65.1704 1.2941 34
    endloop
  endfacet
  facet normal 0.321448 0.946927 -0
    outer loop
      vertex 71.9134 4.6194 0
      vertex 71.2941 4.82963 34
      vertex 71.9134 4.6194 34
    endloop
  endfacet
  facet normal 0.321448 0.946927 0
    outer loop
      vertex 71.2941 4.82963 34
      vertex 71.9134 4.6194 0
      vertex 71.2941 4.82963 0
    endloop
  endfacet
  facet normal 0.0654128 0.997858 -0
    outer loop
      vertex 70.6526 4.95722 0
      vertex 70 5 34
      vertex 70.6526 4.95722 34
    endloop
  endfacet
  facet normal 0.0654128 0.997858 0
    outer loop
      vertex 70 5 34
      vertex 70.6526 4.95722 0
      vertex 70 5 0
    endloop
  endfacet
  facet normal -0.442277 0.896878 0
    outer loop
      vertex 68.0866 4.6194 0
      vertex 67.5 4.33013 34
      vertex 68.0866 4.6194 34
    endloop
  endfacet
  facet normal -0.442277 0.896878 0
    outer loop
      vertex 67.5 4.33013 34
      vertex 68.0866 4.6194 0
      vertex 67.5 4.33013 0
    endloop
  endfacet
  facet normal 0.831514 -0.555504 0
    outer loop
      vertex 73.9668 -3.04381 34
      vertex 74.3301 -2.5 0
      vertex 74.3301 -2.5 34
    endloop
  endfacet
  facet normal 0.831514 -0.555504 0
    outer loop
      vertex 74.3301 -2.5 0
      vertex 73.9668 -3.04381 34
      vertex 73.9668 -3.04381 0
    endloop
  endfacet
  facet normal -0.997856 -0.0654401 0
    outer loop
      vertex 65.0428 -0.652631 0
      vertex 65 0 34
      vertex 65 0 0
    endloop
  endfacet
  facet normal -0.997856 -0.0654401 0
    outer loop
      vertex 65 0 34
      vertex 65.0428 -0.652631 0
      vertex 65.0428 -0.652631 34
    endloop
  endfacet
  facet normal -0.946944 -0.321397 0
    outer loop
      vertex 65.3806 -1.91342 0
      vertex 65.1704 -1.2941 34
      vertex 65.1704 -1.2941 0
    endloop
  endfacet
  facet normal -0.946944 -0.321397 0
    outer loop
      vertex 65.1704 -1.2941 34
      vertex 65.3806 -1.91342 0
      vertex 65.3806 -1.91342 34
    endloop
  endfacet
  facet normal -0.659372 -0.751817 0
    outer loop
      vertex 66.4645 -3.53553 0
      vertex 66.9562 -3.96677 34
      vertex 66.4645 -3.53553 34
    endloop
  endfacet
  facet normal -0.659372 -0.751817 -0
    outer loop
      vertex 66.9562 -3.96677 34
      vertex 66.4645 -3.53553 0
      vertex 66.9562 -3.96677 0
    endloop
  endfacet
  facet normal 0.442277 0.896878 -0
    outer loop
      vertex 72.5 4.33013 0
      vertex 71.9134 4.6194 34
      vertex 72.5 4.33013 34
    endloop
  endfacet
  facet normal 0.442277 0.896878 0
    outer loop
      vertex 71.9134 4.6194 34
      vertex 72.5 4.33013 0
      vertex 71.9134 4.6194 0
    endloop
  endfacet
  facet normal -0.195072 0.980789 0
    outer loop
      vertex 69.3474 4.95722 0
      vertex 68.7059 4.82963 34
      vertex 69.3474 4.95722 34
    endloop
  endfacet
  facet normal -0.195072 0.980789 0
    outer loop
      vertex 68.7059 4.82963 34
      vertex 69.3474 4.95722 0
      vertex 68.7059 4.82963 0
    endloop
  endfacet
  facet normal 0.751784 0.659409 0
    outer loop
      vertex 73.9668 3.04381 34
      vertex 73.5355 3.53553 0
      vertex 73.5355 3.53553 34
    endloop
  endfacet
  facet normal 0.751784 0.659409 0
    outer loop
      vertex 73.5355 3.53553 0
      vertex 73.9668 3.04381 34
      vertex 73.9668 3.04381 0
    endloop
  endfacet
  facet normal 0.195072 0.980789 -0
    outer loop
      vertex 71.2941 4.82963 0
      vertex 70.6526 4.95722 34
      vertex 71.2941 4.82963 34
    endloop
  endfacet
  facet normal 0.195072 0.980789 0
    outer loop
      vertex 70.6526 4.95722 34
      vertex 71.2941 4.82963 0
      vertex 70.6526 4.95722 0
    endloop
  endfacet
  facet normal 0.751784 -0.659409 0
    outer loop
      vertex 73.5355 -3.53553 34
      vertex 73.9668 -3.04381 0
      vertex 73.9668 -3.04381 34
    endloop
  endfacet
  facet normal 0.751784 -0.659409 0
    outer loop
      vertex 73.9668 -3.04381 0
      vertex 73.5355 -3.53553 34
      vertex 73.5355 -3.53553 0
    endloop
  endfacet
  facet normal -0.442277 -0.896878 0
    outer loop
      vertex 67.5 -4.33013 0
      vertex 68.0866 -4.6194 34
      vertex 67.5 -4.33013 34
    endloop
  endfacet
  facet normal -0.442277 -0.896878 -0
    outer loop
      vertex 68.0866 -4.6194 34
      vertex 67.5 -4.33013 0
      vertex 68.0866 -4.6194 0
    endloop
  endfacet
  facet normal -0.0654128 0.997858 0
    outer loop
      vertex 70 5 0
      vertex 69.3474 4.95722 34
      vertex 70 5 34
    endloop
  endfacet
  facet normal -0.0654128 0.997858 0
    outer loop
      vertex 69.3474 4.95722 34
      vertex 70 5 0
      vertex 69.3474 4.95722 0
    endloop
  endfacet
  facet normal -0.980784 0.195096 0
    outer loop
      vertex 65.0428 0.652631 0
      vertex 65.1704 1.2941 34
      vertex 65.1704 1.2941 0
    endloop
  endfacet
  facet normal -0.980784 0.195096 0
    outer loop
      vertex 65.1704 1.2941 34
      vertex 65.0428 0.652631 0
      vertex 65.0428 0.652631 34
    endloop
  endfacet
  facet normal 0.0654128 -0.997858 0
    outer loop
      vertex 70 -5 0
      vertex 70.6526 -4.95722 34
      vertex 70 -5 34
    endloop
  endfacet
  facet normal 0.0654128 -0.997858 0
    outer loop
      vertex 70.6526 -4.95722 34
      vertex 70 -5 0
      vertex 70.6526 -4.95722 0
    endloop
  endfacet
  facet normal 0.442277 -0.896878 0
    outer loop
      vertex 71.9134 -4.6194 0
      vertex 72.5 -4.33013 34
      vertex 71.9134 -4.6194 34
    endloop
  endfacet
  facet normal 0.442277 -0.896878 0
    outer loop
      vertex 72.5 -4.33013 34
      vertex 71.9134 -4.6194 0
      vertex 72.5 -4.33013 0
    endloop
  endfacet
  facet normal 0.659372 -0.751817 0
    outer loop
      vertex 73.0438 -3.96677 0
      vertex 73.5355 -3.53553 34
      vertex 73.0438 -3.96677 34
    endloop
  endfacet
  facet normal 0.659372 -0.751817 0
    outer loop
      vertex 73.5355 -3.53553 34
      vertex 73.0438 -3.96677 0
      vertex 73.5355 -3.53553 0
    endloop
  endfacet
  facet normal -0.896854 -0.442327 0
    outer loop
      vertex 65.6699 -2.5 0
      vertex 65.3806 -1.91342 34
      vertex 65.3806 -1.91342 0
    endloop
  endfacet
  facet normal -0.896854 -0.442327 0
    outer loop
      vertex 65.3806 -1.91342 34
      vertex 65.6699 -2.5 0
      vertex 65.6699 -2.5 34
    endloop
  endfacet
  facet normal 0.896854 -0.442327 0
    outer loop
      vertex 74.3301 -2.5 34
      vertex 74.6194 -1.91342 0
      vertex 74.6194 -1.91342 34
    endloop
  endfacet
  facet normal 0.896854 -0.442327 0
    outer loop
      vertex 74.6194 -1.91342 0
      vertex 74.3301 -2.5 34
      vertex 74.3301 -2.5 0
    endloop
  endfacet
  facet normal 0.659372 0.751817 -0
    outer loop
      vertex 73.5355 3.53553 0
      vertex 73.0438 3.96677 34
      vertex 73.5355 3.53553 34
    endloop
  endfacet
  facet normal 0.659372 0.751817 0
    outer loop
      vertex 73.0438 3.96677 34
      vertex 73.5355 3.53553 0
      vertex 73.0438 3.96677 0
    endloop
  endfacet
  facet normal 0.997856 -0.0654401 0
    outer loop
      vertex 74.9572 -0.652631 34
      vertex 75 0 0
      vertex 75 0 34
    endloop
  endfacet
  facet normal 0.997856 -0.0654401 0
    outer loop
      vertex 75 0 0
      vertex 74.9572 -0.652631 34
      vertex 74.9572 -0.652631 0
    endloop
  endfacet
  facet normal -0.555575 -0.831466 0
    outer loop
      vertex 66.9562 -3.96677 0
      vertex 67.5 -4.33013 34
      vertex 66.9562 -3.96677 34
    endloop
  endfacet
  facet normal -0.555575 -0.831466 -0
    outer loop
      vertex 67.5 -4.33013 34
      vertex 66.9562 -3.96677 0
      vertex 67.5 -4.33013 0
    endloop
  endfacet
  facet normal 0.896854 0.442327 0
    outer loop
      vertex 74.6194 1.91342 34
      vertex 74.3301 2.5 0
      vertex 74.3301 2.5 34
    endloop
  endfacet
  facet normal 0.896854 0.442327 0
    outer loop
      vertex 74.3301 2.5 0
      vertex 74.6194 1.91342 34
      vertex 74.6194 1.91342 0
    endloop
  endfacet
  facet normal 0.980784 -0.195096 0
    outer loop
      vertex 74.8296 -1.2941 34
      vertex 74.9572 -0.652631 0
      vertex 74.9572 -0.652631 34
    endloop
  endfacet
  facet normal 0.980784 -0.195096 0
    outer loop
      vertex 74.9572 -0.652631 0
      vertex 74.8296 -1.2941 34
      vertex 74.8296 -1.2941 0
    endloop
  endfacet
  facet normal 0.946944 0.321397 0
    outer loop
      vertex 74.8296 1.2941 34
      vertex 74.6194 1.91342 0
      vertex 74.6194 1.91342 34
    endloop
  endfacet
  facet normal 0.946944 0.321397 0
    outer loop
      vertex 74.6194 1.91342 0
      vertex 74.8296 1.2941 34
      vertex 74.8296 1.2941 0
    endloop
  endfacet
  facet normal 0 0 -1
    outer loop
      vertex 71.65 0 0
      vertex 75 0 0
      vertex 74.9572 -0.652631 0
    endloop
  endfacet
  facet normal 0 0 -1
    outer loop
      vertex 71.6359 -0.215367 0
      vertex 74.9572 -0.652631 0
      vertex 74.8296 -1.2941 0
    endloop
  endfacet
  facet normal 0 0 -1
    outer loop
      vertex 75 0 0
      vertex 71.65 0 0
      vertex 74.9572 0.652631 0
    endloop
  endfacet
  facet normal 0 0 -1
    outer loop
      vertex 71.5938 -0.427051 0
      vertex 74.8296 -1.2941 0
      vertex 74.6194 -1.91342 0
    endloop
  endfacet
  facet normal 0 0 -1
    outer loop
      vertex 71.6359 0.215367 0
      vertex 74.9572 0.652631 0
      vertex 71.65 0 0
    endloop
  endfacet
  facet normal 0 0 -1
    outer loop
      vertex 71.5244 -0.631427 0
      vertex 74.6194 -1.91342 0
      vertex 74.3301 -2.5 0
    endloop
  endfacet
  facet normal -0 0 -1
    outer loop
      vertex 74.9572 0.652631 0
      vertex 71.6359 0.215367 0
      vertex 74.8296 1.2941 0
    endloop
  endfacet
  facet normal 0 0 -1
    outer loop
      vertex 71.4289 -0.825 0
      vertex 74.3301 -2.5 0
      vertex 73.9668 -3.04381 0
    endloop
  endfacet
  facet normal 0 0 -1
    outer loop
      vertex 71.5938 0.427051 0
      vertex 74.8296 1.2941 0
      vertex 71.6359 0.215367 0
    endloop
  endfacet
  facet normal 0 0 -1
    outer loop
      vertex 71.309 -1.00446 0
      vertex 73.9668 -3.04381 0
      vertex 73.5355 -3.53553 0
    endloop
  endfacet
  facet normal -0 0 -1
    outer loop
      vertex 74.8296 1.2941 0
      vertex 71.5938 0.427051 0
      vertex 74.6194 1.91342 0
    endloop
  endfacet
  facet normal 0 0 -1
    outer loop
      vertex 71.1667 -1.16673 0
      vertex 73.5355 -3.53553 0
      vertex 73.0438 -3.96677 0
    endloop
  endfacet
  facet normal 0 0 -1
    outer loop
      vertex 71.5244 0.631427 0
      vertex 74.6194 1.91342 0
      vertex 71.5938 0.427051 0
    endloop
  endfacet
  facet normal 0 0 -1
    outer loop
      vertex 71.0045 -1.30903 0
      vertex 73.0438 -3.96677 0
      vertex 72.5 -4.33013 0
    endloop
  endfacet
  facet normal -0 0 -1
    outer loop
      vertex 74.6194 1.91342 0
      vertex 71.5244 0.631427 0
      vertex 74.3301 2.5 0
    endloop
  endfacet
  facet normal 0 0 -1
    outer loop
      vertex 70.825 -1.42894 0
      vertex 72.5 -4.33013 0
      vertex 71.9134 -4.6194 0
    endloop
  endfacet
  facet normal 0 0 -1
    outer loop
      vertex 71.4289 0.825 0
      vertex 74.3301 2.5 0
      vertex 71.5244 0.631427 0
    endloop
  endfacet
  facet normal -0 0 -1
    outer loop
      vertex 74.3301 2.5 0
      vertex 71.4289 0.825 0
      vertex 73.9668 3.04381 0
    endloop
  endfacet
  facet normal 0 0 -1
    outer loop
      vertex 74.9572 -0.652631 0
      vertex 71.6359 -0.215367 0
      vertex 71.65 0 0
    endloop
  endfacet
  facet normal 0 0 -1
    outer loop
      vertex 74.8296 -1.2941 0
      vertex 71.5938 -0.427051 0
      vertex 71.6359 -0.215367 0
    endloop
  endfacet
  facet normal 0 0 -1
    outer loop
      vertex 74.6194 -1.91342 0
      vertex 71.5244 -0.631427 0
      vertex 71.5938 -0.427051 0
    endloop
  endfacet
  facet normal 0 0 -1
    outer loop
      vertex 74.3301 -2.5 0
      vertex 71.4289 -0.825 0
      vertex 71.5244 -0.631427 0
    endloop
  endfacet
  facet normal 0 0 -1
    outer loop
      vertex 73.9668 -3.04381 0
      vertex 71.309 -1.00446 0
      vertex 71.4289 -0.825 0
    endloop
  endfacet
  facet normal 0 0 -1
    outer loop
      vertex 70.6314 -1.5244 0
      vertex 71.9134 -4.6194 0
      vertex 71.2941 -4.82963 0
    endloop
  endfacet
  facet normal 0 0 -1
    outer loop
      vertex 73.5355 -3.53553 0
      vertex 71.1667 -1.16673 0
      vertex 71.309 -1.00446 0
    endloop
  endfacet
  facet normal 0 0 -1
    outer loop
      vertex 73.0438 -3.96677 0
      vertex 71.0045 -1.30903 0
      vertex 71.1667 -1.16673 0
    endloop
  endfacet
  facet normal 0 0 -1
    outer loop
      vertex 72.5 -4.33013 0
      vertex 70.825 -1.42894 0
      vertex 71.0045 -1.30903 0
    endloop
  endfacet
  facet normal 0 0 -1
    outer loop
      vertex 70.427 -1.59378 0
      vertex 71.2941 -4.82963 0
      vertex 70.6526 -4.95722 0
    endloop
  endfacet
  facet normal 0 0 -1
    outer loop
      vertex 71.9134 -4.6194 0
      vertex 70.6314 -1.5244 0
      vertex 70.825 -1.42894 0
    endloop
  endfacet
  facet normal 0 0 -1
    outer loop
      vertex 71.2941 -4.82963 0
      vertex 70.427 -1.59378 0
      vertex 70.6314 -1.5244 0
    endloop
  endfacet
  facet normal 0 0 -1
    outer loop
      vertex 70.6526 -4.95722 0
      vertex 70.2154 -1.63588 0
      vertex 70.427 -1.59378 0
    endloop
  endfacet
  facet normal 0 0 -1
    outer loop
      vertex 70 -5 0
      vertex 70.2154 -1.63588 0
      vertex 70.6526 -4.95722 0
    endloop
  endfacet
  facet normal 0 0 -1
    outer loop
      vertex 70 -5 0
      vertex 70 -1.65 0
      vertex 70.2154 -1.63588 0
    endloop
  endfacet
  facet normal 0 0 -1
    outer loop
      vertex 70 -5 0
      vertex 69.7846 -1.63588 0
      vertex 70 -1.65 0
    endloop
  endfacet
  facet normal 0 0 -1
    outer loop
      vertex 69.3474 -4.95722 0
      vertex 69.7846 -1.63588 0
      vertex 70 -5 0
    endloop
  endfacet
  facet normal -0 0 -1
    outer loop
      vertex 69.7846 -1.63588 0
      vertex 69.3474 -4.95722 0
      vertex 69.573 -1.59378 0
    endloop
  endfacet
  facet normal 0 0 -1
    outer loop
      vertex 68.7059 -4.82963 0
      vertex 69.573 -1.59378 0
      vertex 69.3474 -4.95722 0
    endloop
  endfacet
  facet normal -0 0 -1
    outer loop
      vertex 69.573 -1.59378 0
      vertex 68.7059 -4.82963 0
      vertex 69.3686 -1.5244 0
    endloop
  endfacet
  facet normal 0 0 -1
    outer loop
      vertex 68.0866 -4.6194 0
      vertex 69.3686 -1.5244 0
      vertex 68.7059 -4.82963 0
    endloop
  endfacet
  facet normal -0 0 -1
    outer loop
      vertex 69.3686 -1.5244 0
      vertex 68.0866 -4.6194 0
      vertex 69.175 -1.42894 0
    endloop
  endfacet
  facet normal 0 0 -1
    outer loop
      vertex 67.5 -4.33013 0
      vertex 69.175 -1.42894 0
      vertex 68.0866 -4.6194 0
    endloop
  endfacet
  facet normal -0 0 -1
    outer loop
      vertex 69.175 -1.42894 0
      vertex 67.5 -4.33013 0
      vertex 68.9955 -1.30903 0
    endloop
  endfacet
  facet normal 0 0 -1
    outer loop
      vertex 66.9562 -3.96677 0
      vertex 68.9955 -1.30903 0
      vertex 67.5 -4.33013 0
    endloop
  endfacet
  facet normal -0 0 -1
    outer loop
      vertex 68.9955 -1.30903 0
      vertex 66.9562 -3.96677 0
      vertex 68.8333 -1.16673 0
    endloop
  endfacet
  facet normal 0 0 -1
    outer loop
      vertex 66.4645 -3.53553 0
      vertex 68.8333 -1.16673 0
      vertex 66.9562 -3.96677 0
    endloop
  endfacet
  facet normal -0 0 -1
    outer loop
      vertex 68.8333 -1.16673 0
      vertex 66.4645 -3.53553 0
      vertex 68.691 -1.00446 0
    endloop
  endfacet
  facet normal -0 0 -1
    outer loop
      vertex 68.691 -1.00446 0
      vertex 66.0332 -3.04381 0
      vertex 68.5711 -0.825 0
    endloop
  endfacet
  facet normal 0 0 -1
    outer loop
      vertex 66.0332 -3.04381 0
      vertex 68.691 -1.00446 0
      vertex 66.4645 -3.53553 0
    endloop
  endfacet
  facet normal 0 0 -1
    outer loop
      vertex 71.309 1.00446 0
      vertex 73.9668 3.04381 0
      vertex 71.4289 0.825 0
    endloop
  endfacet
  facet normal -0 0 -1
    outer loop
      vertex 73.9668 3.04381 0
      vertex 71.309 1.00446 0
      vertex 73.5355 3.53553 0
    endloop
  endfacet
  facet normal 0 0 -1
    outer loop
      vertex 71.1667 1.16673 0
      vertex 73.5355 3.53553 0
      vertex 71.309 1.00446 0
    endloop
  endfacet
  facet normal -0 0 -1
    outer loop
      vertex 73.5355 3.53553 0
      vertex 71.1667 1.16673 0
      vertex 73.0438 3.96677 0
    endloop
  endfacet
  facet normal 0 0 -1
    outer loop
      vertex 71.0045 1.30903 0
      vertex 73.0438 3.96677 0
      vertex 71.1667 1.16673 0
    endloop
  endfacet
  facet normal -0 0 -1
    outer loop
      vertex 73.0438 3.96677 0
      vertex 71.0045 1.30903 0
      vertex 72.5 4.33013 0
    endloop
  endfacet
  facet normal 0 0 -1
    outer loop
      vertex 70.825 1.42894 0
      vertex 72.5 4.33013 0
      vertex 71.0045 1.30903 0
    endloop
  endfacet
  facet normal -0 0 -1
    outer loop
      vertex 72.5 4.33013 0
      vertex 70.825 1.42894 0
      vertex 71.9134 4.6194 0
    endloop
  endfacet
  facet normal 0 0 -1
    outer loop
      vertex 70.6314 1.5244 0
      vertex 71.9134 4.6194 0
      vertex 70.825 1.42894 0
    endloop
  endfacet
  facet normal -0 0 -1
    outer loop
      vertex 71.9134 4.6194 0
      vertex 70.6314 1.5244 0
      vertex 71.2941 4.82963 0
    endloop
  endfacet
  facet normal 0 0 -1
    outer loop
      vertex 70.427 1.59378 0
      vertex 71.2941 4.82963 0
      vertex 70.6314 1.5244 0
    endloop
  endfacet
  facet normal -0 0 -1
    outer loop
      vertex 71.2941 4.82963 0
      vertex 70.427 1.59378 0
      vertex 70.6526 4.95722 0
    endloop
  endfacet
  facet normal 0 0 -1
    outer loop
      vertex 70.2154 1.63588 0
      vertex 70.6526 4.95722 0
      vertex 70.427 1.59378 0
    endloop
  endfacet
  facet normal 0 0 -1
    outer loop
      vertex 70 1.65 0
      vertex 70.6526 4.95722 0
      vertex 70.2154 1.63588 0
    endloop
  endfacet
  facet normal 0 0 -1
    outer loop
      vertex 70 1.65 0
      vertex 70 5 0
      vertex 70.6526 4.95722 0
    endloop
  endfacet
  facet normal 0 0 -1
    outer loop
      vertex 69.7846 1.63588 0
      vertex 70 5 0
      vertex 70 1.65 0
    endloop
  endfacet
  facet normal 0 0 -1
    outer loop
      vertex 69.3474 4.95722 0
      vertex 69.7846 1.63588 0
      vertex 69.573 1.59378 0
    endloop
  endfacet
  facet normal 0 0 -1
    outer loop
      vertex 68.7059 4.82963 0
      vertex 69.573 1.59378 0
      vertex 69.3686 1.5244 0
    endloop
  endfacet
  facet normal 0 0 -1
    outer loop
      vertex 69.7846 1.63588 0
      vertex 69.3474 4.95722 0
      vertex 70 5 0
    endloop
  endfacet
  facet normal 0 0 -1
    outer loop
      vertex 68.0866 4.6194 0
      vertex 69.3686 1.5244 0
      vertex 69.175 1.42894 0
    endloop
  endfacet
  facet normal 0 0 -1
    outer loop
      vertex 67.5 4.33013 0
      vertex 69.175 1.42894 0
      vertex 68.9955 1.30903 0
    endloop
  endfacet
  facet normal 0 0 -1
    outer loop
      vertex 66.9562 3.96677 0
      vertex 68.9955 1.30903 0
      vertex 68.8333 1.16673 0
    endloop
  endfacet
  facet normal 0 0 -1
    outer loop
      vertex 69.573 1.59378 0
      vertex 68.7059 4.82963 0
      vertex 69.3474 4.95722 0
    endloop
  endfacet
  facet normal 0 0 -1
    outer loop
      vertex 66.4645 3.53553 0
      vertex 68.8333 1.16673 0
      vertex 68.691 1.00446 0
    endloop
  endfacet
  facet normal 0 0 -1
    outer loop
      vertex 66.0332 3.04381 0
      vertex 68.691 1.00446 0
      vertex 68.5711 0.825 0
    endloop
  endfacet
  facet normal 0 0 -1
    outer loop
      vertex 65.6699 2.5 0
      vertex 68.5711 0.825 0
      vertex 68.4756 0.631427 0
    endloop
  endfacet
  facet normal 0 0 -1
    outer loop
      vertex 65.3806 1.91342 0
      vertex 68.4756 0.631427 0
      vertex 68.4062 0.427051 0
    endloop
  endfacet
  facet normal 0 0 -1
    outer loop
      vertex 65.1704 1.2941 0
      vertex 68.4062 0.427051 0
      vertex 68.3641 0.215367 0
    endloop
  endfacet
  facet normal 0 0 -1
    outer loop
      vertex 69.3686 1.5244 0
      vertex 68.0866 4.6194 0
      vertex 68.7059 4.82963 0
    endloop
  endfacet
  facet normal 0 0 -1
    outer loop
      vertex 65.0428 0.652631 0
      vertex 68.3641 0.215367 0
      vertex 68.35 0 0
    endloop
  endfacet
  facet normal 0 0 -1
    outer loop
      vertex 65.6699 -2.5 0
      vertex 68.5711 -0.825 0
      vertex 66.0332 -3.04381 0
    endloop
  endfacet
  facet normal -0 0 -1
    outer loop
      vertex 68.5711 -0.825 0
      vertex 65.6699 -2.5 0
      vertex 68.4756 -0.631427 0
    endloop
  endfacet
  facet normal 0 0 -1
    outer loop
      vertex 69.175 1.42894 0
      vertex 67.5 4.33013 0
      vertex 68.0866 4.6194 0
    endloop
  endfacet
  facet normal 0 0 -1
    outer loop
      vertex 65.3806 -1.91342 0
      vertex 68.4756 -0.631427 0
      vertex 65.6699 -2.5 0
    endloop
  endfacet
  facet normal 0 0 -1
    outer loop
      vertex 68.9955 1.30903 0
      vertex 66.9562 3.96677 0
      vertex 67.5 4.33013 0
    endloop
  endfacet
  facet normal -0 0 -1
    outer loop
      vertex 68.4756 -0.631427 0
      vertex 65.3806 -1.91342 0
      vertex 68.4062 -0.427051 0
    endloop
  endfacet
  facet normal 0 0 -1
    outer loop
      vertex 68.8333 1.16673 0
      vertex 66.4645 3.53553 0
      vertex 66.9562 3.96677 0
    endloop
  endfacet
  facet normal 0 0 -1
    outer loop
      vertex 65.1704 -1.2941 0
      vertex 68.4062 -0.427051 0
      vertex 65.3806 -1.91342 0
    endloop
  endfacet
  facet normal 0 0 -1
    outer loop
      vertex 68.691 1.00446 0
      vertex 66.0332 3.04381 0
      vertex 66.4645 3.53553 0
    endloop
  endfacet
  facet normal -0 0 -1
    outer loop
      vertex 68.4062 -0.427051 0
      vertex 65.1704 -1.2941 0
      vertex 68.3641 -0.215367 0
    endloop
  endfacet
  facet normal 0 0 -1
    outer loop
      vertex 68.5711 0.825 0
      vertex 65.6699 2.5 0
      vertex 66.0332 3.04381 0
    endloop
  endfacet
  facet normal 0 0 -1
    outer loop
      vertex 65.0428 -0.652631 0
      vertex 68.3641 -0.215367 0
      vertex 65.1704 -1.2941 0
    endloop
  endfacet
  facet normal 0 0 -1
    outer loop
      vertex 68.4756 0.631427 0
      vertex 65.3806 1.91342 0
      vertex 65.6699 2.5 0
    endloop
  endfacet
  facet normal -0 0 -1
    outer loop
      vertex 68.3641 -0.215367 0
      vertex 65.0428 -0.652631 0
      vertex 68.35 0 0
    endloop
  endfacet
  facet normal 0 0 -1
    outer loop
      vertex 68.4062 0.427051 0
      vertex 65.1704 1.2941 0
      vertex 65.3806 1.91342 0
    endloop
  endfacet
  facet normal 0 0 -1
    outer loop
      vertex 65 0 0
      vertex 68.35 0 0
      vertex 65.0428 -0.652631 0
    endloop
  endfacet
  facet normal 0 0 -1
    outer loop
      vertex 68.3641 0.215367 0
      vertex 65.0428 0.652631 0
      vertex 65.1704 1.2941 0
    endloop
  endfacet
  facet normal 0 0 -1
    outer loop
      vertex 68.35 0 0
      vertex 65 0 0
      vertex 65.0428 0.652631 0
    endloop
  endfacet
  facet normal -0.980784 -0.195096 0
    outer loop
      vertex 65.1704 -1.2941 0
      vertex 65.0428 -0.652631 34
      vertex 65.0428 -0.652631 0
    endloop
  endfacet
  facet normal -0.980784 -0.195096 0
    outer loop
      vertex 65.0428 -0.652631 34
      vertex 65.1704 -1.2941 0
      vertex 65.1704 -1.2941 34
    endloop
  endfacet
  facet normal -0.751784 -0.659409 0
    outer loop
      vertex 66.4645 -3.53553 0
      vertex 66.0332 -3.04381 34
      vertex 66.0332 -3.04381 0
    endloop
  endfacet
  facet normal -0.751784 -0.659409 0
    outer loop
      vertex 66.0332 -3.04381 34
      vertex 66.4645 -3.53553 0
      vertex 66.4645 -3.53553 34
    endloop
  endfacet
  facet normal 0 0 1
    outer loop
      vertex 71.65 0 34
      vertex 75 0 34
      vertex 74.9572 0.652631 34
    endloop
  endfacet
  facet normal 0 0 1
    outer loop
      vertex 71.6359 0.215367 34
      vertex 74.9572 0.652631 34
      vertex 74.8296 1.2941 34
    endloop
  endfacet
  facet normal 0 0 1
    outer loop
      vertex 75 0 34
      vertex 71.65 0 34
      vertex 74.9572 -0.652631 34
    endloop
  endfacet
  facet normal 0 0 1
    outer loop
      vertex 71.5938 0.427051 34
      vertex 74.8296 1.2941 34
      vertex 74.6194 1.91342 34
    endloop
  endfacet
  facet normal -0 0 1
    outer loop
      vertex 71.6359 -0.215367 34
      vertex 74.9572 -0.652631 34
      vertex 71.65 0 34
    endloop
  endfacet
  facet normal 0 0 1
    outer loop
      vertex 71.5244 0.631427 34
      vertex 74.6194 1.91342 34
      vertex 74.3301 2.5 34
    endloop
  endfacet
  facet normal 0 0 1
    outer loop
      vertex 74.9572 -0.652631 34
      vertex 71.6359 -0.215367 34
      vertex 74.8296 -1.2941 34
    endloop
  endfacet
  facet normal 0 0 1
    outer loop
      vertex 71.4289 0.825 34
      vertex 74.3301 2.5 34
      vertex 73.9668 3.04381 34
    endloop
  endfacet
  facet normal -0 0 1
    outer loop
      vertex 71.5938 -0.427051 34
      vertex 74.8296 -1.2941 34
      vertex 71.6359 -0.215367 34
    endloop
  endfacet
  facet normal 0 0 1
    outer loop
      vertex 71.309 1.00446 34
      vertex 73.9668 3.04381 34
      vertex 73.5355 3.53553 34
    endloop
  endfacet
  facet normal 0 0 1
    outer loop
      vertex 74.8296 -1.2941 34
      vertex 71.5938 -0.427051 34
      vertex 74.6194 -1.91342 34
    endloop
  endfacet
  facet normal 0 0 1
    outer loop
      vertex 71.1667 1.16673 34
      vertex 73.5355 3.53553 34
      vertex 73.0438 3.96677 34
    endloop
  endfacet
  facet normal -0 0 1
    outer loop
      vertex 71.5244 -0.631427 34
      vertex 74.6194 -1.91342 34
      vertex 71.5938 -0.427051 34
    endloop
  endfacet
  facet normal 0 0 1
    outer loop
      vertex 71.0045 1.30903 34
      vertex 73.0438 3.96677 34
      vertex 72.5 4.33013 34
    endloop
  endfacet
  facet normal 0 0 1
    outer loop
      vertex 74.6194 -1.91342 34
      vertex 71.5244 -0.631427 34
      vertex 74.3301 -2.5 34
    endloop
  endfacet
  facet normal 0 0 1
    outer loop
      vertex 70.825 1.42894 34
      vertex 72.5 4.33013 34
      vertex 71.9134 4.6194 34
    endloop
  endfacet
  facet normal -0 0 1
    outer loop
      vertex 71.4289 -0.825 34
      vertex 74.3301 -2.5 34
      vertex 71.5244 -0.631427 34
    endloop
  endfacet
  facet normal 0 0 1
    outer loop
      vertex 74.3301 -2.5 34
      vertex 71.4289 -0.825 34
      vertex 73.9668 -3.04381 34
    endloop
  endfacet
  facet normal 0 0 1
    outer loop
      vertex 74.9572 0.652631 34
      vertex 71.6359 0.215367 34
      vertex 71.65 0 34
    endloop
  endfacet
  facet normal 0 0 1
    outer loop
      vertex 74.8296 1.2941 34
      vertex 71.5938 0.427051 34
      vertex 71.6359 0.215367 34
    endloop
  endfacet
  facet normal 0 0 1
    outer loop
      vertex 74.6194 1.91342 34
      vertex 71.5244 0.631427 34
      vertex 71.5938 0.427051 34
    endloop
  endfacet
  facet normal 0 0 1
    outer loop
      vertex 74.3301 2.5 34
      vertex 71.4289 0.825 34
      vertex 71.5244 0.631427 34
    endloop
  endfacet
  facet normal 0 0 1
    outer loop
      vertex 73.9668 3.04381 34
      vertex 71.309 1.00446 34
      vertex 71.4289 0.825 34
    endloop
  endfacet
  facet normal 0 0 1
    outer loop
      vertex 70.6314 1.5244 34
      vertex 71.9134 4.6194 34
      vertex 71.2941 4.82963 34
    endloop
  endfacet
  facet normal 0 0 1
    outer loop
      vertex 73.5355 3.53553 34
      vertex 71.1667 1.16673 34
      vertex 71.309 1.00446 34
    endloop
  endfacet
  facet normal 0 0 1
    outer loop
      vertex 73.0438 3.96677 34
      vertex 71.0045 1.30903 34
      vertex 71.1667 1.16673 34
    endloop
  endfacet
  facet normal 0 0 1
    outer loop
      vertex 72.5 4.33013 34
      vertex 70.825 1.42894 34
      vertex 71.0045 1.30903 34
    endloop
  endfacet
  facet normal 0 0 1
    outer loop
      vertex 70.427 1.59378 34
      vertex 71.2941 4.82963 34
      vertex 70.6526 4.95722 34
    endloop
  endfacet
  facet normal 0 0 1
    outer loop
      vertex 71.9134 4.6194 34
      vertex 70.6314 1.5244 34
      vertex 70.825 1.42894 34
    endloop
  endfacet
  facet normal 0 0 1
    outer loop
      vertex 71.2941 4.82963 34
      vertex 70.427 1.59378 34
      vertex 70.6314 1.5244 34
    endloop
  endfacet
  facet normal 0 0 1
    outer loop
      vertex 70.6526 4.95722 34
      vertex 70.2154 1.63588 34
      vertex 70.427 1.59378 34
    endloop
  endfacet
  facet normal 0 0 1
    outer loop
      vertex 70 5 34
      vertex 70.2154 1.63588 34
      vertex 70.6526 4.95722 34
    endloop
  endfacet
  facet normal 0 0 1
    outer loop
      vertex 70 5 34
      vertex 70 1.65 34
      vertex 70.2154 1.63588 34
    endloop
  endfacet
  facet normal 0 0 1
    outer loop
      vertex 70 5 34
      vertex 69.7846 1.63588 34
      vertex 70 1.65 34
    endloop
  endfacet
  facet normal -0 0 1
    outer loop
      vertex 69.3474 4.95722 34
      vertex 69.7846 1.63588 34
      vertex 70 5 34
    endloop
  endfacet
  facet normal 0 0 1
    outer loop
      vertex 69.7846 1.63588 34
      vertex 69.3474 4.95722 34
      vertex 69.573 1.59378 34
    endloop
  endfacet
  facet normal -0 0 1
    outer loop
      vertex 68.7059 4.82963 34
      vertex 69.573 1.59378 34
      vertex 69.3474 4.95722 34
    endloop
  endfacet
  facet normal 0 0 1
    outer loop
      vertex 69.573 1.59378 34
      vertex 68.7059 4.82963 34
      vertex 69.3686 1.5244 34
    endloop
  endfacet
  facet normal -0 0 1
    outer loop
      vertex 68.0866 4.6194 34
      vertex 69.3686 1.5244 34
      vertex 68.7059 4.82963 34
    endloop
  endfacet
  facet normal 0 0 1
    outer loop
      vertex 69.3686 1.5244 34
      vertex 68.0866 4.6194 34
      vertex 69.175 1.42894 34
    endloop
  endfacet
  facet normal -0 0 1
    outer loop
      vertex 67.5 4.33013 34
      vertex 69.175 1.42894 34
      vertex 68.0866 4.6194 34
    endloop
  endfacet
  facet normal 0 0 1
    outer loop
      vertex 69.175 1.42894 34
      vertex 67.5 4.33013 34
      vertex 68.9955 1.30903 34
    endloop
  endfacet
  facet normal -0 0 1
    outer loop
      vertex 66.9562 3.96677 34
      vertex 68.9955 1.30903 34
      vertex 67.5 4.33013 34
    endloop
  endfacet
  facet normal 0 0 1
    outer loop
      vertex 68.9955 1.30903 34
      vertex 66.9562 3.96677 34
      vertex 68.8333 1.16673 34
    endloop
  endfacet
  facet normal -0 0 1
    outer loop
      vertex 66.4645 3.53553 34
      vertex 68.8333 1.16673 34
      vertex 66.9562 3.96677 34
    endloop
  endfacet
  facet normal 0 0 1
    outer loop
      vertex 68.8333 1.16673 34
      vertex 66.4645 3.53553 34
      vertex 68.691 1.00446 34
    endloop
  endfacet
  facet normal 0 0 1
    outer loop
      vertex 68.691 1.00446 34
      vertex 66.0332 3.04381 34
      vertex 68.5711 0.825 34
    endloop
  endfacet
  facet normal -0 0 1
    outer loop
      vertex 66.0332 3.04381 34
      vertex 68.691 1.00446 34
      vertex 66.4645 3.53553 34
    endloop
  endfacet
  facet normal -0 0 1
    outer loop
      vertex 71.309 -1.00446 34
      vertex 73.9668 -3.04381 34
      vertex 71.4289 -0.825 34
    endloop
  endfacet
  facet normal 0 0 1
    outer loop
      vertex 73.9668 -3.04381 34
      vertex 71.309 -1.00446 34
      vertex 73.5355 -3.53553 34
    endloop
  endfacet
  facet normal -0 0 1
    outer loop
      vertex 71.1667 -1.16673 34
      vertex 73.5355 -3.53553 34
      vertex 71.309 -1.00446 34
    endloop
  endfacet
  facet normal 0 0 1
    outer loop
      vertex 73.5355 -3.53553 34
      vertex 71.1667 -1.16673 34
      vertex 73.0438 -3.96677 34
    endloop
  endfacet
  facet normal -0 0 1
    outer loop
      vertex 71.0045 -1.30903 34
      vertex 73.0438 -3.96677 34
      vertex 71.1667 -1.16673 34
    endloop
  endfacet
  facet normal 0 0 1
    outer loop
      vertex 73.0438 -3.96677 34
      vertex 71.0045 -1.30903 34
      vertex 72.5 -4.33013 34
    endloop
  endfacet
  facet normal -0 0 1
    outer loop
      vertex 70.825 -1.42894 34
      vertex 72.5 -4.33013 34
      vertex 71.0045 -1.30903 34
    endloop
  endfacet
  facet normal 0 0 1
    outer loop
      vertex 72.5 -4.33013 34
      vertex 70.825 -1.42894 34
      vertex 71.9134 -4.6194 34
    endloop
  endfacet
  facet normal -0 0 1
    outer loop
      vertex 70.6314 -1.5244 34
      vertex 71.9134 -4.6194 34
      vertex 70.825 -1.42894 34
    endloop
  endfacet
  facet normal 0 0 1
    outer loop
      vertex 71.9134 -4.6194 34
      vertex 70.6314 -1.5244 34
      vertex 71.2941 -4.82963 34
    endloop
  endfacet
  facet normal -0 0 1
    outer loop
      vertex 70.427 -1.59378 34
      vertex 71.2941 -4.82963 34
      vertex 70.6314 -1.5244 34
    endloop
  endfacet
  facet normal 0 0 1
    outer loop
      vertex 71.2941 -4.82963 34
      vertex 70.427 -1.59378 34
      vertex 70.6526 -4.95722 34
    endloop
  endfacet
  facet normal -0 0 1
    outer loop
      vertex 70.2154 -1.63588 34
      vertex 70.6526 -4.95722 34
      vertex 70.427 -1.59378 34
    endloop
  endfacet
  facet normal -0 0 1
    outer loop
      vertex 70 -1.65 34
      vertex 70.6526 -4.95722 34
      vertex 70.2154 -1.63588 34
    endloop
  endfacet
  facet normal 0 0 1
    outer loop
      vertex 70 -1.65 34
      vertex 70 -5 34
      vertex 70.6526 -4.95722 34
    endloop
  endfacet
  facet normal 0 0 1
    outer loop
      vertex 69.7846 -1.63588 34
      vertex 70 -5 34
      vertex 70 -1.65 34
    endloop
  endfacet
  facet normal 0 0 1
    outer loop
      vertex 69.3474 -4.95722 34
      vertex 69.7846 -1.63588 34
      vertex 69.573 -1.59378 34
    endloop
  endfacet
  facet normal 0 0 1
    outer loop
      vertex 68.7059 -4.82963 34
      vertex 69.573 -1.59378 34
      vertex 69.3686 -1.5244 34
    endloop
  endfacet
  facet normal 0 0 1
    outer loop
      vertex 69.7846 -1.63588 34
      vertex 69.3474 -4.95722 34
      vertex 70 -5 34
    endloop
  endfacet
  facet normal 0 0 1
    outer loop
      vertex 68.0866 -4.6194 34
      vertex 69.3686 -1.5244 34
      vertex 69.175 -1.42894 34
    endloop
  endfacet
  facet normal 0 0 1
    outer loop
      vertex 67.5 -4.33013 34
      vertex 69.175 -1.42894 34
      vertex 68.9955 -1.30903 34
    endloop
  endfacet
  facet normal 0 0 1
    outer loop
      vertex 66.9562 -3.96677 34
      vertex 68.9955 -1.30903 34
      vertex 68.8333 -1.16673 34
    endloop
  endfacet
  facet normal 0 0 1
    outer loop
      vertex 69.573 -1.59378 34
      vertex 68.7059 -4.82963 34
      vertex 69.3474 -4.95722 34
    endloop
  endfacet
  facet normal 0 0 1
    outer loop
      vertex 66.4645 -3.53553 34
      vertex 68.8333 -1.16673 34
      vertex 68.691 -1.00446 34
    endloop
  endfacet
  facet normal 0 0 1
    outer loop
      vertex 66.0332 -3.04381 34
      vertex 68.691 -1.00446 34
      vertex 68.5711 -0.825 34
    endloop
  endfacet
  facet normal 0 0 1
    outer loop
      vertex 65.6699 -2.5 34
      vertex 68.5711 -0.825 34
      vertex 68.4756 -0.631427 34
    endloop
  endfacet
  facet normal 0 0 1
    outer loop
      vertex 65.3806 -1.91342 34
      vertex 68.4756 -0.631427 34
      vertex 68.4062 -0.427051 34
    endloop
  endfacet
  facet normal 0 0 1
    outer loop
      vertex 65.1704 -1.2941 34
      vertex 68.4062 -0.427051 34
      vertex 68.3641 -0.215367 34
    endloop
  endfacet
  facet normal 0 0 1
    outer loop
      vertex 69.3686 -1.5244 34
      vertex 68.0866 -4.6194 34
      vertex 68.7059 -4.82963 34
    endloop
  endfacet
  facet normal 0 0 1
    outer loop
      vertex 65.0428 -0.652631 34
      vertex 68.3641 -0.215367 34
      vertex 68.35 0 34
    endloop
  endfacet
  facet normal -0 0 1
    outer loop
      vertex 65.6699 2.5 34
      vertex 68.5711 0.825 34
      vertex 66.0332 3.04381 34
    endloop
  endfacet
  facet normal 0 0 1
    outer loop
      vertex 68.5711 0.825 34
      vertex 65.6699 2.5 34
      vertex 68.4756 0.631427 34
    endloop
  endfacet
  facet normal 0 0 1
    outer loop
      vertex 69.175 -1.42894 34
      vertex 67.5 -4.33013 34
      vertex 68.0866 -4.6194 34
    endloop
  endfacet
  facet normal -0 0 1
    outer loop
      vertex 65.3806 1.91342 34
      vertex 68.4756 0.631427 34
      vertex 65.6699 2.5 34
    endloop
  endfacet
  facet normal 0 0 1
    outer loop
      vertex 68.9955 -1.30903 34
      vertex 66.9562 -3.96677 34
      vertex 67.5 -4.33013 34
    endloop
  endfacet
  facet normal 0 0 1
    outer loop
      vertex 68.4756 0.631427 34
      vertex 65.3806 1.91342 34
      vertex 68.4062 0.427051 34
    endloop
  endfacet
  facet normal 0 0 1
    outer loop
      vertex 68.8333 -1.16673 34
      vertex 66.4645 -3.53553 34
      vertex 66.9562 -3.96677 34
    endloop
  endfacet
  facet normal -0 0 1
    outer loop
      vertex 65.1704 1.2941 34
      vertex 68.4062 0.427051 34
      vertex 65.3806 1.91342 34
    endloop
  endfacet
  facet normal 0 0 1
    outer loop
      vertex 68.691 -1.00446 34
      vertex 66.0332 -3.04381 34
      vertex 66.4645 -3.53553 34
    endloop
  endfacet
  facet normal 0 0 1
    outer loop
      vertex 68.4062 0.427051 34
      vertex 65.1704 1.2941 34
      vertex 68.3641 0.215367 34
    endloop
  endfacet
  facet normal 0 0 1
    outer loop
      vertex 68.5711 -0.825 34
      vertex 65.6699 -2.5 34
      vertex 66.0332 -3.04381 34
    endloop
  endfacet
  facet normal -0 0 1
    outer loop
      vertex 65.0428 0.652631 34
      vertex 68.3641 0.215367 34
      vertex 65.1704 1.2941 34
    endloop
  endfacet
  facet normal 0 0 1
    outer loop
      vertex 68.4756 -0.631427 34
      vertex 65.3806 -1.91342 34
      vertex 65.6699 -2.5 34
    endloop
  endfacet
  facet normal 0 0 1
    outer loop
      vertex 68.3641 0.215367 34
      vertex 65.0428 0.652631 34
      vertex 68.35 0 34
    endloop
  endfacet
  facet normal 0 0 1
    outer loop
      vertex 68.4062 -0.427051 34
      vertex 65.1704 -1.2941 34
      vertex 65.3806 -1.91342 34
    endloop
  endfacet
  facet normal 0 0 1
    outer loop
      vertex 65 0 34
      vertex 68.35 0 34
      vertex 65.0428 0.652631 34
    endloop
  endfacet
  facet normal 0 0 1
    outer loop
      vertex 68.3641 -0.215367 34
      vertex 65.0428 -0.652631 34
      vertex 65.1704 -1.2941 34
    endloop
  endfacet
  facet normal 0 0 1
    outer loop
      vertex 68.35 0 34
      vertex 65 0 34
      vertex 65.0428 -0.652631 34
    endloop
  endfacet
  facet normal -0.195072 -0.980789 0
    outer loop
      vertex 68.7059 -4.82963 0
      vertex 69.3474 -4.95722 34
      vertex 68.7059 -4.82963 34
    endloop
  endfacet
  facet normal -0.195072 -0.980789 -0
    outer loop
      vertex 69.3474 -4.95722 34
      vertex 68.7059 -4.82963 0
      vertex 69.3474 -4.95722 0
    endloop
  endfacet
  facet normal -0.831514 0.555504 0
    outer loop
      vertex 65.6699 2.5 0
      vertex 66.0332 3.04381 34
      vertex 66.0332 3.04381 0
    endloop
  endfacet
  facet normal -0.831514 0.555504 0
    outer loop
      vertex 66.0332 3.04381 34
      vertex 65.6699 2.5 0
      vertex 65.6699 2.5 34
    endloop
  endfacet
  facet normal -0.0654128 -0.997858 0
    outer loop
      vertex 69.3474 -4.95722 0
      vertex 70 -5 34
      vertex 69.3474 -4.95722 34
    endloop
  endfacet
  facet normal -0.0654128 -0.997858 -0
    outer loop
      vertex 70 -5 34
      vertex 69.3474 -4.95722 0
      vertex 70 -5 0
    endloop
  endfacet
  facet normal -0.0654121 0.997858 0
    outer loop
      vertex 70.2154 -1.63588 0
      vertex 70 -1.65 34
      vertex 70.2154 -1.63588 34
    endloop
  endfacet
  facet normal -0.0654121 0.997858 0
    outer loop
      vertex 70 -1.65 34
      vertex 70.2154 -1.63588 0
      vertex 70 -1.65 0
    endloop
  endfacet
  facet normal -0.980791 -0.195061 0
    outer loop
      vertex 71.6359 0.215367 0
      vertex 71.5938 0.427051 34
      vertex 71.5938 0.427051 0
    endloop
  endfacet
  facet normal -0.980791 -0.195061 0
    outer loop
      vertex 71.5938 0.427051 34
      vertex 71.6359 0.215367 0
      vertex 71.6359 0.215367 34
    endloop
  endfacet
  facet normal -0.997864 -0.0653298 0
    outer loop
      vertex 71.65 0 0
      vertex 71.6359 0.215367 34
      vertex 71.6359 0.215367 0
    endloop
  endfacet
  facet normal -0.997864 -0.0653298 0
    outer loop
      vertex 71.6359 0.215367 34
      vertex 71.65 0 0
      vertex 71.65 0 34
    endloop
  endfacet
  facet normal -0.946897 -0.321538 0
    outer loop
      vertex 71.5938 0.427051 0
      vertex 71.5244 0.631427 34
      vertex 71.5244 0.631427 0
    endloop
  endfacet
  facet normal -0.946897 -0.321538 0
    outer loop
      vertex 71.5244 0.631427 34
      vertex 71.5938 0.427051 0
      vertex 71.5938 0.427051 34
    endloop
  endfacet
  facet normal -0.0654121 -0.997858 0
    outer loop
      vertex 70 1.65 0
      vertex 70.2154 1.63588 34
      vertex 70 1.65 34
    endloop
  endfacet
  facet normal -0.0654121 -0.997858 -0
    outer loop
      vertex 70.2154 1.63588 34
      vertex 70 1.65 0
      vertex 70.2154 1.63588 0
    endloop
  endfacet
  facet normal 0.659488 0.751715 -0
    outer loop
      vertex 68.9955 -1.30903 0
      vertex 68.8333 -1.16673 34
      vertex 68.9955 -1.30903 34
    endloop
  endfacet
  facet normal 0.659488 0.751715 0
    outer loop
      vertex 68.8333 -1.16673 34
      vertex 68.9955 -1.30903 0
      vertex 68.8333 -1.16673 0
    endloop
  endfacet
  facet normal 0.997864 0.0653298 0
    outer loop
      vertex 68.3641 -0.215367 34
      vertex 68.35 0 0
      vertex 68.35 0 34
    endloop
  endfacet
  facet normal 0.997864 0.0653298 0
    outer loop
      vertex 68.35 0 0
      vertex 68.3641 -0.215367 34
      vertex 68.3641 -0.215367 0
    endloop
  endfacet
  facet normal 0.659488 -0.751715 0
    outer loop
      vertex 68.8333 1.16673 0
      vertex 68.9955 1.30903 34
      vertex 68.8333 1.16673 34
    endloop
  endfacet
  facet normal 0.659488 -0.751715 0
    outer loop
      vertex 68.9955 1.30903 34
      vertex 68.8333 1.16673 0
      vertex 68.9955 1.30903 0
    endloop
  endfacet
  facet normal -0.751856 -0.659328 0
    outer loop
      vertex 71.309 1.00446 0
      vertex 71.1667 1.16673 34
      vertex 71.1667 1.16673 0
    endloop
  endfacet
  facet normal -0.751856 -0.659328 0
    outer loop
      vertex 71.1667 1.16673 34
      vertex 71.309 1.00446 0
      vertex 71.309 1.00446 34
    endloop
  endfacet
  facet normal -0.997864 0.0653298 0
    outer loop
      vertex 71.6359 -0.215367 0
      vertex 71.65 0 34
      vertex 71.65 0 0
    endloop
  endfacet
  facet normal -0.997864 0.0653298 0
    outer loop
      vertex 71.65 0 34
      vertex 71.6359 -0.215367 0
      vertex 71.6359 -0.215367 34
    endloop
  endfacet
  facet normal -0.44224 -0.896897 0
    outer loop
      vertex 70.6314 1.5244 0
      vertex 70.825 1.42894 34
      vertex 70.6314 1.5244 34
    endloop
  endfacet
  facet normal -0.44224 -0.896897 -0
    outer loop
      vertex 70.825 1.42894 34
      vertex 70.6314 1.5244 0
      vertex 70.825 1.42894 0
    endloop
  endfacet
  facet normal -0.896799 0.442439 0
    outer loop
      vertex 71.4289 -0.825 0
      vertex 71.5244 -0.631427 34
      vertex 71.5244 -0.631427 0
    endloop
  endfacet
  facet normal -0.896799 0.442439 0
    outer loop
      vertex 71.5244 -0.631427 34
      vertex 71.4289 -0.825 0
      vertex 71.4289 -0.825 34
    endloop
  endfacet
  facet normal 0.321421 0.946936 -0
    outer loop
      vertex 69.573 -1.59378 0
      vertex 69.3686 -1.5244 34
      vertex 69.573 -1.59378 34
    endloop
  endfacet
  facet normal 0.321421 0.946936 0
    outer loop
      vertex 69.3686 -1.5244 34
      vertex 69.573 -1.59378 0
      vertex 69.3686 -1.5244 0
    endloop
  endfacet
  facet normal -0.831494 -0.555534 0
    outer loop
      vertex 71.4289 0.825 0
      vertex 71.309 1.00446 34
      vertex 71.309 1.00446 0
    endloop
  endfacet
  facet normal -0.831494 -0.555534 0
    outer loop
      vertex 71.309 1.00446 34
      vertex 71.4289 0.825 0
      vertex 71.4289 0.825 34
    endloop
  endfacet
  facet normal -0.896799 -0.442439 0
    outer loop
      vertex 71.5244 0.631427 0
      vertex 71.4289 0.825 34
      vertex 71.4289 0.825 0
    endloop
  endfacet
  facet normal -0.896799 -0.442439 0
    outer loop
      vertex 71.4289 0.825 34
      vertex 71.5244 0.631427 0
      vertex 71.5244 0.631427 34
    endloop
  endfacet
  facet normal 0.831494 0.555534 0
    outer loop
      vertex 68.691 -1.00446 34
      vertex 68.5711 -0.825 0
      vertex 68.5711 -0.825 34
    endloop
  endfacet
  facet normal 0.831494 0.555534 0
    outer loop
      vertex 68.5711 -0.825 0
      vertex 68.691 -1.00446 34
      vertex 68.691 -1.00446 0
    endloop
  endfacet
  facet normal -0.44224 0.896897 0
    outer loop
      vertex 70.825 -1.42894 0
      vertex 70.6314 -1.5244 34
      vertex 70.825 -1.42894 34
    endloop
  endfacet
  facet normal -0.44224 0.896897 0
    outer loop
      vertex 70.6314 -1.5244 34
      vertex 70.825 -1.42894 0
      vertex 70.6314 -1.5244 0
    endloop
  endfacet
  facet normal 0.44224 -0.896897 0
    outer loop
      vertex 69.175 1.42894 0
      vertex 69.3686 1.5244 34
      vertex 69.175 1.42894 34
    endloop
  endfacet
  facet normal 0.44224 -0.896897 0
    outer loop
      vertex 69.3686 1.5244 34
      vertex 69.175 1.42894 0
      vertex 69.3686 1.5244 0
    endloop
  endfacet
  facet normal 0.997864 -0.0653298 0
    outer loop
      vertex 68.35 0 34
      vertex 68.3641 0.215367 0
      vertex 68.3641 0.215367 34
    endloop
  endfacet
  facet normal 0.997864 -0.0653298 0
    outer loop
      vertex 68.3641 0.215367 0
      vertex 68.35 0 34
      vertex 68.35 0 0
    endloop
  endfacet
  facet normal -0.195136 -0.980776 0
    outer loop
      vertex 70.2154 1.63588 0
      vertex 70.427 1.59378 34
      vertex 70.2154 1.63588 34
    endloop
  endfacet
  facet normal -0.195136 -0.980776 -0
    outer loop
      vertex 70.427 1.59378 34
      vertex 70.2154 1.63588 0
      vertex 70.427 1.59378 0
    endloop
  endfacet
  facet normal 0.751856 -0.659328 0
    outer loop
      vertex 68.691 1.00446 34
      vertex 68.8333 1.16673 0
      vertex 68.8333 1.16673 34
    endloop
  endfacet
  facet normal 0.751856 -0.659328 0
    outer loop
      vertex 68.8333 1.16673 0
      vertex 68.691 1.00446 34
      vertex 68.691 1.00446 0
    endloop
  endfacet
  facet normal 0.946897 0.321538 0
    outer loop
      vertex 68.4756 -0.631427 34
      vertex 68.4062 -0.427051 0
      vertex 68.4062 -0.427051 34
    endloop
  endfacet
  facet normal 0.946897 0.321538 0
    outer loop
      vertex 68.4062 -0.427051 0
      vertex 68.4756 -0.631427 34
      vertex 68.4756 -0.631427 0
    endloop
  endfacet
  facet normal -0.946897 0.321538 0
    outer loop
      vertex 71.5244 -0.631427 0
      vertex 71.5938 -0.427051 34
      vertex 71.5938 -0.427051 0
    endloop
  endfacet
  facet normal -0.946897 0.321538 0
    outer loop
      vertex 71.5938 -0.427051 34
      vertex 71.5244 -0.631427 0
      vertex 71.5244 -0.631427 34
    endloop
  endfacet
  facet normal 0.980791 -0.195061 0
    outer loop
      vertex 68.3641 0.215367 34
      vertex 68.4062 0.427051 0
      vertex 68.4062 0.427051 34
    endloop
  endfacet
  facet normal 0.980791 -0.195061 0
    outer loop
      vertex 68.4062 0.427051 0
      vertex 68.3641 0.215367 34
      vertex 68.3641 0.215367 0
    endloop
  endfacet
  facet normal 0.44224 0.896897 -0
    outer loop
      vertex 69.3686 -1.5244 0
      vertex 69.175 -1.42894 34
      vertex 69.3686 -1.5244 34
    endloop
  endfacet
  facet normal 0.44224 0.896897 0
    outer loop
      vertex 69.175 -1.42894 34
      vertex 69.3686 -1.5244 0
      vertex 69.175 -1.42894 0
    endloop
  endfacet
  facet normal 0.55548 -0.83153 0
    outer loop
      vertex 68.9955 1.30903 0
      vertex 69.175 1.42894 34
      vertex 68.9955 1.30903 34
    endloop
  endfacet
  facet normal 0.55548 -0.83153 0
    outer loop
      vertex 69.175 1.42894 34
      vertex 68.9955 1.30903 0
      vertex 69.175 1.42894 0
    endloop
  endfacet
  facet normal -0.659488 0.751715 0
    outer loop
      vertex 71.1667 -1.16673 0
      vertex 71.0045 -1.30903 34
      vertex 71.1667 -1.16673 34
    endloop
  endfacet
  facet normal -0.659488 0.751715 0
    outer loop
      vertex 71.0045 -1.30903 34
      vertex 71.1667 -1.16673 0
      vertex 71.0045 -1.30903 0
    endloop
  endfacet
  facet normal 0.321421 -0.946936 0
    outer loop
      vertex 69.3686 1.5244 0
      vertex 69.573 1.59378 34
      vertex 69.3686 1.5244 34
    endloop
  endfacet
  facet normal 0.321421 -0.946936 0
    outer loop
      vertex 69.573 1.59378 34
      vertex 69.3686 1.5244 0
      vertex 69.573 1.59378 0
    endloop
  endfacet
  facet normal -0.831494 0.555534 0
    outer loop
      vertex 71.309 -1.00446 0
      vertex 71.4289 -0.825 34
      vertex 71.4289 -0.825 0
    endloop
  endfacet
  facet normal -0.831494 0.555534 0
    outer loop
      vertex 71.4289 -0.825 34
      vertex 71.309 -1.00446 0
      vertex 71.309 -1.00446 34
    endloop
  endfacet
  facet normal -0.55548 0.83153 0
    outer loop
      vertex 71.0045 -1.30903 0
      vertex 70.825 -1.42894 34
      vertex 71.0045 -1.30903 34
    endloop
  endfacet
  facet normal -0.55548 0.83153 0
    outer loop
      vertex 70.825 -1.42894 34
      vertex 71.0045 -1.30903 0
      vertex 70.825 -1.42894 0
    endloop
  endfacet
  facet normal -0.751856 0.659328 0
    outer loop
      vertex 71.1667 -1.16673 0
      vertex 71.309 -1.00446 34
      vertex 71.309 -1.00446 0
    endloop
  endfacet
  facet normal -0.751856 0.659328 0
    outer loop
      vertex 71.309 -1.00446 34
      vertex 71.1667 -1.16673 0
      vertex 71.1667 -1.16673 34
    endloop
  endfacet
  facet normal -0.980791 0.195061 0
    outer loop
      vertex 71.5938 -0.427051 0
      vertex 71.6359 -0.215367 34
      vertex 71.6359 -0.215367 0
    endloop
  endfacet
  facet normal -0.980791 0.195061 0
    outer loop
      vertex 71.6359 -0.215367 34
      vertex 71.5938 -0.427051 0
      vertex 71.5938 -0.427051 34
    endloop
  endfacet
  facet normal 0.0654121 -0.997858 0
    outer loop
      vertex 69.7846 1.63588 0
      vertex 70 1.65 34
      vertex 69.7846 1.63588 34
    endloop
  endfacet
  facet normal 0.0654121 -0.997858 0
    outer loop
      vertex 70 1.65 34
      vertex 69.7846 1.63588 0
      vertex 70 1.65 0
    endloop
  endfacet
  facet normal 0.896799 0.442439 0
    outer loop
      vertex 68.5711 -0.825 34
      vertex 68.4756 -0.631427 0
      vertex 68.4756 -0.631427 34
    endloop
  endfacet
  facet normal 0.896799 0.442439 0
    outer loop
      vertex 68.4756 -0.631427 0
      vertex 68.5711 -0.825 34
      vertex 68.5711 -0.825 0
    endloop
  endfacet
  facet normal 0.55548 0.83153 -0
    outer loop
      vertex 69.175 -1.42894 0
      vertex 68.9955 -1.30903 34
      vertex 69.175 -1.42894 34
    endloop
  endfacet
  facet normal 0.55548 0.83153 0
    outer loop
      vertex 68.9955 -1.30903 34
      vertex 69.175 -1.42894 0
      vertex 68.9955 -1.30903 0
    endloop
  endfacet
  facet normal 0.896799 -0.442439 0
    outer loop
      vertex 68.4756 0.631427 34
      vertex 68.5711 0.825 0
      vertex 68.5711 0.825 34
    endloop
  endfacet
  facet normal 0.896799 -0.442439 0
    outer loop
      vertex 68.5711 0.825 0
      vertex 68.4756 0.631427 34
      vertex 68.4756 0.631427 0
    endloop
  endfacet
  facet normal -0.55548 -0.83153 0
    outer loop
      vertex 70.825 1.42894 0
      vertex 71.0045 1.30903 34
      vertex 70.825 1.42894 34
    endloop
  endfacet
  facet normal -0.55548 -0.83153 -0
    outer loop
      vertex 71.0045 1.30903 34
      vertex 70.825 1.42894 0
      vertex 71.0045 1.30903 0
    endloop
  endfacet
  facet normal 0.980791 0.195061 0
    outer loop
      vertex 68.4062 -0.427051 34
      vertex 68.3641 -0.215367 0
      vertex 68.3641 -0.215367 34
    endloop
  endfacet
  facet normal 0.980791 0.195061 0
    outer loop
      vertex 68.3641 -0.215367 0
      vertex 68.4062 -0.427051 34
      vertex 68.4062 -0.427051 0
    endloop
  endfacet
  facet normal -0.321421 0.946936 0
    outer loop
      vertex 70.6314 -1.5244 0
      vertex 70.427 -1.59378 34
      vertex 70.6314 -1.5244 34
    endloop
  endfacet
  facet normal -0.321421 0.946936 0
    outer loop
      vertex 70.427 -1.59378 34
      vertex 70.6314 -1.5244 0
      vertex 70.427 -1.59378 0
    endloop
  endfacet
  facet normal -0.659488 -0.751715 0
    outer loop
      vertex 71.0045 1.30903 0
      vertex 71.1667 1.16673 34
      vertex 71.0045 1.30903 34
    endloop
  endfacet
  facet normal -0.659488 -0.751715 -0
    outer loop
      vertex 71.1667 1.16673 34
      vertex 71.0045 1.30903 0
      vertex 71.1667 1.16673 0
    endloop
  endfacet
  facet normal -0.195136 0.980776 0
    outer loop
      vertex 70.427 -1.59378 0
      vertex 70.2154 -1.63588 34
      vertex 70.427 -1.59378 34
    endloop
  endfacet
  facet normal -0.195136 0.980776 0
    outer loop
      vertex 70.2154 -1.63588 34
      vertex 70.427 -1.59378 0
      vertex 70.2154 -1.63588 0
    endloop
  endfacet
  facet normal 0.946897 -0.321538 0
    outer loop
      vertex 68.4062 0.427051 34
      vertex 68.4756 0.631427 0
      vertex 68.4756 0.631427 34
    endloop
  endfacet
  facet normal 0.946897 -0.321538 0
    outer loop
      vertex 68.4756 0.631427 0
      vertex 68.4062 0.427051 34
      vertex 68.4062 0.427051 0
    endloop
  endfacet
  facet normal 0.195136 -0.980776 0
    outer loop
      vertex 69.573 1.59378 0
      vertex 69.7846 1.63588 34
      vertex 69.573 1.59378 34
    endloop
  endfacet
  facet normal 0.195136 -0.980776 0
    outer loop
      vertex 69.7846 1.63588 34
      vertex 69.573 1.59378 0
      vertex 69.7846 1.63588 0
    endloop
  endfacet
  facet normal 0.0654121 0.997858 -0
    outer loop
      vertex 70 -1.65 0
      vertex 69.7846 -1.63588 34
      vertex 70 -1.65 34
    endloop
  endfacet
  facet normal 0.0654121 0.997858 0
    outer loop
      vertex 69.7846 -1.63588 34
      vertex 70 -1.65 0
      vertex 69.7846 -1.63588 0
    endloop
  endfacet
  facet normal 0.751856 0.659328 0
    outer loop
      vertex 68.8333 -1.16673 34
      vertex 68.691 -1.00446 0
      vertex 68.691 -1.00446 34
    endloop
  endfacet
  facet normal 0.751856 0.659328 0
    outer loop
      vertex 68.691 -1.00446 0
      vertex 68.8333 -1.16673 34
      vertex 68.8333 -1.16673 0
    endloop
  endfacet
  facet normal 0.195136 0.980776 -0
    outer loop
      vertex 69.7846 -1.63588 0
      vertex 69.573 -1.59378 34
      vertex 69.7846 -1.63588 34
    endloop
  endfacet
  facet normal 0.195136 0.980776 0
    outer loop
      vertex 69.573 -1.59378 34
      vertex 69.7846 -1.63588 0
      vertex 69.573 -1.59378 0
    endloop
  endfacet
  facet normal -0.321421 -0.946936 0
    outer loop
      vertex 70.427 1.59378 0
      vertex 70.6314 1.5244 34
      vertex 70.427 1.59378 34
    endloop
  endfacet
  facet normal -0.321421 -0.946936 -0
    outer loop
      vertex 70.6314 1.5244 34
      vertex 70.427 1.59378 0
      vertex 70.6314 1.5244 0
    endloop
  endfacet
  facet normal 0.831494 -0.555534 0
    outer loop
      vertex 68.5711 0.825 34
      vertex 68.691 1.00446 0
      vertex 68.691 1.00446 34
    endloop
  endfacet
  facet normal 0.831494 -0.555534 0
    outer loop
      vertex 68.691 1.00446 0
      vertex 68.5711 0.825 34
      vertex 68.5711 0.825 0
    endloop
  endfacet
  facet normal 1 0 0
    outer loop
      vertex 6.3 22 5.5
      vertex 6.3 17.7 5.5
      vertex 6.3 22 3
    endloop
  endfacet
  facet normal 1 0 0
    outer loop
      vertex 6.3 26 3
      vertex 6.3 30.3 5.5
      vertex 6.3 26 5.5
    endloop
  endfacet
  facet normal 1 0 0
    outer loop
      vertex 6.3 30.3 5.5
      vertex 6.3 26 3
      vertex 6.3 30.3 0
    endloop
  endfacet
  facet normal 1 -0 0
    outer loop
      vertex 6.3 22 3
      vertex 6.3 30.3 0
      vertex 6.3 26 3
    endloop
  endfacet
  facet normal 1 0 0
    outer loop
      vertex 6.3 22 3
      vertex 6.3 17.7 0
      vertex 6.3 30.3 0
    endloop
  endfacet
  facet normal 1 0 0
    outer loop
      vertex 6.3 17.7 0
      vertex 6.3 22 3
      vertex 6.3 17.7 5.5
    endloop
  endfacet
  facet normal 0 0 1
    outer loop
      vertex 6.3 30.3 5.5
      vertex 5.1 29.1 5.5
      vertex 6.3 26 5.5
    endloop
  endfacet
  facet normal 0 0 1
    outer loop
      vertex 6.3 30.3 5.5
      vertex -5.1 29.1 5.5
      vertex 5.1 29.1 5.5
    endloop
  endfacet
  facet normal 0 0 1
    outer loop
      vertex -5.1 29.1 5.5
      vertex -6.3 30.3 5.5
      vertex -5.1 18.9 5.5
    endloop
  endfacet
  facet normal -0 0 1
    outer loop
      vertex -6.3 30.3 5.5
      vertex -5.1 29.1 5.5
      vertex 6.3 30.3 5.5
    endloop
  endfacet
  facet normal 0 0 1
    outer loop
      vertex 6.3 26 5.5
      vertex 5.1 29.1 5.5
      vertex 5.1 26 5.5
    endloop
  endfacet
  facet normal 0 0 1
    outer loop
      vertex 5.1 18.9 5.5
      vertex 6.3 22 5.5
      vertex 5.1 22 5.5
    endloop
  endfacet
  facet normal 0 0 1
    outer loop
      vertex 6.3 22 5.5
      vertex 5.1 18.9 5.5
      vertex 6.3 17.7 5.5
    endloop
  endfacet
  facet normal -0 0 1
    outer loop
      vertex -5.1 18.9 5.5
      vertex 6.3 17.7 5.5
      vertex 5.1 18.9 5.5
    endloop
  endfacet
  facet normal 0 0 1
    outer loop
      vertex -5.1 18.9 5.5
      vertex -6.3 17.7 5.5
      vertex 6.3 17.7 5.5
    endloop
  endfacet
  facet normal 0 0 1
    outer loop
      vertex -6.3 17.7 5.5
      vertex -5.1 18.9 5.5
      vertex -6.3 30.3 5.5
    endloop
  endfacet
  facet normal 0 0 -1
    outer loop
      vertex 6.3 17.7 0
      vertex 2.85 24 0
      vertex 6.3 30.3 0
    endloop
  endfacet
  facet normal 0 0 -1
    outer loop
      vertex 6.3 17.7 0
      vertex 2.82562 23.628 0
      vertex 2.85 24 0
    endloop
  endfacet
  facet normal 0 0 -1
    outer loop
      vertex 6.3 17.7 0
      vertex 2.75289 23.2624 0
      vertex 2.82562 23.628 0
    endloop
  endfacet
  facet normal 0 0 -1
    outer loop
      vertex 6.3 17.7 0
      vertex 2.63306 22.9094 0
      vertex 2.75289 23.2624 0
    endloop
  endfacet
  facet normal 0 0 -1
    outer loop
      vertex 6.3 17.7 0
      vertex 2.46817 22.575 0
      vertex 2.63306 22.9094 0
    endloop
  endfacet
  facet normal 0 0 -1
    outer loop
      vertex 6.3 17.7 0
      vertex 2.26106 22.265 0
      vertex 2.46817 22.575 0
    endloop
  endfacet
  facet normal 0 0 -1
    outer loop
      vertex 6.3 17.7 0
      vertex 2.01525 21.9847 0
      vertex 2.26106 22.265 0
    endloop
  endfacet
  facet normal 0 0 -1
    outer loop
      vertex 6.3 17.7 0
      vertex 1.73497 21.7389 0
      vertex 2.01525 21.9847 0
    endloop
  endfacet
  facet normal 0 0 -1
    outer loop
      vertex 6.3 17.7 0
      vertex 1.425 21.5318 0
      vertex 1.73497 21.7389 0
    endloop
  endfacet
  facet normal 0 0 -1
    outer loop
      vertex 6.3 17.7 0
      vertex 1.09065 21.3669 0
      vertex 1.425 21.5318 0
    endloop
  endfacet
  facet normal 0 0 -1
    outer loop
      vertex 6.3 17.7 0
      vertex 0.737634 21.2471 0
      vertex 1.09065 21.3669 0
    endloop
  endfacet
  facet normal 0 0 -1
    outer loop
      vertex 6.3 17.7 0
      vertex 0.371999 21.1744 0
      vertex 0.737634 21.2471 0
    endloop
  endfacet
  facet normal 0 0 -1
    outer loop
      vertex 6.3 17.7 0
      vertex 0 21.15 0
      vertex 0.371999 21.1744 0
    endloop
  endfacet
  facet normal 0 0 -1
    outer loop
      vertex -6.3 17.7 0
      vertex 0 21.15 0
      vertex 6.3 17.7 0
    endloop
  endfacet
  facet normal -0 0 -1
    outer loop
      vertex 0 21.15 0
      vertex -6.3 17.7 0
      vertex -0.371999 21.1744 0
    endloop
  endfacet
  facet normal -0 0 -1
    outer loop
      vertex -0.371999 21.1744 0
      vertex -6.3 17.7 0
      vertex -0.737634 21.2471 0
    endloop
  endfacet
  facet normal -0 0 -1
    outer loop
      vertex -0.737634 21.2471 0
      vertex -6.3 17.7 0
      vertex -1.09065 21.3669 0
    endloop
  endfacet
  facet normal -0 0 -1
    outer loop
      vertex -2.82562 23.628 0
      vertex -6.3 17.7 0
      vertex -2.85 24 0
    endloop
  endfacet
  facet normal -0 0 -1
    outer loop
      vertex -2.75289 23.2624 0
      vertex -6.3 17.7 0
      vertex -2.82562 23.628 0
    endloop
  endfacet
  facet normal -0 0 -1
    outer loop
      vertex -2.63306 22.9094 0
      vertex -6.3 17.7 0
      vertex -2.75289 23.2624 0
    endloop
  endfacet
  facet normal -0 0 -1
    outer loop
      vertex -2.46817 22.575 0
      vertex -6.3 17.7 0
      vertex -2.63306 22.9094 0
    endloop
  endfacet
  facet normal -0 0 -1
    outer loop
      vertex -2.26106 22.265 0
      vertex -6.3 17.7 0
      vertex -2.46817 22.575 0
    endloop
  endfacet
  facet normal -0 0 -1
    outer loop
      vertex -2.01525 21.9847 0
      vertex -6.3 17.7 0
      vertex -2.26106 22.265 0
    endloop
  endfacet
  facet normal -0 0 -1
    outer loop
      vertex -1.73497 21.7389 0
      vertex -6.3 17.7 0
      vertex -2.01525 21.9847 0
    endloop
  endfacet
  facet normal -0 0 -1
    outer loop
      vertex -1.425 21.5318 0
      vertex -6.3 17.7 0
      vertex -1.73497 21.7389 0
    endloop
  endfacet
  facet normal -0 0 -1
    outer loop
      vertex -1.09065 21.3669 0
      vertex -6.3 17.7 0
      vertex -1.425 21.5318 0
    endloop
  endfacet
  facet normal 0 0 -1
    outer loop
      vertex 2.82562 24.372 0
      vertex 6.3 30.3 0
      vertex 2.85 24 0
    endloop
  endfacet
  facet normal 0 0 -1
    outer loop
      vertex 2.75289 24.7376 0
      vertex 6.3 30.3 0
      vertex 2.82562 24.372 0
    endloop
  endfacet
  facet normal 0 0 -1
    outer loop
      vertex 2.63306 25.0906 0
      vertex 6.3 30.3 0
      vertex 2.75289 24.7376 0
    endloop
  endfacet
  facet normal 0 0 -1
    outer loop
      vertex 2.46817 25.425 0
      vertex 6.3 30.3 0
      vertex 2.63306 25.0906 0
    endloop
  endfacet
  facet normal 0 0 -1
    outer loop
      vertex 2.26106 25.735 0
      vertex 6.3 30.3 0
      vertex 2.46817 25.425 0
    endloop
  endfacet
  facet normal 0 0 -1
    outer loop
      vertex 2.01525 26.0153 0
      vertex 6.3 30.3 0
      vertex 2.26106 25.735 0
    endloop
  endfacet
  facet normal 0 0 -1
    outer loop
      vertex 1.73497 26.2611 0
      vertex 6.3 30.3 0
      vertex 2.01525 26.0153 0
    endloop
  endfacet
  facet normal 0 0 -1
    outer loop
      vertex 1.425 26.4682 0
      vertex 6.3 30.3 0
      vertex 1.73497 26.2611 0
    endloop
  endfacet
  facet normal 0 0 -1
    outer loop
      vertex 1.09065 26.6331 0
      vertex 6.3 30.3 0
      vertex 1.425 26.4682 0
    endloop
  endfacet
  facet normal 0 0 -1
    outer loop
      vertex 0.737634 26.7529 0
      vertex 6.3 30.3 0
      vertex 1.09065 26.6331 0
    endloop
  endfacet
  facet normal 0 0 -1
    outer loop
      vertex 0.371999 26.8256 0
      vertex 6.3 30.3 0
      vertex 0.737634 26.7529 0
    endloop
  endfacet
  facet normal 0 0 -1
    outer loop
      vertex 0 26.85 0
      vertex 6.3 30.3 0
      vertex 0.371999 26.8256 0
    endloop
  endfacet
  facet normal 0 0 -1
    outer loop
      vertex -6.3 30.3 0
      vertex 0 26.85 0
      vertex -0.371999 26.8256 0
    endloop
  endfacet
  facet normal 0 0 -1
    outer loop
      vertex -6.3 30.3 0
      vertex -0.371999 26.8256 0
      vertex -0.737634 26.7529 0
    endloop
  endfacet
  facet normal 0 0 -1
    outer loop
      vertex -6.3 30.3 0
      vertex -0.737634 26.7529 0
      vertex -1.09065 26.6331 0
    endloop
  endfacet
  facet normal 0 0 -1
    outer loop
      vertex -6.3 30.3 0
      vertex -1.09065 26.6331 0
      vertex -1.425 26.4682 0
    endloop
  endfacet
  facet normal 0 0 -1
    outer loop
      vertex -6.3 30.3 0
      vertex -2.85 24 0
      vertex -6.3 17.7 0
    endloop
  endfacet
  facet normal 0 0 -1
    outer loop
      vertex -2.85 24 0
      vertex -6.3 30.3 0
      vertex -2.82562 24.372 0
    endloop
  endfacet
  facet normal 0 0 -1
    outer loop
      vertex -2.82562 24.372 0
      vertex -6.3 30.3 0
      vertex -2.75289 24.7376 0
    endloop
  endfacet
  facet normal 0 0 -1
    outer loop
      vertex -2.75289 24.7376 0
      vertex -6.3 30.3 0
      vertex -2.63306 25.0906 0
    endloop
  endfacet
  facet normal 0 0 -1
    outer loop
      vertex 0 26.85 0
      vertex -6.3 30.3 0
      vertex 6.3 30.3 0
    endloop
  endfacet
  facet normal 0 0 -1
    outer loop
      vertex -1.73497 26.2611 0
      vertex -6.3 30.3 0
      vertex -1.425 26.4682 0
    endloop
  endfacet
  facet normal 0 0 -1
    outer loop
      vertex -2.01525 26.0153 0
      vertex -6.3 30.3 0
      vertex -1.73497 26.2611 0
    endloop
  endfacet
  facet normal 0 0 -1
    outer loop
      vertex -2.26106 25.735 0
      vertex -6.3 30.3 0
      vertex -2.01525 26.0153 0
    endloop
  endfacet
  facet normal 0 0 -1
    outer loop
      vertex -2.46817 25.425 0
      vertex -6.3 30.3 0
      vertex -2.26106 25.735 0
    endloop
  endfacet
  facet normal 0 0 -1
    outer loop
      vertex -2.63306 25.0906 0
      vertex -6.3 30.3 0
      vertex -2.46817 25.425 0
    endloop
  endfacet
  facet normal -1 0 0
    outer loop
      vertex -6.3 17.7 0
      vertex -6.3 30.3 5.5
      vertex -6.3 30.3 0
    endloop
  endfacet
  facet normal -1 -0 0
    outer loop
      vertex -6.3 30.3 5.5
      vertex -6.3 17.7 0
      vertex -6.3 17.7 5.5
    endloop
  endfacet
  facet normal 0 1 -0
    outer loop
      vertex 6.3 30.3 0
      vertex -6.3 30.3 5.5
      vertex 6.3 30.3 5.5
    endloop
  endfacet
  facet normal 0 1 0
    outer loop
      vertex -6.3 30.3 5.5
      vertex 6.3 30.3 0
      vertex -6.3 30.3 0
    endloop
  endfacet
  facet normal 0 -1 0
    outer loop
      vertex -6.3 17.7 0
      vertex 6.3 17.7 5.5
      vertex -6.3 17.7 5.5
    endloop
  endfacet
  facet normal 0 -1 -0
    outer loop
      vertex 6.3 17.7 5.5
      vertex -6.3 17.7 0
      vertex 6.3 17.7 0
    endloop
  endfacet
  facet normal -1 0 0
    outer loop
      vertex 5.1 29.1 1.2
      vertex 5.1 26 3
      vertex 5.1 29.1 5.5
    endloop
  endfacet
  facet normal -1 0 0
    outer loop
      vertex 5.1 29.1 1.2
      vertex 5.1 22 3
      vertex 5.1 26 3
    endloop
  endfacet
  facet normal -1 0 0
    outer loop
      vertex 5.1 18.9 1.2
      vertex 5.1 22 3
      vertex 5.1 29.1 1.2
    endloop
  endfacet
  facet normal -1 0 0
    outer loop
      vertex 5.1 18.9 5.5
      vertex 5.1 22 3
      vertex 5.1 18.9 1.2
    endloop
  endfacet
  facet normal -1 0 0
    outer loop
      vertex 5.1 22 3
      vertex 5.1 18.9 5.5
      vertex 5.1 22 5.5
    endloop
  endfacet
  facet normal -1 -0 0
    outer loop
      vertex 5.1 29.1 5.5
      vertex 5.1 26 3
      vertex 5.1 26 5.5
    endloop
  endfacet
  facet normal 0 0 1
    outer loop
      vertex 5.1 29.1 1.2
      vertex 2.85 24 1.2
      vertex 5.1 18.9 1.2
    endloop
  endfacet
  facet normal 0 0 1
    outer loop
      vertex 5.1 29.1 1.2
      vertex 2.82562 24.372 1.2
      vertex 2.85 24 1.2
    endloop
  endfacet
  facet normal 0 0 1
    outer loop
      vertex 5.1 29.1 1.2
      vertex 2.75289 24.7376 1.2
      vertex 2.82562 24.372 1.2
    endloop
  endfacet
  facet normal 0 0 1
    outer loop
      vertex 5.1 29.1 1.2
      vertex 2.63306 25.0906 1.2
      vertex 2.75289 24.7376 1.2
    endloop
  endfacet
  facet normal 0 0 1
    outer loop
      vertex 5.1 29.1 1.2
      vertex 2.46817 25.425 1.2
      vertex 2.63306 25.0906 1.2
    endloop
  endfacet
  facet normal 0 0 1
    outer loop
      vertex 5.1 29.1 1.2
      vertex 2.26106 25.735 1.2
      vertex 2.46817 25.425 1.2
    endloop
  endfacet
  facet normal 0 0 1
    outer loop
      vertex 5.1 29.1 1.2
      vertex 2.01525 26.0153 1.2
      vertex 2.26106 25.735 1.2
    endloop
  endfacet
  facet normal 0 0 1
    outer loop
      vertex 5.1 29.1 1.2
      vertex 1.73497 26.2611 1.2
      vertex 2.01525 26.0153 1.2
    endloop
  endfacet
  facet normal 0 0 1
    outer loop
      vertex 5.1 29.1 1.2
      vertex 1.425 26.4682 1.2
      vertex 1.73497 26.2611 1.2
    endloop
  endfacet
  facet normal 0 0 1
    outer loop
      vertex 5.1 29.1 1.2
      vertex 1.09065 26.6331 1.2
      vertex 1.425 26.4682 1.2
    endloop
  endfacet
  facet normal 0 0 1
    outer loop
      vertex 5.1 29.1 1.2
      vertex 0.737634 26.7529 1.2
      vertex 1.09065 26.6331 1.2
    endloop
  endfacet
  facet normal 0 0 1
    outer loop
      vertex 5.1 29.1 1.2
      vertex 0.371999 26.8256 1.2
      vertex 0.737634 26.7529 1.2
    endloop
  endfacet
  facet normal 0 0 1
    outer loop
      vertex 5.1 29.1 1.2
      vertex 0 26.85 1.2
      vertex 0.371999 26.8256 1.2
    endloop
  endfacet
  facet normal -0 0 1
    outer loop
      vertex -5.1 29.1 1.2
      vertex 0 26.85 1.2
      vertex 5.1 29.1 1.2
    endloop
  endfacet
  facet normal 0 0 1
    outer loop
      vertex 0 26.85 1.2
      vertex -5.1 29.1 1.2
      vertex -0.371999 26.8256 1.2
    endloop
  endfacet
  facet normal 0 0 1
    outer loop
      vertex -0.371999 26.8256 1.2
      vertex -5.1 29.1 1.2
      vertex -0.737634 26.7529 1.2
    endloop
  endfacet
  facet normal 0 0 1
    outer loop
      vertex -2.82562 24.372 1.2
      vertex -5.1 29.1 1.2
      vertex -2.85 24 1.2
    endloop
  endfacet
  facet normal 0 0 1
    outer loop
      vertex -2.75289 24.7376 1.2
      vertex -5.1 29.1 1.2
      vertex -2.82562 24.372 1.2
    endloop
  endfacet
  facet normal 0 0 1
    outer loop
      vertex -2.63306 25.0906 1.2
      vertex -5.1 29.1 1.2
      vertex -2.75289 24.7376 1.2
    endloop
  endfacet
  facet normal 0 0 1
    outer loop
      vertex -2.46817 25.425 1.2
      vertex -5.1 29.1 1.2
      vertex -2.63306 25.0906 1.2
    endloop
  endfacet
  facet normal 0 0 1
    outer loop
      vertex -2.26106 25.735 1.2
      vertex -5.1 29.1 1.2
      vertex -2.46817 25.425 1.2
    endloop
  endfacet
  facet normal 0 0 1
    outer loop
      vertex -2.01525 26.0153 1.2
      vertex -5.1 29.1 1.2
      vertex -2.26106 25.735 1.2
    endloop
  endfacet
  facet normal 0 0 1
    outer loop
      vertex -1.73497 26.2611 1.2
      vertex -5.1 29.1 1.2
      vertex -2.01525 26.0153 1.2
    endloop
  endfacet
  facet normal 0 0 1
    outer loop
      vertex -1.425 26.4682 1.2
      vertex -5.1 29.1 1.2
      vertex -1.73497 26.2611 1.2
    endloop
  endfacet
  facet normal 0 0 1
    outer loop
      vertex -1.09065 26.6331 1.2
      vertex -5.1 29.1 1.2
      vertex -1.425 26.4682 1.2
    endloop
  endfacet
  facet normal 0 0 1
    outer loop
      vertex -0.737634 26.7529 1.2
      vertex -5.1 29.1 1.2
      vertex -1.09065 26.6331 1.2
    endloop
  endfacet
  facet normal -0 0 1
    outer loop
      vertex 2.82562 23.628 1.2
      vertex 5.1 18.9 1.2
      vertex 2.85 24 1.2
    endloop
  endfacet
  facet normal -0 0 1
    outer loop
      vertex 2.75289 23.2624 1.2
      vertex 5.1 18.9 1.2
      vertex 2.82562 23.628 1.2
    endloop
  endfacet
  facet normal -0 0 1
    outer loop
      vertex 2.63306 22.9094 1.2
      vertex 5.1 18.9 1.2
      vertex 2.75289 23.2624 1.2
    endloop
  endfacet
  facet normal -0 0 1
    outer loop
      vertex 2.46817 22.575 1.2
      vertex 5.1 18.9 1.2
      vertex 2.63306 22.9094 1.2
    endloop
  endfacet
  facet normal -0 0 1
    outer loop
      vertex 2.26106 22.265 1.2
      vertex 5.1 18.9 1.2
      vertex 2.46817 22.575 1.2
    endloop
  endfacet
  facet normal -0 0 1
    outer loop
      vertex 2.01525 21.9847 1.2
      vertex 5.1 18.9 1.2
      vertex 2.26106 22.265 1.2
    endloop
  endfacet
  facet normal -0 0 1
    outer loop
      vertex 1.73497 21.7389 1.2
      vertex 5.1 18.9 1.2
      vertex 2.01525 21.9847 1.2
    endloop
  endfacet
  facet normal -0 0 1
    outer loop
      vertex 1.425 21.5318 1.2
      vertex 5.1 18.9 1.2
      vertex 1.73497 21.7389 1.2
    endloop
  endfacet
  facet normal -0 0 1
    outer loop
      vertex 1.09065 21.3669 1.2
      vertex 5.1 18.9 1.2
      vertex 1.425 21.5318 1.2
    endloop
  endfacet
  facet normal -0 0 1
    outer loop
      vertex 0.737634 21.2471 1.2
      vertex 5.1 18.9 1.2
      vertex 1.09065 21.3669 1.2
    endloop
  endfacet
  facet normal -0 0 1
    outer loop
      vertex 0.371999 21.1744 1.2
      vertex 5.1 18.9 1.2
      vertex 0.737634 21.2471 1.2
    endloop
  endfacet
  facet normal -0 0 1
    outer loop
      vertex 0 21.15 1.2
      vertex 5.1 18.9 1.2
      vertex 0.371999 21.1744 1.2
    endloop
  endfacet
  facet normal 0 0 1
    outer loop
      vertex -5.1 18.9 1.2
      vertex 0 21.15 1.2
      vertex -0.371999 21.1744 1.2
    endloop
  endfacet
  facet normal 0 0 1
    outer loop
      vertex -5.1 18.9 1.2
      vertex -0.371999 21.1744 1.2
      vertex -0.737634 21.2471 1.2
    endloop
  endfacet
  facet normal 0 0 1
    outer loop
      vertex -5.1 18.9 1.2
      vertex -0.737634 21.2471 1.2
      vertex -1.09065 21.3669 1.2
    endloop
  endfacet
  facet normal 0 0 1
    outer loop
      vertex -5.1 18.9 1.2
      vertex -2.85 24 1.2
      vertex -5.1 29.1 1.2
    endloop
  endfacet
  facet normal 0 0 1
    outer loop
      vertex -2.85 24 1.2
      vertex -5.1 18.9 1.2
      vertex -2.82562 23.628 1.2
    endloop
  endfacet
  facet normal 0 0 1
    outer loop
      vertex -2.82562 23.628 1.2
      vertex -5.1 18.9 1.2
      vertex -2.75289 23.2624 1.2
    endloop
  endfacet
  facet normal 0 0 1
    outer loop
      vertex 0 21.15 1.2
      vertex -5.1 18.9 1.2
      vertex 5.1 18.9 1.2
    endloop
  endfacet
  facet normal 0 0 1
    outer loop
      vertex -1.425 21.5318 1.2
      vertex -5.1 18.9 1.2
      vertex -1.09065 21.3669 1.2
    endloop
  endfacet
  facet normal 0 0 1
    outer loop
      vertex -1.73497 21.7389 1.2
      vertex -5.1 18.9 1.2
      vertex -1.425 21.5318 1.2
    endloop
  endfacet
  facet normal 0 0 1
    outer loop
      vertex -2.01525 21.9847 1.2
      vertex -5.1 18.9 1.2
      vertex -1.73497 21.7389 1.2
    endloop
  endfacet
  facet normal 0 0 1
    outer loop
      vertex -2.26106 22.265 1.2
      vertex -5.1 18.9 1.2
      vertex -2.01525 21.9847 1.2
    endloop
  endfacet
  facet normal 0 0 1
    outer loop
      vertex -2.46817 22.575 1.2
      vertex -5.1 18.9 1.2
      vertex -2.26106 22.265 1.2
    endloop
  endfacet
  facet normal 0 0 1
    outer loop
      vertex -2.63306 22.9094 1.2
      vertex -5.1 18.9 1.2
      vertex -2.46817 22.575 1.2
    endloop
  endfacet
  facet normal 0 0 1
    outer loop
      vertex -2.75289 23.2624 1.2
      vertex -5.1 18.9 1.2
      vertex -2.63306 22.9094 1.2
    endloop
  endfacet
  facet normal 1 -0 0
    outer loop
      vertex -5.1 18.9 5.5
      vertex -5.1 29.1 1.2
      vertex -5.1 29.1 5.5
    endloop
  endfacet
  facet normal 1 0 0
    outer loop
      vertex -5.1 29.1 1.2
      vertex -5.1 18.9 5.5
      vertex -5.1 18.9 1.2
    endloop
  endfacet
  facet normal 0 -1 0
    outer loop
      vertex -5.1 29.1 1.2
      vertex 5.1 29.1 5.5
      vertex -5.1 29.1 5.5
    endloop
  endfacet
  facet normal 0 -1 -0
    outer loop
      vertex 5.1 29.1 5.5
      vertex -5.1 29.1 1.2
      vertex 5.1 29.1 1.2
    endloop
  endfacet
  facet normal 0 1 -0
    outer loop
      vertex 5.1 18.9 1.2
      vertex -5.1 18.9 5.5
      vertex 5.1 18.9 5.5
    endloop
  endfacet
  facet normal 0 1 0
    outer loop
      vertex -5.1 18.9 5.5
      vertex 5.1 18.9 1.2
      vertex -5.1 18.9 1.2
    endloop
  endfacet
  facet normal 0.896892 0.44225 0
    outer loop
      vertex -2.46817 22.575 1.2
      vertex -2.63306 22.9094 0
      vertex -2.63306 22.9094 1.2
    endloop
  endfacet
  facet normal 0.896892 0.44225 0
    outer loop
      vertex -2.63306 22.9094 0
      vertex -2.46817 22.575 1.2
      vertex -2.46817 22.575 0
    endloop
  endfacet
  facet normal -0.442325 0.896855 0
    outer loop
      vertex 1.425 21.5318 0
      vertex 1.09065 21.3669 1.2
      vertex 1.425 21.5318 1.2
    endloop
  endfacet
  facet normal -0.442325 0.896855 0
    outer loop
      vertex 1.09065 21.3669 1.2
      vertex 1.425 21.5318 0
      vertex 1.09065 21.3669 0
    endloop
  endfacet
  facet normal -0.980781 -0.19511 0
    outer loop
      vertex 2.82562 24.372 0
      vertex 2.75289 24.7376 1.2
      vertex 2.75289 24.7376 0
    endloop
  endfacet
  facet normal -0.980781 -0.19511 0
    outer loop
      vertex 2.75289 24.7376 1.2
      vertex 2.82562 24.372 0
      vertex 2.82562 24.372 1.2
    endloop
  endfacet
  facet normal -0.997859 -0.0653973 0
    outer loop
      vertex 2.85 24 0
      vertex 2.82562 24.372 1.2
      vertex 2.82562 24.372 0
    endloop
  endfacet
  facet normal -0.997859 -0.0653973 0
    outer loop
      vertex 2.82562 24.372 1.2
      vertex 2.85 24 0
      vertex 2.85 24 1.2
    endloop
  endfacet
  facet normal -0.946928 -0.321446 0
    outer loop
      vertex 2.75289 24.7376 0
      vertex 2.63306 25.0906 1.2
      vertex 2.63306 25.0906 0
    endloop
  endfacet
  facet normal -0.946928 -0.321446 0
    outer loop
      vertex 2.63306 25.0906 1.2
      vertex 2.75289 24.7376 0
      vertex 2.75289 24.7376 1.2
    endloop
  endfacet
  facet normal -0.751848 0.659336 0
    outer loop
      vertex 2.01525 21.9847 0
      vertex 2.26106 22.265 1.2
      vertex 2.26106 22.265 0
    endloop
  endfacet
  facet normal -0.751848 0.659336 0
    outer loop
      vertex 2.26106 22.265 1.2
      vertex 2.01525 21.9847 0
      vertex 2.01525 21.9847 1.2
    endloop
  endfacet
  facet normal 0.555542 -0.831489 0
    outer loop
      vertex -1.73497 26.2611 0
      vertex -1.425 26.4682 1.2
      vertex -1.73497 26.2611 1.2
    endloop
  endfacet
  facet normal 0.555542 -0.831489 0
    outer loop
      vertex -1.425 26.4682 1.2
      vertex -1.73497 26.2611 0
      vertex -1.425 26.4682 0
    endloop
  endfacet
  facet normal -0.321361 -0.946957 0
    outer loop
      vertex 0.737634 26.7529 0
      vertex 1.09065 26.6331 1.2
      vertex 0.737634 26.7529 1.2
    endloop
  endfacet
  facet normal -0.321361 -0.946957 -0
    outer loop
      vertex 1.09065 26.6331 1.2
      vertex 0.737634 26.7529 0
      vertex 1.09065 26.6331 0
    endloop
  endfacet
  facet normal -0.555542 -0.831489 0
    outer loop
      vertex 1.425 26.4682 0
      vertex 1.73497 26.2611 1.2
      vertex 1.425 26.4682 1.2
    endloop
  endfacet
  facet normal -0.555542 -0.831489 -0
    outer loop
      vertex 1.73497 26.2611 1.2
      vertex 1.425 26.4682 0
      vertex 1.73497 26.2611 0
    endloop
  endfacet
  facet normal -0.321361 0.946957 0
    outer loop
      vertex 1.09065 21.3669 0
      vertex 0.737634 21.2471 1.2
      vertex 1.09065 21.3669 1.2
    endloop
  endfacet
  facet normal -0.321361 0.946957 0
    outer loop
      vertex 0.737634 21.2471 1.2
      vertex 1.09065 21.3669 0
      vertex 0.737634 21.2471 0
    endloop
  endfacet
  facet normal -0.896892 -0.44225 0
    outer loop
      vertex 2.63306 25.0906 0
      vertex 2.46817 25.425 1.2
      vertex 2.46817 25.425 0
    endloop
  endfacet
  facet normal -0.896892 -0.44225 0
    outer loop
      vertex 2.46817 25.425 1.2
      vertex 2.63306 25.0906 0
      vertex 2.63306 25.0906 1.2
    endloop
  endfacet
  facet normal 0.195015 -0.9808 0
    outer loop
      vertex -0.737634 26.7529 0
      vertex -0.371999 26.8256 1.2
      vertex -0.737634 26.7529 1.2
    endloop
  endfacet
  facet normal 0.195015 -0.9808 0
    outer loop
      vertex -0.371999 26.8256 1.2
      vertex -0.737634 26.7529 0
      vertex -0.371999 26.8256 0
    endloop
  endfacet
  facet normal -0.946928 0.321446 0
    outer loop
      vertex 2.63306 22.9094 0
      vertex 2.75289 23.2624 1.2
      vertex 2.75289 23.2624 0
    endloop
  endfacet
  facet normal -0.946928 0.321446 0
    outer loop
      vertex 2.75289 23.2624 1.2
      vertex 2.63306 22.9094 0
      vertex 2.63306 22.9094 1.2
    endloop
  endfacet
  facet normal 0.555542 0.831489 -0
    outer loop
      vertex -1.425 21.5318 0
      vertex -1.73497 21.7389 1.2
      vertex -1.425 21.5318 1.2
    endloop
  endfacet
  facet normal 0.555542 0.831489 0
    outer loop
      vertex -1.73497 21.7389 1.2
      vertex -1.425 21.5318 0
      vertex -1.73497 21.7389 0
    endloop
  endfacet
  facet normal 0.659347 -0.751838 0
    outer loop
      vertex -2.01525 26.0153 0
      vertex -1.73497 26.2611 1.2
      vertex -2.01525 26.0153 1.2
    endloop
  endfacet
  facet normal 0.659347 -0.751838 0
    outer loop
      vertex -1.73497 26.2611 1.2
      vertex -2.01525 26.0153 0
      vertex -1.73497 26.2611 0
    endloop
  endfacet
  facet normal 0.980781 -0.19511 0
    outer loop
      vertex -2.82562 24.372 1.2
      vertex -2.75289 24.7376 0
      vertex -2.75289 24.7376 1.2
    endloop
  endfacet
  facet normal 0.980781 -0.19511 0
    outer loop
      vertex -2.75289 24.7376 0
      vertex -2.82562 24.372 1.2
      vertex -2.82562 24.372 0
    endloop
  endfacet
  facet normal 0.321361 -0.946957 0
    outer loop
      vertex -1.09065 26.6331 0
      vertex -0.737634 26.7529 1.2
      vertex -1.09065 26.6331 1.2
    endloop
  endfacet
  facet normal 0.321361 -0.946957 0
    outer loop
      vertex -0.737634 26.7529 1.2
      vertex -1.09065 26.6331 0
      vertex -0.737634 26.7529 0
    endloop
  endfacet
  facet normal -0.659347 0.751838 0
    outer loop
      vertex 2.01525 21.9847 0
      vertex 1.73497 21.7389 1.2
      vertex 2.01525 21.9847 1.2
    endloop
  endfacet
  facet normal -0.659347 0.751838 0
    outer loop
      vertex 1.73497 21.7389 1.2
      vertex 2.01525 21.9847 0
      vertex 1.73497 21.7389 0
    endloop
  endfacet
  facet normal 0.946928 0.321446 0
    outer loop
      vertex -2.63306 22.9094 1.2
      vertex -2.75289 23.2624 0
      vertex -2.75289 23.2624 1.2
    endloop
  endfacet
  facet normal 0.946928 0.321446 0
    outer loop
      vertex -2.75289 23.2624 0
      vertex -2.63306 22.9094 1.2
      vertex -2.63306 22.9094 0
    endloop
  endfacet
  facet normal -0.831501 -0.555523 0
    outer loop
      vertex 2.46817 25.425 0
      vertex 2.26106 25.735 1.2
      vertex 2.26106 25.735 0
    endloop
  endfacet
  facet normal -0.831501 -0.555523 0
    outer loop
      vertex 2.26106 25.735 1.2
      vertex 2.46817 25.425 0
      vertex 2.46817 25.425 1.2
    endloop
  endfacet
  facet normal -0.195015 0.9808 0
    outer loop
      vertex 0.737634 21.2471 0
      vertex 0.371999 21.1744 1.2
      vertex 0.737634 21.2471 1.2
    endloop
  endfacet
  facet normal -0.195015 0.9808 0
    outer loop
      vertex 0.371999 21.1744 1.2
      vertex 0.737634 21.2471 0
      vertex 0.371999 21.1744 0
    endloop
  endfacet
  facet normal 0.980781 0.19511 0
    outer loop
      vertex -2.75289 23.2624 1.2
      vertex -2.82562 23.628 0
      vertex -2.82562 23.628 1.2
    endloop
  endfacet
  facet normal 0.980781 0.19511 0
    outer loop
      vertex -2.82562 23.628 0
      vertex -2.75289 23.2624 1.2
      vertex -2.75289 23.2624 0
    endloop
  endfacet
  facet normal -0.659347 -0.751838 0
    outer loop
      vertex 1.73497 26.2611 0
      vertex 2.01525 26.0153 1.2
      vertex 1.73497 26.2611 1.2
    endloop
  endfacet
  facet normal -0.659347 -0.751838 -0
    outer loop
      vertex 2.01525 26.0153 1.2
      vertex 1.73497 26.2611 0
      vertex 2.01525 26.0153 0
    endloop
  endfacet
  facet normal -0.997859 0.0653973 0
    outer loop
      vertex 2.82562 23.628 0
      vertex 2.85 24 1.2
      vertex 2.85 24 0
    endloop
  endfacet
  facet normal -0.997859 0.0653973 0
    outer loop
      vertex 2.85 24 1.2
      vertex 2.82562 23.628 0
      vertex 2.82562 23.628 1.2
    endloop
  endfacet
  facet normal -0.980781 0.19511 0
    outer loop
      vertex 2.75289 23.2624 0
      vertex 2.82562 23.628 1.2
      vertex 2.82562 23.628 0
    endloop
  endfacet
  facet normal -0.980781 0.19511 0
    outer loop
      vertex 2.82562 23.628 1.2
      vertex 2.75289 23.2624 0
      vertex 2.75289 23.2624 1.2
    endloop
  endfacet
  facet normal -0.555542 0.831489 0
    outer loop
      vertex 1.73497 21.7389 0
      vertex 1.425 21.5318 1.2
      vertex 1.73497 21.7389 1.2
    endloop
  endfacet
  facet normal -0.555542 0.831489 0
    outer loop
      vertex 1.425 21.5318 1.2
      vertex 1.73497 21.7389 0
      vertex 1.425 21.5318 0
    endloop
  endfacet
  facet normal -0.195015 -0.9808 0
    outer loop
      vertex 0.371999 26.8256 0
      vertex 0.737634 26.7529 1.2
      vertex 0.371999 26.8256 1.2
    endloop
  endfacet
  facet normal -0.195015 -0.9808 -0
    outer loop
      vertex 0.737634 26.7529 1.2
      vertex 0.371999 26.8256 0
      vertex 0.737634 26.7529 0
    endloop
  endfacet
  facet normal -0.751848 -0.659336 0
    outer loop
      vertex 2.26106 25.735 0
      vertex 2.01525 26.0153 1.2
      vertex 2.01525 26.0153 0
    endloop
  endfacet
  facet normal -0.751848 -0.659336 0
    outer loop
      vertex 2.01525 26.0153 1.2
      vertex 2.26106 25.735 0
      vertex 2.26106 25.735 1.2
    endloop
  endfacet
  facet normal -0.0654509 -0.997856 0
    outer loop
      vertex 0 26.85 0
      vertex 0.371999 26.8256 1.2
      vertex 0 26.85 1.2
    endloop
  endfacet
  facet normal -0.0654509 -0.997856 -0
    outer loop
      vertex 0.371999 26.8256 1.2
      vertex 0 26.85 0
      vertex 0.371999 26.8256 0
    endloop
  endfacet
  facet normal 0.946928 -0.321446 0
    outer loop
      vertex -2.75289 24.7376 1.2
      vertex -2.63306 25.0906 0
      vertex -2.63306 25.0906 1.2
    endloop
  endfacet
  facet normal 0.946928 -0.321446 0
    outer loop
      vertex -2.63306 25.0906 0
      vertex -2.75289 24.7376 1.2
      vertex -2.75289 24.7376 0
    endloop
  endfacet
  facet normal 0.0654509 0.997856 -0
    outer loop
      vertex 0 21.15 0
      vertex -0.371999 21.1744 1.2
      vertex 0 21.15 1.2
    endloop
  endfacet
  facet normal 0.0654509 0.997856 0
    outer loop
      vertex -0.371999 21.1744 1.2
      vertex 0 21.15 0
      vertex -0.371999 21.1744 0
    endloop
  endfacet
  facet normal -0.442325 -0.896855 0
    outer loop
      vertex 1.09065 26.6331 0
      vertex 1.425 26.4682 1.2
      vertex 1.09065 26.6331 1.2
    endloop
  endfacet
  facet normal -0.442325 -0.896855 -0
    outer loop
      vertex 1.425 26.4682 1.2
      vertex 1.09065 26.6331 0
      vertex 1.425 26.4682 0
    endloop
  endfacet
  facet normal 0.997859 0.0653973 0
    outer loop
      vertex -2.82562 23.628 1.2
      vertex -2.85 24 0
      vertex -2.85 24 1.2
    endloop
  endfacet
  facet normal 0.997859 0.0653973 0
    outer loop
      vertex -2.85 24 0
      vertex -2.82562 23.628 1.2
      vertex -2.82562 23.628 0
    endloop
  endfacet
  facet normal 0.659347 0.751838 -0
    outer loop
      vertex -1.73497 21.7389 0
      vertex -2.01525 21.9847 1.2
      vertex -1.73497 21.7389 1.2
    endloop
  endfacet
  facet normal 0.659347 0.751838 0
    outer loop
      vertex -2.01525 21.9847 1.2
      vertex -1.73497 21.7389 0
      vertex -2.01525 21.9847 0
    endloop
  endfacet
  facet normal -0.831501 0.555523 0
    outer loop
      vertex 2.26106 22.265 0
      vertex 2.46817 22.575 1.2
      vertex 2.46817 22.575 0
    endloop
  endfacet
  facet normal -0.831501 0.555523 0
    outer loop
      vertex 2.46817 22.575 1.2
      vertex 2.26106 22.265 0
      vertex 2.26106 22.265 1.2
    endloop
  endfacet
  facet normal 0.751848 0.659336 0
    outer loop
      vertex -2.01525 21.9847 1.2
      vertex -2.26106 22.265 0
      vertex -2.26106 22.265 1.2
    endloop
  endfacet
  facet normal 0.751848 0.659336 0
    outer loop
      vertex -2.26106 22.265 0
      vertex -2.01525 21.9847 1.2
      vertex -2.01525 21.9847 0
    endloop
  endfacet
  facet normal 0.997859 -0.0653973 0
    outer loop
      vertex -2.85 24 1.2
      vertex -2.82562 24.372 0
      vertex -2.82562 24.372 1.2
    endloop
  endfacet
  facet normal 0.997859 -0.0653973 0
    outer loop
      vertex -2.82562 24.372 0
      vertex -2.85 24 1.2
      vertex -2.85 24 0
    endloop
  endfacet
  facet normal 0.195015 0.9808 -0
    outer loop
      vertex -0.371999 21.1744 0
      vertex -0.737634 21.2471 1.2
      vertex -0.371999 21.1744 1.2
    endloop
  endfacet
  facet normal 0.195015 0.9808 0
    outer loop
      vertex -0.737634 21.2471 1.2
      vertex -0.371999 21.1744 0
      vertex -0.737634 21.2471 0
    endloop
  endfacet
  facet normal -0.0654509 0.997856 0
    outer loop
      vertex 0.371999 21.1744 0
      vertex 0 21.15 1.2
      vertex 0.371999 21.1744 1.2
    endloop
  endfacet
  facet normal -0.0654509 0.997856 0
    outer loop
      vertex 0 21.15 1.2
      vertex 0.371999 21.1744 0
      vertex 0 21.15 0
    endloop
  endfacet
  facet normal 0.442325 -0.896855 0
    outer loop
      vertex -1.425 26.4682 0
      vertex -1.09065 26.6331 1.2
      vertex -1.425 26.4682 1.2
    endloop
  endfacet
  facet normal 0.442325 -0.896855 0
    outer loop
      vertex -1.09065 26.6331 1.2
      vertex -1.425 26.4682 0
      vertex -1.09065 26.6331 0
    endloop
  endfacet
  facet normal 0.321361 0.946957 -0
    outer loop
      vertex -0.737634 21.2471 0
      vertex -1.09065 21.3669 1.2
      vertex -0.737634 21.2471 1.2
    endloop
  endfacet
  facet normal 0.321361 0.946957 0
    outer loop
      vertex -1.09065 21.3669 1.2
      vertex -0.737634 21.2471 0
      vertex -1.09065 21.3669 0
    endloop
  endfacet
  facet normal 0.751848 -0.659336 0
    outer loop
      vertex -2.26106 25.735 1.2
      vertex -2.01525 26.0153 0
      vertex -2.01525 26.0153 1.2
    endloop
  endfacet
  facet normal 0.751848 -0.659336 0
    outer loop
      vertex -2.01525 26.0153 0
      vertex -2.26106 25.735 1.2
      vertex -2.26106 25.735 0
    endloop
  endfacet
  facet normal 0.831501 0.555523 0
    outer loop
      vertex -2.26106 22.265 1.2
      vertex -2.46817 22.575 0
      vertex -2.46817 22.575 1.2
    endloop
  endfacet
  facet normal 0.831501 0.555523 0
    outer loop
      vertex -2.46817 22.575 0
      vertex -2.26106 22.265 1.2
      vertex -2.26106 22.265 0
    endloop
  endfacet
  facet normal 0.0654509 -0.997856 0
    outer loop
      vertex -0.371999 26.8256 0
      vertex 0 26.85 1.2
      vertex -0.371999 26.8256 1.2
    endloop
  endfacet
  facet normal 0.0654509 -0.997856 0
    outer loop
      vertex 0 26.85 1.2
      vertex -0.371999 26.8256 0
      vertex 0 26.85 0
    endloop
  endfacet
  facet normal 0.442325 0.896855 -0
    outer loop
      vertex -1.09065 21.3669 0
      vertex -1.425 21.5318 1.2
      vertex -1.09065 21.3669 1.2
    endloop
  endfacet
  facet normal 0.442325 0.896855 0
    outer loop
      vertex -1.425 21.5318 1.2
      vertex -1.09065 21.3669 0
      vertex -1.425 21.5318 0
    endloop
  endfacet
  facet normal -0.896892 0.44225 0
    outer loop
      vertex 2.46817 22.575 0
      vertex 2.63306 22.9094 1.2
      vertex 2.63306 22.9094 0
    endloop
  endfacet
  facet normal -0.896892 0.44225 0
    outer loop
      vertex 2.63306 22.9094 1.2
      vertex 2.46817 22.575 0
      vertex 2.46817 22.575 1.2
    endloop
  endfacet
  facet normal 0.896892 -0.44225 0
    outer loop
      vertex -2.63306 25.0906 1.2
      vertex -2.46817 25.425 0
      vertex -2.46817 25.425 1.2
    endloop
  endfacet
  facet normal 0.896892 -0.44225 0
    outer loop
      vertex -2.46817 25.425 0
      vertex -2.63306 25.0906 1.2
      vertex -2.63306 25.0906 0
    endloop
  endfacet
  facet normal 0.831501 -0.555523 0
    outer loop
      vertex -2.46817 25.425 1.2
      vertex -2.26106 25.735 0
      vertex -2.26106 25.735 1.2
    endloop
  endfacet
  facet normal 0.831501 -0.555523 0
    outer loop
      vertex -2.26106 25.735 0
      vertex -2.46817 25.425 1.2
      vertex -2.46817 25.425 0
    endloop
  endfacet
  facet normal -0 0 1
    outer loop
      vertex 5.1 26 3
      vertex 6.3 22 3
      vertex 6.3 26 3
    endloop
  endfacet
  facet normal 0 0 1
    outer loop
      vertex 6.3 22 3
      vertex 5.1 26 3
      vertex 5.1 22 3
    endloop
  endfacet
  facet normal 0 -1 0
    outer loop
      vertex 5.1 26 3
      vertex 6.3 26 5.5
      vertex 5.1 26 5.5
    endloop
  endfacet
  facet normal 0 -1 -0
    outer loop
      vertex 6.3 26 5.5
      vertex 5.1 26 3
      vertex 6.3 26 3
    endloop
  endfacet
  facet normal 0 1 -0
    outer loop
      vertex 6.3 22 3
      vertex 5.1 22 5.5
      vertex 6.3 22 5.5
    endloop
  endfacet
  facet normal 0 1 0
    outer loop
      vertex 5.1 22 5.5
      vertex 6.3 22 3
      vertex 5.1 22 3
    endloop
  endfacet
  facet normal 1 0 0
    outer loop
      vertex 22.3 22 5.5
      vertex 22.3 17.7 5.5
      vertex 22.3 22 3
    endloop
  endfacet
  facet normal 1 0 0
    outer loop
      vertex 22.3 26 3
      vertex 22.3 30.3 5.5
      vertex 22.3 26 5.5
    endloop
  endfacet
  facet normal 1 0 0
    outer loop
      vertex 22.3 30.3 5.5
      vertex 22.3 26 3
      vertex 22.3 30.3 0
    endloop
  endfacet
  facet normal 1 -0 0
    outer loop
      vertex 22.3 22 3
      vertex 22.3 30.3 0
      vertex 22.3 26 3
    endloop
  endfacet
  facet normal 1 0 0
    outer loop
      vertex 22.3 22 3
      vertex 22.3 17.7 0
      vertex 22.3 30.3 0
    endloop
  endfacet
  facet normal 1 0 0
    outer loop
      vertex 22.3 17.7 0
      vertex 22.3 22 3
      vertex 22.3 17.7 5.5
    endloop
  endfacet
  facet normal 0 0 1
    outer loop
      vertex 22.3 30.3 5.5
      vertex 21.1 29.1 5.5
      vertex 22.3 26 5.5
    endloop
  endfacet
  facet normal 0 0 1
    outer loop
      vertex 22.3 30.3 5.5
      vertex 10.9 29.1 5.5
      vertex 21.1 29.1 5.5
    endloop
  endfacet
  facet normal 0 0 1
    outer loop
      vertex 10.9 29.1 5.5
      vertex 9.7 30.3 5.5
      vertex 10.9 18.9 5.5
    endloop
  endfacet
  facet normal -0 0 1
    outer loop
      vertex 9.7 30.3 5.5
      vertex 10.9 29.1 5.5
      vertex 22.3 30.3 5.5
    endloop
  endfacet
  facet normal 0 0 1
    outer loop
      vertex 22.3 26 5.5
      vertex 21.1 29.1 5.5
      vertex 21.1 26 5.5
    endloop
  endfacet
  facet normal 0 0 1
    outer loop
      vertex 21.1 18.9 5.5
      vertex 22.3 22 5.5
      vertex 21.1 22 5.5
    endloop
  endfacet
  facet normal 0 0 1
    outer loop
      vertex 22.3 22 5.5
      vertex 21.1 18.9 5.5
      vertex 22.3 17.7 5.5
    endloop
  endfacet
  facet normal -0 0 1
    outer loop
      vertex 10.9 18.9 5.5
      vertex 22.3 17.7 5.5
      vertex 21.1 18.9 5.5
    endloop
  endfacet
  facet normal 0 0 1
    outer loop
      vertex 10.9 18.9 5.5
      vertex 9.7 17.7 5.5
      vertex 22.3 17.7 5.5
    endloop
  endfacet
  facet normal 0 0 1
    outer loop
      vertex 9.7 17.7 5.5
      vertex 10.9 18.9 5.5
      vertex 9.7 30.3 5.5
    endloop
  endfacet
  facet normal 0 0 -1
    outer loop
      vertex 22.3 17.7 0
      vertex 18.85 24 0
      vertex 22.3 30.3 0
    endloop
  endfacet
  facet normal 0 0 -1
    outer loop
      vertex 22.3 17.7 0
      vertex 18.8256 23.628 0
      vertex 18.85 24 0
    endloop
  endfacet
  facet normal 0 0 -1
    outer loop
      vertex 22.3 17.7 0
      vertex 18.7529 23.2624 0
      vertex 18.8256 23.628 0
    endloop
  endfacet
  facet normal 0 0 -1
    outer loop
      vertex 22.3 17.7 0
      vertex 18.6331 22.9094 0
      vertex 18.7529 23.2624 0
    endloop
  endfacet
  facet normal 0 0 -1
    outer loop
      vertex 22.3 17.7 0
      vertex 18.4682 22.575 0
      vertex 18.6331 22.9094 0
    endloop
  endfacet
  facet normal 0 0 -1
    outer loop
      vertex 22.3 17.7 0
      vertex 18.2611 22.265 0
      vertex 18.4682 22.575 0
    endloop
  endfacet
  facet normal 0 0 -1
    outer loop
      vertex 22.3 17.7 0
      vertex 18.0153 21.9847 0
      vertex 18.2611 22.265 0
    endloop
  endfacet
  facet normal 0 0 -1
    outer loop
      vertex 22.3 17.7 0
      vertex 17.735 21.7389 0
      vertex 18.0153 21.9847 0
    endloop
  endfacet
  facet normal 0 0 -1
    outer loop
      vertex 22.3 17.7 0
      vertex 17.425 21.5318 0
      vertex 17.735 21.7389 0
    endloop
  endfacet
  facet normal 0 0 -1
    outer loop
      vertex 22.3 17.7 0
      vertex 17.0906 21.3669 0
      vertex 17.425 21.5318 0
    endloop
  endfacet
  facet normal 0 0 -1
    outer loop
      vertex 22.3 17.7 0
      vertex 16.7376 21.2471 0
      vertex 17.0906 21.3669 0
    endloop
  endfacet
  facet normal 0 0 -1
    outer loop
      vertex 22.3 17.7 0
      vertex 16.372 21.1744 0
      vertex 16.7376 21.2471 0
    endloop
  endfacet
  facet normal 0 0 -1
    outer loop
      vertex 22.3 17.7 0
      vertex 16 21.15 0
      vertex 16.372 21.1744 0
    endloop
  endfacet
  facet normal 0 0 -1
    outer loop
      vertex 9.7 17.7 0
      vertex 16 21.15 0
      vertex 22.3 17.7 0
    endloop
  endfacet
  facet normal -0 0 -1
    outer loop
      vertex 16 21.15 0
      vertex 9.7 17.7 0
      vertex 15.628 21.1744 0
    endloop
  endfacet
  facet normal -0 0 -1
    outer loop
      vertex 15.628 21.1744 0
      vertex 9.7 17.7 0
      vertex 15.2624 21.2471 0
    endloop
  endfacet
  facet normal -0 0 -1
    outer loop
      vertex 15.2624 21.2471 0
      vertex 9.7 17.7 0
      vertex 14.9094 21.3669 0
    endloop
  endfacet
  facet normal -0 0 -1
    outer loop
      vertex 13.1744 23.628 0
      vertex 9.7 17.7 0
      vertex 13.15 24 0
    endloop
  endfacet
  facet normal -0 0 -1
    outer loop
      vertex 13.2471 23.2624 0
      vertex 9.7 17.7 0
      vertex 13.1744 23.628 0
    endloop
  endfacet
  facet normal -0 0 -1
    outer loop
      vertex 13.3669 22.9094 0
      vertex 9.7 17.7 0
      vertex 13.2471 23.2624 0
    endloop
  endfacet
  facet normal -0 0 -1
    outer loop
      vertex 13.5318 22.575 0
      vertex 9.7 17.7 0
      vertex 13.3669 22.9094 0
    endloop
  endfacet
  facet normal -0 0 -1
    outer loop
      vertex 13.7389 22.265 0
      vertex 9.7 17.7 0
      vertex 13.5318 22.575 0
    endloop
  endfacet
  facet normal -0 0 -1
    outer loop
      vertex 13.9847 21.9847 0
      vertex 9.7 17.7 0
      vertex 13.7389 22.265 0
    endloop
  endfacet
  facet normal -0 0 -1
    outer loop
      vertex 14.265 21.7389 0
      vertex 9.7 17.7 0
      vertex 13.9847 21.9847 0
    endloop
  endfacet
  facet normal -0 0 -1
    outer loop
      vertex 14.575 21.5318 0
      vertex 9.7 17.7 0
      vertex 14.265 21.7389 0
    endloop
  endfacet
  facet normal -0 0 -1
    outer loop
      vertex 14.9094 21.3669 0
      vertex 9.7 17.7 0
      vertex 14.575 21.5318 0
    endloop
  endfacet
  facet normal 0 0 -1
    outer loop
      vertex 18.8256 24.372 0
      vertex 22.3 30.3 0
      vertex 18.85 24 0
    endloop
  endfacet
  facet normal 0 0 -1
    outer loop
      vertex 18.7529 24.7376 0
      vertex 22.3 30.3 0
      vertex 18.8256 24.372 0
    endloop
  endfacet
  facet normal 0 0 -1
    outer loop
      vertex 18.6331 25.0906 0
      vertex 22.3 30.3 0
      vertex 18.7529 24.7376 0
    endloop
  endfacet
  facet normal 0 0 -1
    outer loop
      vertex 18.4682 25.425 0
      vertex 22.3 30.3 0
      vertex 18.6331 25.0906 0
    endloop
  endfacet
  facet normal 0 0 -1
    outer loop
      vertex 18.2611 25.735 0
      vertex 22.3 30.3 0
      vertex 18.4682 25.425 0
    endloop
  endfacet
  facet normal 0 0 -1
    outer loop
      vertex 18.0153 26.0153 0
      vertex 22.3 30.3 0
      vertex 18.2611 25.735 0
    endloop
  endfacet
  facet normal 0 0 -1
    outer loop
      vertex 17.735 26.2611 0
      vertex 22.3 30.3 0
      vertex 18.0153 26.0153 0
    endloop
  endfacet
  facet normal 0 0 -1
    outer loop
      vertex 17.425 26.4682 0
      vertex 22.3 30.3 0
      vertex 17.735 26.2611 0
    endloop
  endfacet
  facet normal 0 0 -1
    outer loop
      vertex 17.0906 26.6331 0
      vertex 22.3 30.3 0
      vertex 17.425 26.4682 0
    endloop
  endfacet
  facet normal 0 0 -1
    outer loop
      vertex 16.7376 26.7529 0
      vertex 22.3 30.3 0
      vertex 17.0906 26.6331 0
    endloop
  endfacet
  facet normal 0 0 -1
    outer loop
      vertex 16.372 26.8256 0
      vertex 22.3 30.3 0
      vertex 16.7376 26.7529 0
    endloop
  endfacet
  facet normal 0 0 -1
    outer loop
      vertex 16 26.85 0
      vertex 22.3 30.3 0
      vertex 16.372 26.8256 0
    endloop
  endfacet
  facet normal 0 0 -1
    outer loop
      vertex 9.7 30.3 0
      vertex 16 26.85 0
      vertex 15.628 26.8256 0
    endloop
  endfacet
  facet normal 0 0 -1
    outer loop
      vertex 9.7 30.3 0
      vertex 15.628 26.8256 0
      vertex 15.2624 26.7529 0
    endloop
  endfacet
  facet normal 0 0 -1
    outer loop
      vertex 9.7 30.3 0
      vertex 15.2624 26.7529 0
      vertex 14.9094 26.6331 0
    endloop
  endfacet
  facet normal 0 0 -1
    outer loop
      vertex 9.7 30.3 0
      vertex 14.9094 26.6331 0
      vertex 14.575 26.4682 0
    endloop
  endfacet
  facet normal 0 0 -1
    outer loop
      vertex 9.7 30.3 0
      vertex 13.15 24 0
      vertex 9.7 17.7 0
    endloop
  endfacet
  facet normal 0 0 -1
    outer loop
      vertex 13.15 24 0
      vertex 9.7 30.3 0
      vertex 13.1744 24.372 0
    endloop
  endfacet
  facet normal 0 0 -1
    outer loop
      vertex 13.1744 24.372 0
      vertex 9.7 30.3 0
      vertex 13.2471 24.7376 0
    endloop
  endfacet
  facet normal 0 0 -1
    outer loop
      vertex 13.2471 24.7376 0
      vertex 9.7 30.3 0
      vertex 13.3669 25.0906 0
    endloop
  endfacet
  facet normal 0 0 -1
    outer loop
      vertex 16 26.85 0
      vertex 9.7 30.3 0
      vertex 22.3 30.3 0
    endloop
  endfacet
  facet normal 0 0 -1
    outer loop
      vertex 14.265 26.2611 0
      vertex 9.7 30.3 0
      vertex 14.575 26.4682 0
    endloop
  endfacet
  facet normal 0 0 -1
    outer loop
      vertex 13.9847 26.0153 0
      vertex 9.7 30.3 0
      vertex 14.265 26.2611 0
    endloop
  endfacet
  facet normal 0 0 -1
    outer loop
      vertex 13.7389 25.735 0
      vertex 9.7 30.3 0
      vertex 13.9847 26.0153 0
    endloop
  endfacet
  facet normal 0 0 -1
    outer loop
      vertex 13.5318 25.425 0
      vertex 9.7 30.3 0
      vertex 13.7389 25.735 0
    endloop
  endfacet
  facet normal 0 0 -1
    outer loop
      vertex 13.3669 25.0906 0
      vertex 9.7 30.3 0
      vertex 13.5318 25.425 0
    endloop
  endfacet
  facet normal -1 0 0
    outer loop
      vertex 9.7 17.7 0
      vertex 9.7 30.3 5.5
      vertex 9.7 30.3 0
    endloop
  endfacet
  facet normal -1 -0 0
    outer loop
      vertex 9.7 30.3 5.5
      vertex 9.7 17.7 0
      vertex 9.7 17.7 5.5
    endloop
  endfacet
  facet normal 0 1 -0
    outer loop
      vertex 22.3 30.3 0
      vertex 9.7 30.3 5.5
      vertex 22.3 30.3 5.5
    endloop
  endfacet
  facet normal 0 1 0
    outer loop
      vertex 9.7 30.3 5.5
      vertex 22.3 30.3 0
      vertex 9.7 30.3 0
    endloop
  endfacet
  facet normal 0 -1 0
    outer loop
      vertex 9.7 17.7 0
      vertex 22.3 17.7 5.5
      vertex 9.7 17.7 5.5
    endloop
  endfacet
  facet normal 0 -1 -0
    outer loop
      vertex 22.3 17.7 5.5
      vertex 9.7 17.7 0
      vertex 22.3 17.7 0
    endloop
  endfacet
  facet normal -1 0 0
    outer loop
      vertex 21.1 29.1 1.2
      vertex 21.1 26 3
      vertex 21.1 29.1 5.5
    endloop
  endfacet
  facet normal -1 0 0
    outer loop
      vertex 21.1 29.1 1.2
      vertex 21.1 22 3
      vertex 21.1 26 3
    endloop
  endfacet
  facet normal -1 0 0
    outer loop
      vertex 21.1 18.9 1.2
      vertex 21.1 22 3
      vertex 21.1 29.1 1.2
    endloop
  endfacet
  facet normal -1 0 0
    outer loop
      vertex 21.1 18.9 5.5
      vertex 21.1 22 3
      vertex 21.1 18.9 1.2
    endloop
  endfacet
  facet normal -1 0 0
    outer loop
      vertex 21.1 22 3
      vertex 21.1 18.9 5.5
      vertex 21.1 22 5.5
    endloop
  endfacet
  facet normal -1 -0 0
    outer loop
      vertex 21.1 29.1 5.5
      vertex 21.1 26 3
      vertex 21.1 26 5.5
    endloop
  endfacet
  facet normal 0 0 1
    outer loop
      vertex 21.1 29.1 1.2
      vertex 18.85 24 1.2
      vertex 21.1 18.9 1.2
    endloop
  endfacet
  facet normal 0 0 1
    outer loop
      vertex 21.1 29.1 1.2
      vertex 18.8256 24.372 1.2
      vertex 18.85 24 1.2
    endloop
  endfacet
  facet normal 0 0 1
    outer loop
      vertex 21.1 29.1 1.2
      vertex 18.7529 24.7376 1.2
      vertex 18.8256 24.372 1.2
    endloop
  endfacet
  facet normal 0 0 1
    outer loop
      vertex 21.1 29.1 1.2
      vertex 18.6331 25.0906 1.2
      vertex 18.7529 24.7376 1.2
    endloop
  endfacet
  facet normal 0 0 1
    outer loop
      vertex 21.1 29.1 1.2
      vertex 18.4682 25.425 1.2
      vertex 18.6331 25.0906 1.2
    endloop
  endfacet
  facet normal 0 0 1
    outer loop
      vertex 21.1 29.1 1.2
      vertex 18.2611 25.735 1.2
      vertex 18.4682 25.425 1.2
    endloop
  endfacet
  facet normal 0 0 1
    outer loop
      vertex 21.1 29.1 1.2
      vertex 18.0153 26.0153 1.2
      vertex 18.2611 25.735 1.2
    endloop
  endfacet
  facet normal 0 0 1
    outer loop
      vertex 21.1 29.1 1.2
      vertex 17.735 26.2611 1.2
      vertex 18.0153 26.0153 1.2
    endloop
  endfacet
  facet normal 0 0 1
    outer loop
      vertex 21.1 29.1 1.2
      vertex 17.425 26.4682 1.2
      vertex 17.735 26.2611 1.2
    endloop
  endfacet
  facet normal 0 0 1
    outer loop
      vertex 21.1 29.1 1.2
      vertex 17.0906 26.6331 1.2
      vertex 17.425 26.4682 1.2
    endloop
  endfacet
  facet normal 0 0 1
    outer loop
      vertex 21.1 29.1 1.2
      vertex 16.7376 26.7529 1.2
      vertex 17.0906 26.6331 1.2
    endloop
  endfacet
  facet normal 0 0 1
    outer loop
      vertex 21.1 29.1 1.2
      vertex 16.372 26.8256 1.2
      vertex 16.7376 26.7529 1.2
    endloop
  endfacet
  facet normal 0 0 1
    outer loop
      vertex 21.1 29.1 1.2
      vertex 16 26.85 1.2
      vertex 16.372 26.8256 1.2
    endloop
  endfacet
  facet normal -0 0 1
    outer loop
      vertex 10.9 29.1 1.2
      vertex 16 26.85 1.2
      vertex 21.1 29.1 1.2
    endloop
  endfacet
  facet normal 0 0 1
    outer loop
      vertex 16 26.85 1.2
      vertex 10.9 29.1 1.2
      vertex 15.628 26.8256 1.2
    endloop
  endfacet
  facet normal 0 0 1
    outer loop
      vertex 15.628 26.8256 1.2
      vertex 10.9 29.1 1.2
      vertex 15.2624 26.7529 1.2
    endloop
  endfacet
  facet normal 0 0 1
    outer loop
      vertex 13.1744 24.372 1.2
      vertex 10.9 29.1 1.2
      vertex 13.15 24 1.2
    endloop
  endfacet
  facet normal 0 0 1
    outer loop
      vertex 13.2471 24.7376 1.2
      vertex 10.9 29.1 1.2
      vertex 13.1744 24.372 1.2
    endloop
  endfacet
  facet normal 0 0 1
    outer loop
      vertex 13.3669 25.0906 1.2
      vertex 10.9 29.1 1.2
      vertex 13.2471 24.7376 1.2
    endloop
  endfacet
  facet normal 0 0 1
    outer loop
      vertex 13.5318 25.425 1.2
      vertex 10.9 29.1 1.2
      vertex 13.3669 25.0906 1.2
    endloop
  endfacet
  facet normal 0 0 1
    outer loop
      vertex 13.7389 25.735 1.2
      vertex 10.9 29.1 1.2
      vertex 13.5318 25.425 1.2
    endloop
  endfacet
  facet normal 0 0 1
    outer loop
      vertex 13.9847 26.0153 1.2
      vertex 10.9 29.1 1.2
      vertex 13.7389 25.735 1.2
    endloop
  endfacet
  facet normal 0 0 1
    outer loop
      vertex 14.265 26.2611 1.2
      vertex 10.9 29.1 1.2
      vertex 13.9847 26.0153 1.2
    endloop
  endfacet
  facet normal 0 0 1
    outer loop
      vertex 14.575 26.4682 1.2
      vertex 10.9 29.1 1.2
      vertex 14.265 26.2611 1.2
    endloop
  endfacet
  facet normal 0 0 1
    outer loop
      vertex 14.9094 26.6331 1.2
      vertex 10.9 29.1 1.2
      vertex 14.575 26.4682 1.2
    endloop
  endfacet
  facet normal 0 0 1
    outer loop
      vertex 15.2624 26.7529 1.2
      vertex 10.9 29.1 1.2
      vertex 14.9094 26.6331 1.2
    endloop
  endfacet
  facet normal -0 0 1
    outer loop
      vertex 18.8256 23.628 1.2
      vertex 21.1 18.9 1.2
      vertex 18.85 24 1.2
    endloop
  endfacet
  facet normal -0 0 1
    outer loop
      vertex 18.7529 23.2624 1.2
      vertex 21.1 18.9 1.2
      vertex 18.8256 23.628 1.2
    endloop
  endfacet
  facet normal -0 0 1
    outer loop
      vertex 18.6331 22.9094 1.2
      vertex 21.1 18.9 1.2
      vertex 18.7529 23.2624 1.2
    endloop
  endfacet
  facet normal -0 0 1
    outer loop
      vertex 18.4682 22.575 1.2
      vertex 21.1 18.9 1.2
      vertex 18.6331 22.9094 1.2
    endloop
  endfacet
  facet normal -0 0 1
    outer loop
      vertex 18.2611 22.265 1.2
      vertex 21.1 18.9 1.2
      vertex 18.4682 22.575 1.2
    endloop
  endfacet
  facet normal -0 0 1
    outer loop
      vertex 18.0153 21.9847 1.2
      vertex 21.1 18.9 1.2
      vertex 18.2611 22.265 1.2
    endloop
  endfacet
  facet normal -0 0 1
    outer loop
      vertex 17.735 21.7389 1.2
      vertex 21.1 18.9 1.2
      vertex 18.0153 21.9847 1.2
    endloop
  endfacet
  facet normal -0 0 1
    outer loop
      vertex 17.425 21.5318 1.2
      vertex 21.1 18.9 1.2
      vertex 17.735 21.7389 1.2
    endloop
  endfacet
  facet normal -0 0 1
    outer loop
      vertex 17.0906 21.3669 1.2
      vertex 21.1 18.9 1.2
      vertex 17.425 21.5318 1.2
    endloop
  endfacet
  facet normal -0 0 1
    outer loop
      vertex 16.7376 21.2471 1.2
      vertex 21.1 18.9 1.2
      vertex 17.0906 21.3669 1.2
    endloop
  endfacet
  facet normal -0 0 1
    outer loop
      vertex 16.372 21.1744 1.2
      vertex 21.1 18.9 1.2
      vertex 16.7376 21.2471 1.2
    endloop
  endfacet
  facet normal -0 0 1
    outer loop
      vertex 16 21.15 1.2
      vertex 21.1 18.9 1.2
      vertex 16.372 21.1744 1.2
    endloop
  endfacet
  facet normal 0 0 1
    outer loop
      vertex 10.9 18.9 1.2
      vertex 16 21.15 1.2
      vertex 15.628 21.1744 1.2
    endloop
  endfacet
  facet normal 0 0 1
    outer loop
      vertex 10.9 18.9 1.2
      vertex 15.628 21.1744 1.2
      vertex 15.2624 21.2471 1.2
    endloop
  endfacet
  facet normal 0 0 1
    outer loop
      vertex 10.9 18.9 1.2
      vertex 15.2624 21.2471 1.2
      vertex 14.9094 21.3669 1.2
    endloop
  endfacet
  facet normal 0 0 1
    outer loop
      vertex 10.9 18.9 1.2
      vertex 13.15 24 1.2
      vertex 10.9 29.1 1.2
    endloop
  endfacet
  facet normal 0 0 1
    outer loop
      vertex 13.15 24 1.2
      vertex 10.9 18.9 1.2
      vertex 13.1744 23.628 1.2
    endloop
  endfacet
  facet normal 0 0 1
    outer loop
      vertex 13.1744 23.628 1.2
      vertex 10.9 18.9 1.2
      vertex 13.2471 23.2624 1.2
    endloop
  endfacet
  facet normal 0 0 1
    outer loop
      vertex 16 21.15 1.2
      vertex 10.9 18.9 1.2
      vertex 21.1 18.9 1.2
    endloop
  endfacet
  facet normal 0 0 1
    outer loop
      vertex 14.575 21.5318 1.2
      vertex 10.9 18.9 1.2
      vertex 14.9094 21.3669 1.2
    endloop
  endfacet
  facet normal 0 0 1
    outer loop
      vertex 14.265 21.7389 1.2
      vertex 10.9 18.9 1.2
      vertex 14.575 21.5318 1.2
    endloop
  endfacet
  facet normal 0 0 1
    outer loop
      vertex 13.9847 21.9847 1.2
      vertex 10.9 18.9 1.2
      vertex 14.265 21.7389 1.2
    endloop
  endfacet
  facet normal 0 0 1
    outer loop
      vertex 13.7389 22.265 1.2
      vertex 10.9 18.9 1.2
      vertex 13.9847 21.9847 1.2
    endloop
  endfacet
  facet normal 0 0 1
    outer loop
      vertex 13.5318 22.575 1.2
      vertex 10.9 18.9 1.2
      vertex 13.7389 22.265 1.2
    endloop
  endfacet
  facet normal 0 0 1
    outer loop
      vertex 13.3669 22.9094 1.2
      vertex 10.9 18.9 1.2
      vertex 13.5318 22.575 1.2
    endloop
  endfacet
  facet normal 0 0 1
    outer loop
      vertex 13.2471 23.2624 1.2
      vertex 10.9 18.9 1.2
      vertex 13.3669 22.9094 1.2
    endloop
  endfacet
  facet normal 1 -0 0
    outer loop
      vertex 10.9 18.9 5.5
      vertex 10.9 29.1 1.2
      vertex 10.9 29.1 5.5
    endloop
  endfacet
  facet normal 1 0 0
    outer loop
      vertex 10.9 29.1 1.2
      vertex 10.9 18.9 5.5
      vertex 10.9 18.9 1.2
    endloop
  endfacet
  facet normal 0 -1 0
    outer loop
      vertex 10.9 29.1 1.2
      vertex 21.1 29.1 5.5
      vertex 10.9 29.1 5.5
    endloop
  endfacet
  facet normal 0 -1 -0
    outer loop
      vertex 21.1 29.1 5.5
      vertex 10.9 29.1 1.2
      vertex 21.1 29.1 1.2
    endloop
  endfacet
  facet normal 0 1 -0
    outer loop
      vertex 21.1 18.9 1.2
      vertex 10.9 18.9 5.5
      vertex 21.1 18.9 5.5
    endloop
  endfacet
  facet normal 0 1 0
    outer loop
      vertex 10.9 18.9 5.5
      vertex 21.1 18.9 1.2
      vertex 10.9 18.9 1.2
    endloop
  endfacet
  facet normal 0.896881 0.442272 0
    outer loop
      vertex 13.5318 22.575 1.2
      vertex 13.3669 22.9094 0
      vertex 13.3669 22.9094 1.2
    endloop
  endfacet
  facet normal 0.896881 0.442272 0
    outer loop
      vertex 13.3669 22.9094 0
      vertex 13.5318 22.575 1.2
      vertex 13.5318 22.575 0
    endloop
  endfacet
  facet normal -0.442272 0.896881 0
    outer loop
      vertex 17.425 21.5318 0
      vertex 17.0906 21.3669 1.2
      vertex 17.425 21.5318 1.2
    endloop
  endfacet
  facet normal -0.442272 0.896881 0
    outer loop
      vertex 17.0906 21.3669 1.2
      vertex 17.425 21.5318 0
      vertex 17.0906 21.3669 0
    endloop
  endfacet
  facet normal -0.980797 -0.195033 0
    outer loop
      vertex 18.8256 24.372 0
      vertex 18.7529 24.7376 1.2
      vertex 18.7529 24.7376 0
    endloop
  endfacet
  facet normal -0.980797 -0.195033 0
    outer loop
      vertex 18.7529 24.7376 1.2
      vertex 18.8256 24.372 0
      vertex 18.8256 24.372 1.2
    endloop
  endfacet
  facet normal -0.997856 -0.0654508 0
    outer loop
      vertex 18.85 24 0
      vertex 18.8256 24.372 1.2
      vertex 18.8256 24.372 0
    endloop
  endfacet
  facet normal -0.997856 -0.0654508 0
    outer loop
      vertex 18.8256 24.372 1.2
      vertex 18.85 24 0
      vertex 18.85 24 1.2
    endloop
  endfacet
  facet normal -0.946952 -0.321374 0
    outer loop
      vertex 18.7529 24.7376 0
      vertex 18.6331 25.0906 1.2
      vertex 18.6331 25.0906 0
    endloop
  endfacet
  facet normal -0.946952 -0.321374 0
    outer loop
      vertex 18.6331 25.0906 1.2
      vertex 18.7529 24.7376 0
      vertex 18.7529 24.7376 1.2
    endloop
  endfacet
  facet normal -0.751862 0.659321 0
    outer loop
      vertex 18.0153 21.9847 0
      vertex 18.2611 22.265 1.2
      vertex 18.2611 22.265 0
    endloop
  endfacet
  facet normal -0.751862 0.659321 0
    outer loop
      vertex 18.2611 22.265 1.2
      vertex 18.0153 21.9847 0
      vertex 18.0153 21.9847 1.2
    endloop
  endfacet
  facet normal 0.555505 -0.831513 0
    outer loop
      vertex 14.265 26.2611 0
      vertex 14.575 26.4682 1.2
      vertex 14.265 26.2611 1.2
    endloop
  endfacet
  facet normal 0.555505 -0.831513 0
    outer loop
      vertex 14.575 26.4682 1.2
      vertex 14.265 26.2611 0
      vertex 14.575 26.4682 0
    endloop
  endfacet
  facet normal -0.321374 -0.946952 0
    outer loop
      vertex 16.7376 26.7529 0
      vertex 17.0906 26.6331 1.2
      vertex 16.7376 26.7529 1.2
    endloop
  endfacet
  facet normal -0.321374 -0.946952 -0
    outer loop
      vertex 17.0906 26.6331 1.2
      vertex 16.7376 26.7529 0
      vertex 17.0906 26.6331 0
    endloop
  endfacet
  facet normal -0.555505 -0.831513 0
    outer loop
      vertex 17.425 26.4682 0
      vertex 17.735 26.2611 1.2
      vertex 17.425 26.4682 1.2
    endloop
  endfacet
  facet normal -0.555505 -0.831513 -0
    outer loop
      vertex 17.735 26.2611 1.2
      vertex 17.425 26.4682 0
      vertex 17.735 26.2611 0
    endloop
  endfacet
  facet normal -0.321374 0.946952 0
    outer loop
      vertex 17.0906 21.3669 0
      vertex 16.7376 21.2471 1.2
      vertex 17.0906 21.3669 1.2
    endloop
  endfacet
  facet normal -0.321374 0.946952 0
    outer loop
      vertex 16.7376 21.2471 1.2
      vertex 17.0906 21.3669 0
      vertex 16.7376 21.2471 0
    endloop
  endfacet
  facet normal -0.896881 -0.442272 0
    outer loop
      vertex 18.6331 25.0906 0
      vertex 18.4682 25.425 1.2
      vertex 18.4682 25.425 0
    endloop
  endfacet
  facet normal -0.896881 -0.442272 0
    outer loop
      vertex 18.4682 25.425 1.2
      vertex 18.6331 25.0906 0
      vertex 18.6331 25.0906 1.2
    endloop
  endfacet
  facet normal 0.195033 -0.980797 0
    outer loop
      vertex 15.2624 26.7529 0
      vertex 15.628 26.8256 1.2
      vertex 15.2624 26.7529 1.2
    endloop
  endfacet
  facet normal 0.195033 -0.980797 0
    outer loop
      vertex 15.628 26.8256 1.2
      vertex 15.2624 26.7529 0
      vertex 15.628 26.8256 0
    endloop
  endfacet
  facet normal -0.946952 0.321374 0
    outer loop
      vertex 18.6331 22.9094 0
      vertex 18.7529 23.2624 1.2
      vertex 18.7529 23.2624 0
    endloop
  endfacet
  facet normal -0.946952 0.321374 0
    outer loop
      vertex 18.7529 23.2624 1.2
      vertex 18.6331 22.9094 0
      vertex 18.6331 22.9094 1.2
    endloop
  endfacet
  facet normal 0.555505 0.831513 -0
    outer loop
      vertex 14.575 21.5318 0
      vertex 14.265 21.7389 1.2
      vertex 14.575 21.5318 1.2
    endloop
  endfacet
  facet normal 0.555505 0.831513 0
    outer loop
      vertex 14.265 21.7389 1.2
      vertex 14.575 21.5318 0
      vertex 14.265 21.7389 0
    endloop
  endfacet
  facet normal 0.659321 -0.751862 0
    outer loop
      vertex 13.9847 26.0153 0
      vertex 14.265 26.2611 1.2
      vertex 13.9847 26.0153 1.2
    endloop
  endfacet
  facet normal 0.659321 -0.751862 0
    outer loop
      vertex 14.265 26.2611 1.2
      vertex 13.9847 26.0153 0
      vertex 14.265 26.2611 0
    endloop
  endfacet
  facet normal 0.980797 -0.195033 0
    outer loop
      vertex 13.1744 24.372 1.2
      vertex 13.2471 24.7376 0
      vertex 13.2471 24.7376 1.2
    endloop
  endfacet
  facet normal 0.980797 -0.195033 0
    outer loop
      vertex 13.2471 24.7376 0
      vertex 13.1744 24.372 1.2
      vertex 13.1744 24.372 0
    endloop
  endfacet
  facet normal 0.321374 -0.946952 0
    outer loop
      vertex 14.9094 26.6331 0
      vertex 15.2624 26.7529 1.2
      vertex 14.9094 26.6331 1.2
    endloop
  endfacet
  facet normal 0.321374 -0.946952 0
    outer loop
      vertex 15.2624 26.7529 1.2
      vertex 14.9094 26.6331 0
      vertex 15.2624 26.7529 0
    endloop
  endfacet
  facet normal -0.659321 0.751862 0
    outer loop
      vertex 18.0153 21.9847 0
      vertex 17.735 21.7389 1.2
      vertex 18.0153 21.9847 1.2
    endloop
  endfacet
  facet normal -0.659321 0.751862 0
    outer loop
      vertex 17.735 21.7389 1.2
      vertex 18.0153 21.9847 0
      vertex 17.735 21.7389 0
    endloop
  endfacet
  facet normal 0.946952 0.321374 0
    outer loop
      vertex 13.3669 22.9094 1.2
      vertex 13.2471 23.2624 0
      vertex 13.2471 23.2624 1.2
    endloop
  endfacet
  facet normal 0.946952 0.321374 0
    outer loop
      vertex 13.2471 23.2624 0
      vertex 13.3669 22.9094 1.2
      vertex 13.3669 22.9094 0
    endloop
  endfacet
  facet normal -0.831513 -0.555505 0
    outer loop
      vertex 18.4682 25.425 0
      vertex 18.2611 25.735 1.2
      vertex 18.2611 25.735 0
    endloop
  endfacet
  facet normal -0.831513 -0.555505 0
    outer loop
      vertex 18.2611 25.735 1.2
      vertex 18.4682 25.425 0
      vertex 18.4682 25.425 1.2
    endloop
  endfacet
  facet normal -0.195033 0.980797 0
    outer loop
      vertex 16.7376 21.2471 0
      vertex 16.372 21.1744 1.2
      vertex 16.7376 21.2471 1.2
    endloop
  endfacet
  facet normal -0.195033 0.980797 0
    outer loop
      vertex 16.372 21.1744 1.2
      vertex 16.7376 21.2471 0
      vertex 16.372 21.1744 0
    endloop
  endfacet
  facet normal 0.980797 0.195033 0
    outer loop
      vertex 13.2471 23.2624 1.2
      vertex 13.1744 23.628 0
      vertex 13.1744 23.628 1.2
    endloop
  endfacet
  facet normal 0.980797 0.195033 0
    outer loop
      vertex 13.1744 23.628 0
      vertex 13.2471 23.2624 1.2
      vertex 13.2471 23.2624 0
    endloop
  endfacet
  facet normal -0.659321 -0.751862 0
    outer loop
      vertex 17.735 26.2611 0
      vertex 18.0153 26.0153 1.2
      vertex 17.735 26.2611 1.2
    endloop
  endfacet
  facet normal -0.659321 -0.751862 -0
    outer loop
      vertex 18.0153 26.0153 1.2
      vertex 17.735 26.2611 0
      vertex 18.0153 26.0153 0
    endloop
  endfacet
  facet normal -0.997856 0.0654508 0
    outer loop
      vertex 18.8256 23.628 0
      vertex 18.85 24 1.2
      vertex 18.85 24 0
    endloop
  endfacet
  facet normal -0.997856 0.0654508 0
    outer loop
      vertex 18.85 24 1.2
      vertex 18.8256 23.628 0
      vertex 18.8256 23.628 1.2
    endloop
  endfacet
  facet normal -0.980797 0.195033 0
    outer loop
      vertex 18.7529 23.2624 0
      vertex 18.8256 23.628 1.2
      vertex 18.8256 23.628 0
    endloop
  endfacet
  facet normal -0.980797 0.195033 0
    outer loop
      vertex 18.8256 23.628 1.2
      vertex 18.7529 23.2624 0
      vertex 18.7529 23.2624 1.2
    endloop
  endfacet
  facet normal -0.555505 0.831513 0
    outer loop
      vertex 17.735 21.7389 0
      vertex 17.425 21.5318 1.2
      vertex 17.735 21.7389 1.2
    endloop
  endfacet
  facet normal -0.555505 0.831513 0
    outer loop
      vertex 17.425 21.5318 1.2
      vertex 17.735 21.7389 0
      vertex 17.425 21.5318 0
    endloop
  endfacet
  facet normal -0.195033 -0.980797 0
    outer loop
      vertex 16.372 26.8256 0
      vertex 16.7376 26.7529 1.2
      vertex 16.372 26.8256 1.2
    endloop
  endfacet
  facet normal -0.195033 -0.980797 -0
    outer loop
      vertex 16.7376 26.7529 1.2
      vertex 16.372 26.8256 0
      vertex 16.7376 26.7529 0
    endloop
  endfacet
  facet normal -0.751862 -0.659321 0
    outer loop
      vertex 18.2611 25.735 0
      vertex 18.0153 26.0153 1.2
      vertex 18.0153 26.0153 0
    endloop
  endfacet
  facet normal -0.751862 -0.659321 0
    outer loop
      vertex 18.0153 26.0153 1.2
      vertex 18.2611 25.735 0
      vertex 18.2611 25.735 1.2
    endloop
  endfacet
  facet normal -0.0654508 -0.997856 0
    outer loop
      vertex 16 26.85 0
      vertex 16.372 26.8256 1.2
      vertex 16 26.85 1.2
    endloop
  endfacet
  facet normal -0.0654508 -0.997856 -0
    outer loop
      vertex 16.372 26.8256 1.2
      vertex 16 26.85 0
      vertex 16.372 26.8256 0
    endloop
  endfacet
  facet normal 0.946952 -0.321374 0
    outer loop
      vertex 13.2471 24.7376 1.2
      vertex 13.3669 25.0906 0
      vertex 13.3669 25.0906 1.2
    endloop
  endfacet
  facet normal 0.946952 -0.321374 0
    outer loop
      vertex 13.3669 25.0906 0
      vertex 13.2471 24.7376 1.2
      vertex 13.2471 24.7376 0
    endloop
  endfacet
  facet normal 0.0654508 0.997856 -0
    outer loop
      vertex 16 21.15 0
      vertex 15.628 21.1744 1.2
      vertex 16 21.15 1.2
    endloop
  endfacet
  facet normal 0.0654508 0.997856 0
    outer loop
      vertex 15.628 21.1744 1.2
      vertex 16 21.15 0
      vertex 15.628 21.1744 0
    endloop
  endfacet
  facet normal -0.442272 -0.896881 0
    outer loop
      vertex 17.0906 26.6331 0
      vertex 17.425 26.4682 1.2
      vertex 17.0906 26.6331 1.2
    endloop
  endfacet
  facet normal -0.442272 -0.896881 -0
    outer loop
      vertex 17.425 26.4682 1.2
      vertex 17.0906 26.6331 0
      vertex 17.425 26.4682 0
    endloop
  endfacet
  facet normal 0.997856 0.0654508 0
    outer loop
      vertex 13.1744 23.628 1.2
      vertex 13.15 24 0
      vertex 13.15 24 1.2
    endloop
  endfacet
  facet normal 0.997856 0.0654508 0
    outer loop
      vertex 13.15 24 0
      vertex 13.1744 23.628 1.2
      vertex 13.1744 23.628 0
    endloop
  endfacet
  facet normal 0.659321 0.751862 -0
    outer loop
      vertex 14.265 21.7389 0
      vertex 13.9847 21.9847 1.2
      vertex 14.265 21.7389 1.2
    endloop
  endfacet
  facet normal 0.659321 0.751862 0
    outer loop
      vertex 13.9847 21.9847 1.2
      vertex 14.265 21.7389 0
      vertex 13.9847 21.9847 0
    endloop
  endfacet
  facet normal -0.831513 0.555505 0
    outer loop
      vertex 18.2611 22.265 0
      vertex 18.4682 22.575 1.2
      vertex 18.4682 22.575 0
    endloop
  endfacet
  facet normal -0.831513 0.555505 0
    outer loop
      vertex 18.4682 22.575 1.2
      vertex 18.2611 22.265 0
      vertex 18.2611 22.265 1.2
    endloop
  endfacet
  facet normal 0.751862 0.659321 0
    outer loop
      vertex 13.9847 21.9847 1.2
      vertex 13.7389 22.265 0
      vertex 13.7389 22.265 1.2
    endloop
  endfacet
  facet normal 0.751862 0.659321 0
    outer loop
      vertex 13.7389 22.265 0
      vertex 13.9847 21.9847 1.2
      vertex 13.9847 21.9847 0
    endloop
  endfacet
  facet normal 0.997856 -0.0654508 0
    outer loop
      vertex 13.15 24 1.2
      vertex 13.1744 24.372 0
      vertex 13.1744 24.372 1.2
    endloop
  endfacet
  facet normal 0.997856 -0.0654508 0
    outer loop
      vertex 13.1744 24.372 0
      vertex 13.15 24 1.2
      vertex 13.15 24 0
    endloop
  endfacet
  facet normal 0.195033 0.980797 -0
    outer loop
      vertex 15.628 21.1744 0
      vertex 15.2624 21.2471 1.2
      vertex 15.628 21.1744 1.2
    endloop
  endfacet
  facet normal 0.195033 0.980797 0
    outer loop
      vertex 15.2624 21.2471 1.2
      vertex 15.628 21.1744 0
      vertex 15.2624 21.2471 0
    endloop
  endfacet
  facet normal -0.0654508 0.997856 0
    outer loop
      vertex 16.372 21.1744 0
      vertex 16 21.15 1.2
      vertex 16.372 21.1744 1.2
    endloop
  endfacet
  facet normal -0.0654508 0.997856 0
    outer loop
      vertex 16 21.15 1.2
      vertex 16.372 21.1744 0
      vertex 16 21.15 0
    endloop
  endfacet
  facet normal 0.442272 -0.896881 0
    outer loop
      vertex 14.575 26.4682 0
      vertex 14.9094 26.6331 1.2
      vertex 14.575 26.4682 1.2
    endloop
  endfacet
  facet normal 0.442272 -0.896881 0
    outer loop
      vertex 14.9094 26.6331 1.2
      vertex 14.575 26.4682 0
      vertex 14.9094 26.6331 0
    endloop
  endfacet
  facet normal 0.321374 0.946952 -0
    outer loop
      vertex 15.2624 21.2471 0
      vertex 14.9094 21.3669 1.2
      vertex 15.2624 21.2471 1.2
    endloop
  endfacet
  facet normal 0.321374 0.946952 0
    outer loop
      vertex 14.9094 21.3669 1.2
      vertex 15.2624 21.2471 0
      vertex 14.9094 21.3669 0
    endloop
  endfacet
  facet normal 0.751862 -0.659321 0
    outer loop
      vertex 13.7389 25.735 1.2
      vertex 13.9847 26.0153 0
      vertex 13.9847 26.0153 1.2
    endloop
  endfacet
  facet normal 0.751862 -0.659321 0
    outer loop
      vertex 13.9847 26.0153 0
      vertex 13.7389 25.735 1.2
      vertex 13.7389 25.735 0
    endloop
  endfacet
  facet normal 0.831513 0.555505 0
    outer loop
      vertex 13.7389 22.265 1.2
      vertex 13.5318 22.575 0
      vertex 13.5318 22.575 1.2
    endloop
  endfacet
  facet normal 0.831513 0.555505 0
    outer loop
      vertex 13.5318 22.575 0
      vertex 13.7389 22.265 1.2
      vertex 13.7389 22.265 0
    endloop
  endfacet
  facet normal 0.0654508 -0.997856 0
    outer loop
      vertex 15.628 26.8256 0
      vertex 16 26.85 1.2
      vertex 15.628 26.8256 1.2
    endloop
  endfacet
  facet normal 0.0654508 -0.997856 0
    outer loop
      vertex 16 26.85 1.2
      vertex 15.628 26.8256 0
      vertex 16 26.85 0
    endloop
  endfacet
  facet normal 0.442272 0.896881 -0
    outer loop
      vertex 14.9094 21.3669 0
      vertex 14.575 21.5318 1.2
      vertex 14.9094 21.3669 1.2
    endloop
  endfacet
  facet normal 0.442272 0.896881 0
    outer loop
      vertex 14.575 21.5318 1.2
      vertex 14.9094 21.3669 0
      vertex 14.575 21.5318 0
    endloop
  endfacet
  facet normal -0.896881 0.442272 0
    outer loop
      vertex 18.4682 22.575 0
      vertex 18.6331 22.9094 1.2
      vertex 18.6331 22.9094 0
    endloop
  endfacet
  facet normal -0.896881 0.442272 0
    outer loop
      vertex 18.6331 22.9094 1.2
      vertex 18.4682 22.575 0
      vertex 18.4682 22.575 1.2
    endloop
  endfacet
  facet normal 0.896881 -0.442272 0
    outer loop
      vertex 13.3669 25.0906 1.2
      vertex 13.5318 25.425 0
      vertex 13.5318 25.425 1.2
    endloop
  endfacet
  facet normal 0.896881 -0.442272 0
    outer loop
      vertex 13.5318 25.425 0
      vertex 13.3669 25.0906 1.2
      vertex 13.3669 25.0906 0
    endloop
  endfacet
  facet normal 0.831513 -0.555505 0
    outer loop
      vertex 13.5318 25.425 1.2
      vertex 13.7389 25.735 0
      vertex 13.7389 25.735 1.2
    endloop
  endfacet
  facet normal 0.831513 -0.555505 0
    outer loop
      vertex 13.7389 25.735 0
      vertex 13.5318 25.425 1.2
      vertex 13.5318 25.425 0
    endloop
  endfacet
  facet normal -0 0 1
    outer loop
      vertex 21.1 26 3
      vertex 22.3 22 3
      vertex 22.3 26 3
    endloop
  endfacet
  facet normal 0 0 1
    outer loop
      vertex 22.3 22 3
      vertex 21.1 26 3
      vertex 21.1 22 3
    endloop
  endfacet
  facet normal 0 -1 0
    outer loop
      vertex 21.1 26 3
      vertex 22.3 26 5.5
      vertex 21.1 26 5.5
    endloop
  endfacet
  facet normal 0 -1 -0
    outer loop
      vertex 22.3 26 5.5
      vertex 21.1 26 3
      vertex 22.3 26 3
    endloop
  endfacet
  facet normal 0 1 -0
    outer loop
      vertex 22.3 22 3
      vertex 21.1 22 5.5
      vertex 22.3 22 5.5
    endloop
  endfacet
  facet normal 0 1 0
    outer loop
      vertex 21.1 22 5.5
      vertex 22.3 22 3
      vertex 21.1 22 3
    endloop
  endfacet
  facet normal 1 0 0
    outer loop
      vertex 38.3 22 5.5
      vertex 38.3 17.7 5.5
      vertex 38.3 22 3
    endloop
  endfacet
  facet normal 1 0 0
    outer loop
      vertex 38.3 26 3
      vertex 38.3 30.3 5.5
      vertex 38.3 26 5.5
    endloop
  endfacet
  facet normal 1 0 0
    outer loop
      vertex 38.3 30.3 5.5
      vertex 38.3 26 3
      vertex 38.3 30.3 0
    endloop
  endfacet
  facet normal 1 -0 0
    outer loop
      vertex 38.3 22 3
      vertex 38.3 30.3 0
      vertex 38.3 26 3
    endloop
  endfacet
  facet normal 1 0 0
    outer loop
      vertex 38.3 22 3
      vertex 38.3 17.7 0
      vertex 38.3 30.3 0
    endloop
  endfacet
  facet normal 1 0 0
    outer loop
      vertex 38.3 17.7 0
      vertex 38.3 22 3
      vertex 38.3 17.7 5.5
    endloop
  endfacet
  facet normal 0 0 1
    outer loop
      vertex 38.3 30.3 5.5
      vertex 37.1 29.1 5.5
      vertex 38.3 26 5.5
    endloop
  endfacet
  facet normal 0 0 1
    outer loop
      vertex 38.3 30.3 5.5
      vertex 26.9 29.1 5.5
      vertex 37.1 29.1 5.5
    endloop
  endfacet
  facet normal 0 0 1
    outer loop
      vertex 26.9 29.1 5.5
      vertex 25.7 30.3 5.5
      vertex 26.9 18.9 5.5
    endloop
  endfacet
  facet normal -0 0 1
    outer loop
      vertex 25.7 30.3 5.5
      vertex 26.9 29.1 5.5
      vertex 38.3 30.3 5.5
    endloop
  endfacet
  facet normal 0 0 1
    outer loop
      vertex 38.3 26 5.5
      vertex 37.1 29.1 5.5
      vertex 37.1 26 5.5
    endloop
  endfacet
  facet normal 0 0 1
    outer loop
      vertex 37.1 18.9 5.5
      vertex 38.3 22 5.5
      vertex 37.1 22 5.5
    endloop
  endfacet
  facet normal 0 0 1
    outer loop
      vertex 38.3 22 5.5
      vertex 37.1 18.9 5.5
      vertex 38.3 17.7 5.5
    endloop
  endfacet
  facet normal -0 0 1
    outer loop
      vertex 26.9 18.9 5.5
      vertex 38.3 17.7 5.5
      vertex 37.1 18.9 5.5
    endloop
  endfacet
  facet normal 0 0 1
    outer loop
      vertex 26.9 18.9 5.5
      vertex 25.7 17.7 5.5
      vertex 38.3 17.7 5.5
    endloop
  endfacet
  facet normal 0 0 1
    outer loop
      vertex 25.7 17.7 5.5
      vertex 26.9 18.9 5.5
      vertex 25.7 30.3 5.5
    endloop
  endfacet
  facet normal 0 0 -1
    outer loop
      vertex 38.3 17.7 0
      vertex 34.85 24 0
      vertex 38.3 30.3 0
    endloop
  endfacet
  facet normal 0 0 -1
    outer loop
      vertex 38.3 17.7 0
      vertex 34.8256 23.628 0
      vertex 34.85 24 0
    endloop
  endfacet
  facet normal 0 0 -1
    outer loop
      vertex 38.3 17.7 0
      vertex 34.7529 23.2624 0
      vertex 34.8256 23.628 0
    endloop
  endfacet
  facet normal 0 0 -1
    outer loop
      vertex 38.3 17.7 0
      vertex 34.6331 22.9094 0
      vertex 34.7529 23.2624 0
    endloop
  endfacet
  facet normal 0 0 -1
    outer loop
      vertex 38.3 17.7 0
      vertex 34.4682 22.575 0
      vertex 34.6331 22.9094 0
    endloop
  endfacet
  facet normal 0 0 -1
    outer loop
      vertex 38.3 17.7 0
      vertex 34.2611 22.265 0
      vertex 34.4682 22.575 0
    endloop
  endfacet
  facet normal 0 0 -1
    outer loop
      vertex 38.3 17.7 0
      vertex 34.0153 21.9847 0
      vertex 34.2611 22.265 0
    endloop
  endfacet
  facet normal 0 0 -1
    outer loop
      vertex 38.3 17.7 0
      vertex 33.735 21.7389 0
      vertex 34.0153 21.9847 0
    endloop
  endfacet
  facet normal 0 0 -1
    outer loop
      vertex 38.3 17.7 0
      vertex 33.425 21.5318 0
      vertex 33.735 21.7389 0
    endloop
  endfacet
  facet normal 0 0 -1
    outer loop
      vertex 38.3 17.7 0
      vertex 33.0906 21.3669 0
      vertex 33.425 21.5318 0
    endloop
  endfacet
  facet normal 0 0 -1
    outer loop
      vertex 38.3 17.7 0
      vertex 32.7376 21.2471 0
      vertex 33.0906 21.3669 0
    endloop
  endfacet
  facet normal 0 0 -1
    outer loop
      vertex 38.3 17.7 0
      vertex 32.372 21.1744 0
      vertex 32.7376 21.2471 0
    endloop
  endfacet
  facet normal 0 0 -1
    outer loop
      vertex 38.3 17.7 0
      vertex 32 21.15 0
      vertex 32.372 21.1744 0
    endloop
  endfacet
  facet normal 0 0 -1
    outer loop
      vertex 25.7 17.7 0
      vertex 32 21.15 0
      vertex 38.3 17.7 0
    endloop
  endfacet
  facet normal -0 0 -1
    outer loop
      vertex 32 21.15 0
      vertex 25.7 17.7 0
      vertex 31.628 21.1744 0
    endloop
  endfacet
  facet normal -0 0 -1
    outer loop
      vertex 31.628 21.1744 0
      vertex 25.7 17.7 0
      vertex 31.2624 21.2471 0
    endloop
  endfacet
  facet normal -0 0 -1
    outer loop
      vertex 31.2624 21.2471 0
      vertex 25.7 17.7 0
      vertex 30.9094 21.3669 0
    endloop
  endfacet
  facet normal -0 0 -1
    outer loop
      vertex 29.1744 23.628 0
      vertex 25.7 17.7 0
      vertex 29.15 24 0
    endloop
  endfacet
  facet normal -0 0 -1
    outer loop
      vertex 29.2471 23.2624 0
      vertex 25.7 17.7 0
      vertex 29.1744 23.628 0
    endloop
  endfacet
  facet normal -0 0 -1
    outer loop
      vertex 29.3669 22.9094 0
      vertex 25.7 17.7 0
      vertex 29.2471 23.2624 0
    endloop
  endfacet
  facet normal -0 0 -1
    outer loop
      vertex 29.5318 22.575 0
      vertex 25.7 17.7 0
      vertex 29.3669 22.9094 0
    endloop
  endfacet
  facet normal -0 0 -1
    outer loop
      vertex 29.7389 22.265 0
      vertex 25.7 17.7 0
      vertex 29.5318 22.575 0
    endloop
  endfacet
  facet normal -0 0 -1
    outer loop
      vertex 29.9847 21.9847 0
      vertex 25.7 17.7 0
      vertex 29.7389 22.265 0
    endloop
  endfacet
  facet normal -0 0 -1
    outer loop
      vertex 30.265 21.7389 0
      vertex 25.7 17.7 0
      vertex 29.9847 21.9847 0
    endloop
  endfacet
  facet normal -0 0 -1
    outer loop
      vertex 30.575 21.5318 0
      vertex 25.7 17.7 0
      vertex 30.265 21.7389 0
    endloop
  endfacet
  facet normal -0 0 -1
    outer loop
      vertex 30.9094 21.3669 0
      vertex 25.7 17.7 0
      vertex 30.575 21.5318 0
    endloop
  endfacet
  facet normal 0 0 -1
    outer loop
      vertex 34.8256 24.372 0
      vertex 38.3 30.3 0
      vertex 34.85 24 0
    endloop
  endfacet
  facet normal 0 0 -1
    outer loop
      vertex 34.7529 24.7376 0
      vertex 38.3 30.3 0
      vertex 34.8256 24.372 0
    endloop
  endfacet
  facet normal 0 0 -1
    outer loop
      vertex 34.6331 25.0906 0
      vertex 38.3 30.3 0
      vertex 34.7529 24.7376 0
    endloop
  endfacet
  facet normal 0 0 -1
    outer loop
      vertex 34.4682 25.425 0
      vertex 38.3 30.3 0
      vertex 34.6331 25.0906 0
    endloop
  endfacet
  facet normal 0 0 -1
    outer loop
      vertex 34.2611 25.735 0
      vertex 38.3 30.3 0
      vertex 34.4682 25.425 0
    endloop
  endfacet
  facet normal 0 0 -1
    outer loop
      vertex 34.0153 26.0153 0
      vertex 38.3 30.3 0
      vertex 34.2611 25.735 0
    endloop
  endfacet
  facet normal 0 0 -1
    outer loop
      vertex 33.735 26.2611 0
      vertex 38.3 30.3 0
      vertex 34.0153 26.0153 0
    endloop
  endfacet
  facet normal 0 0 -1
    outer loop
      vertex 33.425 26.4682 0
      vertex 38.3 30.3 0
      vertex 33.735 26.2611 0
    endloop
  endfacet
  facet normal 0 0 -1
    outer loop
      vertex 33.0906 26.6331 0
      vertex 38.3 30.3 0
      vertex 33.425 26.4682 0
    endloop
  endfacet
  facet normal 0 0 -1
    outer loop
      vertex 32.7376 26.7529 0
      vertex 38.3 30.3 0
      vertex 33.0906 26.6331 0
    endloop
  endfacet
  facet normal 0 0 -1
    outer loop
      vertex 32.372 26.8256 0
      vertex 38.3 30.3 0
      vertex 32.7376 26.7529 0
    endloop
  endfacet
  facet normal 0 0 -1
    outer loop
      vertex 32 26.85 0
      vertex 38.3 30.3 0
      vertex 32.372 26.8256 0
    endloop
  endfacet
  facet normal 0 0 -1
    outer loop
      vertex 25.7 30.3 0
      vertex 32 26.85 0
      vertex 31.628 26.8256 0
    endloop
  endfacet
  facet normal 0 0 -1
    outer loop
      vertex 25.7 30.3 0
      vertex 31.628 26.8256 0
      vertex 31.2624 26.7529 0
    endloop
  endfacet
  facet normal 0 0 -1
    outer loop
      vertex 25.7 30.3 0
      vertex 31.2624 26.7529 0
      vertex 30.9094 26.6331 0
    endloop
  endfacet
  facet normal 0 0 -1
    outer loop
      vertex 25.7 30.3 0
      vertex 30.9094 26.6331 0
      vertex 30.575 26.4682 0
    endloop
  endfacet
  facet normal 0 0 -1
    outer loop
      vertex 25.7 30.3 0
      vertex 29.15 24 0
      vertex 25.7 17.7 0
    endloop
  endfacet
  facet normal 0 0 -1
    outer loop
      vertex 29.15 24 0
      vertex 25.7 30.3 0
      vertex 29.1744 24.372 0
    endloop
  endfacet
  facet normal 0 0 -1
    outer loop
      vertex 29.1744 24.372 0
      vertex 25.7 30.3 0
      vertex 29.2471 24.7376 0
    endloop
  endfacet
  facet normal 0 0 -1
    outer loop
      vertex 29.2471 24.7376 0
      vertex 25.7 30.3 0
      vertex 29.3669 25.0906 0
    endloop
  endfacet
  facet normal 0 0 -1
    outer loop
      vertex 32 26.85 0
      vertex 25.7 30.3 0
      vertex 38.3 30.3 0
    endloop
  endfacet
  facet normal 0 0 -1
    outer loop
      vertex 30.265 26.2611 0
      vertex 25.7 30.3 0
      vertex 30.575 26.4682 0
    endloop
  endfacet
  facet normal 0 0 -1
    outer loop
      vertex 29.9847 26.0153 0
      vertex 25.7 30.3 0
      vertex 30.265 26.2611 0
    endloop
  endfacet
  facet normal 0 0 -1
    outer loop
      vertex 29.7389 25.735 0
      vertex 25.7 30.3 0
      vertex 29.9847 26.0153 0
    endloop
  endfacet
  facet normal 0 0 -1
    outer loop
      vertex 29.5318 25.425 0
      vertex 25.7 30.3 0
      vertex 29.7389 25.735 0
    endloop
  endfacet
  facet normal 0 0 -1
    outer loop
      vertex 29.3669 25.0906 0
      vertex 25.7 30.3 0
      vertex 29.5318 25.425 0
    endloop
  endfacet
  facet normal -1 0 0
    outer loop
      vertex 25.7 17.7 0
      vertex 25.7 30.3 5.5
      vertex 25.7 30.3 0
    endloop
  endfacet
  facet normal -1 -0 0
    outer loop
      vertex 25.7 30.3 5.5
      vertex 25.7 17.7 0
      vertex 25.7 17.7 5.5
    endloop
  endfacet
  facet normal 0 1 -0
    outer loop
      vertex 38.3 30.3 0
      vertex 25.7 30.3 5.5
      vertex 38.3 30.3 5.5
    endloop
  endfacet
  facet normal 0 1 0
    outer loop
      vertex 25.7 30.3 5.5
      vertex 38.3 30.3 0
      vertex 25.7 30.3 0
    endloop
  endfacet
  facet normal 0 -1 0
    outer loop
      vertex 25.7 17.7 0
      vertex 38.3 17.7 5.5
      vertex 25.7 17.7 5.5
    endloop
  endfacet
  facet normal 0 -1 -0
    outer loop
      vertex 38.3 17.7 5.5
      vertex 25.7 17.7 0
      vertex 38.3 17.7 0
    endloop
  endfacet
  facet normal -1 0 0
    outer loop
      vertex 37.1 29.1 1.2
      vertex 37.1 26 3
      vertex 37.1 29.1 5.5
    endloop
  endfacet
  facet normal -1 0 0
    outer loop
      vertex 37.1 29.1 1.2
      vertex 37.1 22 3
      vertex 37.1 26 3
    endloop
  endfacet
  facet normal -1 0 0
    outer loop
      vertex 37.1 18.9 1.2
      vertex 37.1 22 3
      vertex 37.1 29.1 1.2
    endloop
  endfacet
  facet normal -1 0 0
    outer loop
      vertex 37.1 18.9 5.5
      vertex 37.1 22 3
      vertex 37.1 18.9 1.2
    endloop
  endfacet
  facet normal -1 0 0
    outer loop
      vertex 37.1 22 3
      vertex 37.1 18.9 5.5
      vertex 37.1 22 5.5
    endloop
  endfacet
  facet normal -1 -0 0
    outer loop
      vertex 37.1 29.1 5.5
      vertex 37.1 26 3
      vertex 37.1 26 5.5
    endloop
  endfacet
  facet normal 0 0 1
    outer loop
      vertex 37.1 29.1 1.2
      vertex 34.85 24 1.2
      vertex 37.1 18.9 1.2
    endloop
  endfacet
  facet normal 0 0 1
    outer loop
      vertex 37.1 29.1 1.2
      vertex 34.8256 24.372 1.2
      vertex 34.85 24 1.2
    endloop
  endfacet
  facet normal 0 0 1
    outer loop
      vertex 37.1 29.1 1.2
      vertex 34.7529 24.7376 1.2
      vertex 34.8256 24.372 1.2
    endloop
  endfacet
  facet normal 0 0 1
    outer loop
      vertex 37.1 29.1 1.2
      vertex 34.6331 25.0906 1.2
      vertex 34.7529 24.7376 1.2
    endloop
  endfacet
  facet normal 0 0 1
    outer loop
      vertex 37.1 29.1 1.2
      vertex 34.4682 25.425 1.2
      vertex 34.6331 25.0906 1.2
    endloop
  endfacet
  facet normal 0 0 1
    outer loop
      vertex 37.1 29.1 1.2
      vertex 34.2611 25.735 1.2
      vertex 34.4682 25.425 1.2
    endloop
  endfacet
  facet normal 0 0 1
    outer loop
      vertex 37.1 29.1 1.2
      vertex 34.0153 26.0153 1.2
      vertex 34.2611 25.735 1.2
    endloop
  endfacet
  facet normal 0 0 1
    outer loop
      vertex 37.1 29.1 1.2
      vertex 33.735 26.2611 1.2
      vertex 34.0153 26.0153 1.2
    endloop
  endfacet
  facet normal 0 0 1
    outer loop
      vertex 37.1 29.1 1.2
      vertex 33.425 26.4682 1.2
      vertex 33.735 26.2611 1.2
    endloop
  endfacet
  facet normal 0 0 1
    outer loop
      vertex 37.1 29.1 1.2
      vertex 33.0906 26.6331 1.2
      vertex 33.425 26.4682 1.2
    endloop
  endfacet
  facet normal 0 0 1
    outer loop
      vertex 37.1 29.1 1.2
      vertex 32.7376 26.7529 1.2
      vertex 33.0906 26.6331 1.2
    endloop
  endfacet
  facet normal 0 0 1
    outer loop
      vertex 37.1 29.1 1.2
      vertex 32.372 26.8256 1.2
      vertex 32.7376 26.7529 1.2
    endloop
  endfacet
  facet normal 0 0 1
    outer loop
      vertex 37.1 29.1 1.2
      vertex 32 26.85 1.2
      vertex 32.372 26.8256 1.2
    endloop
  endfacet
  facet normal -0 0 1
    outer loop
      vertex 26.9 29.1 1.2
      vertex 32 26.85 1.2
      vertex 37.1 29.1 1.2
    endloop
  endfacet
  facet normal 0 0 1
    outer loop
      vertex 32 26.85 1.2
      vertex 26.9 29.1 1.2
      vertex 31.628 26.8256 1.2
    endloop
  endfacet
  facet normal 0 0 1
    outer loop
      vertex 31.628 26.8256 1.2
      vertex 26.9 29.1 1.2
      vertex 31.2624 26.7529 1.2
    endloop
  endfacet
  facet normal 0 0 1
    outer loop
      vertex 29.1744 24.372 1.2
      vertex 26.9 29.1 1.2
      vertex 29.15 24 1.2
    endloop
  endfacet
  facet normal 0 0 1
    outer loop
      vertex 29.2471 24.7376 1.2
      vertex 26.9 29.1 1.2
      vertex 29.1744 24.372 1.2
    endloop
  endfacet
  facet normal 0 0 1
    outer loop
      vertex 29.3669 25.0906 1.2
      vertex 26.9 29.1 1.2
      vertex 29.2471 24.7376 1.2
    endloop
  endfacet
  facet normal 0 0 1
    outer loop
      vertex 29.5318 25.425 1.2
      vertex 26.9 29.1 1.2
      vertex 29.3669 25.0906 1.2
    endloop
  endfacet
  facet normal 0 0 1
    outer loop
      vertex 29.7389 25.735 1.2
      vertex 26.9 29.1 1.2
      vertex 29.5318 25.425 1.2
    endloop
  endfacet
  facet normal 0 0 1
    outer loop
      vertex 29.9847 26.0153 1.2
      vertex 26.9 29.1 1.2
      vertex 29.7389 25.735 1.2
    endloop
  endfacet
  facet normal 0 0 1
    outer loop
      vertex 30.265 26.2611 1.2
      vertex 26.9 29.1 1.2
      vertex 29.9847 26.0153 1.2
    endloop
  endfacet
  facet normal 0 0 1
    outer loop
      vertex 30.575 26.4682 1.2
      vertex 26.9 29.1 1.2
      vertex 30.265 26.2611 1.2
    endloop
  endfacet
  facet normal 0 0 1
    outer loop
      vertex 30.9094 26.6331 1.2
      vertex 26.9 29.1 1.2
      vertex 30.575 26.4682 1.2
    endloop
  endfacet
  facet normal 0 0 1
    outer loop
      vertex 31.2624 26.7529 1.2
      vertex 26.9 29.1 1.2
      vertex 30.9094 26.6331 1.2
    endloop
  endfacet
  facet normal -0 0 1
    outer loop
      vertex 34.8256 23.628 1.2
      vertex 37.1 18.9 1.2
      vertex 34.85 24 1.2
    endloop
  endfacet
  facet normal -0 0 1
    outer loop
      vertex 34.7529 23.2624 1.2
      vertex 37.1 18.9 1.2
      vertex 34.8256 23.628 1.2
    endloop
  endfacet
  facet normal -0 0 1
    outer loop
      vertex 34.6331 22.9094 1.2
      vertex 37.1 18.9 1.2
      vertex 34.7529 23.2624 1.2
    endloop
  endfacet
  facet normal -0 0 1
    outer loop
      vertex 34.4682 22.575 1.2
      vertex 37.1 18.9 1.2
      vertex 34.6331 22.9094 1.2
    endloop
  endfacet
  facet normal -0 0 1
    outer loop
      vertex 34.2611 22.265 1.2
      vertex 37.1 18.9 1.2
      vertex 34.4682 22.575 1.2
    endloop
  endfacet
  facet normal -0 0 1
    outer loop
      vertex 34.0153 21.9847 1.2
      vertex 37.1 18.9 1.2
      vertex 34.2611 22.265 1.2
    endloop
  endfacet
  facet normal -0 0 1
    outer loop
      vertex 33.735 21.7389 1.2
      vertex 37.1 18.9 1.2
      vertex 34.0153 21.9847 1.2
    endloop
  endfacet
  facet normal -0 0 1
    outer loop
      vertex 33.425 21.5318 1.2
      vertex 37.1 18.9 1.2
      vertex 33.735 21.7389 1.2
    endloop
  endfacet
  facet normal -0 0 1
    outer loop
      vertex 33.0906 21.3669 1.2
      vertex 37.1 18.9 1.2
      vertex 33.425 21.5318 1.2
    endloop
  endfacet
  facet normal -0 0 1
    outer loop
      vertex 32.7376 21.2471 1.2
      vertex 37.1 18.9 1.2
      vertex 33.0906 21.3669 1.2
    endloop
  endfacet
  facet normal -0 0 1
    outer loop
      vertex 32.372 21.1744 1.2
      vertex 37.1 18.9 1.2
      vertex 32.7376 21.2471 1.2
    endloop
  endfacet
  facet normal -0 0 1
    outer loop
      vertex 32 21.15 1.2
      vertex 37.1 18.9 1.2
      vertex 32.372 21.1744 1.2
    endloop
  endfacet
  facet normal 0 0 1
    outer loop
      vertex 26.9 18.9 1.2
      vertex 32 21.15 1.2
      vertex 31.628 21.1744 1.2
    endloop
  endfacet
  facet normal 0 0 1
    outer loop
      vertex 26.9 18.9 1.2
      vertex 31.628 21.1744 1.2
      vertex 31.2624 21.2471 1.2
    endloop
  endfacet
  facet normal 0 0 1
    outer loop
      vertex 26.9 18.9 1.2
      vertex 31.2624 21.2471 1.2
      vertex 30.9094 21.3669 1.2
    endloop
  endfacet
  facet normal 0 0 1
    outer loop
      vertex 26.9 18.9 1.2
      vertex 29.15 24 1.2
      vertex 26.9 29.1 1.2
    endloop
  endfacet
  facet normal 0 0 1
    outer loop
      vertex 29.15 24 1.2
      vertex 26.9 18.9 1.2
      vertex 29.1744 23.628 1.2
    endloop
  endfacet
  facet normal 0 0 1
    outer loop
      vertex 29.1744 23.628 1.2
      vertex 26.9 18.9 1.2
      vertex 29.2471 23.2624 1.2
    endloop
  endfacet
  facet normal 0 0 1
    outer loop
      vertex 32 21.15 1.2
      vertex 26.9 18.9 1.2
      vertex 37.1 18.9 1.2
    endloop
  endfacet
  facet normal 0 0 1
    outer loop
      vertex 30.575 21.5318 1.2
      vertex 26.9 18.9 1.2
      vertex 30.9094 21.3669 1.2
    endloop
  endfacet
  facet normal 0 0 1
    outer loop
      vertex 30.265 21.7389 1.2
      vertex 26.9 18.9 1.2
      vertex 30.575 21.5318 1.2
    endloop
  endfacet
  facet normal 0 0 1
    outer loop
      vertex 29.9847 21.9847 1.2
      vertex 26.9 18.9 1.2
      vertex 30.265 21.7389 1.2
    endloop
  endfacet
  facet normal 0 0 1
    outer loop
      vertex 29.7389 22.265 1.2
      vertex 26.9 18.9 1.2
      vertex 29.9847 21.9847 1.2
    endloop
  endfacet
  facet normal 0 0 1
    outer loop
      vertex 29.5318 22.575 1.2
      vertex 26.9 18.9 1.2
      vertex 29.7389 22.265 1.2
    endloop
  endfacet
  facet normal 0 0 1
    outer loop
      vertex 29.3669 22.9094 1.2
      vertex 26.9 18.9 1.2
      vertex 29.5318 22.575 1.2
    endloop
  endfacet
  facet normal 0 0 1
    outer loop
      vertex 29.2471 23.2624 1.2
      vertex 26.9 18.9 1.2
      vertex 29.3669 22.9094 1.2
    endloop
  endfacet
  facet normal 1 -0 0
    outer loop
      vertex 26.9 18.9 5.5
      vertex 26.9 29.1 1.2
      vertex 26.9 29.1 5.5
    endloop
  endfacet
  facet normal 1 0 0
    outer loop
      vertex 26.9 29.1 1.2
      vertex 26.9 18.9 5.5
      vertex 26.9 18.9 1.2
    endloop
  endfacet
  facet normal 0 -1 0
    outer loop
      vertex 26.9 29.1 1.2
      vertex 37.1 29.1 5.5
      vertex 26.9 29.1 5.5
    endloop
  endfacet
  facet normal 0 -1 -0
    outer loop
      vertex 37.1 29.1 5.5
      vertex 26.9 29.1 1.2
      vertex 37.1 29.1 1.2
    endloop
  endfacet
  facet normal 0 1 -0
    outer loop
      vertex 37.1 18.9 1.2
      vertex 26.9 18.9 5.5
      vertex 37.1 18.9 5.5
    endloop
  endfacet
  facet normal 0 1 0
    outer loop
      vertex 26.9 18.9 5.5
      vertex 37.1 18.9 1.2
      vertex 26.9 18.9 1.2
    endloop
  endfacet
  facet normal 0.896881 0.442272 0
    outer loop
      vertex 29.5318 22.575 1.2
      vertex 29.3669 22.9094 0
      vertex 29.3669 22.9094 1.2
    endloop
  endfacet
  facet normal 0.896881 0.442272 0
    outer loop
      vertex 29.3669 22.9094 0
      vertex 29.5318 22.575 1.2
      vertex 29.5318 22.575 0
    endloop
  endfacet
  facet normal -0.442272 0.896881 0
    outer loop
      vertex 33.425 21.5318 0
      vertex 33.0906 21.3669 1.2
      vertex 33.425 21.5318 1.2
    endloop
  endfacet
  facet normal -0.442272 0.896881 0
    outer loop
      vertex 33.0906 21.3669 1.2
      vertex 33.425 21.5318 0
      vertex 33.0906 21.3669 0
    endloop
  endfacet
  facet normal -0.980797 -0.195033 0
    outer loop
      vertex 34.8256 24.372 0
      vertex 34.7529 24.7376 1.2
      vertex 34.7529 24.7376 0
    endloop
  endfacet
  facet normal -0.980797 -0.195033 0
    outer loop
      vertex 34.7529 24.7376 1.2
      vertex 34.8256 24.372 0
      vertex 34.8256 24.372 1.2
    endloop
  endfacet
  facet normal -0.997856 -0.0654508 0
    outer loop
      vertex 34.85 24 0
      vertex 34.8256 24.372 1.2
      vertex 34.8256 24.372 0
    endloop
  endfacet
  facet normal -0.997856 -0.0654508 0
    outer loop
      vertex 34.8256 24.372 1.2
      vertex 34.85 24 0
      vertex 34.85 24 1.2
    endloop
  endfacet
  facet normal -0.946952 -0.321374 0
    outer loop
      vertex 34.7529 24.7376 0
      vertex 34.6331 25.0906 1.2
      vertex 34.6331 25.0906 0
    endloop
  endfacet
  facet normal -0.946952 -0.321374 0
    outer loop
      vertex 34.6331 25.0906 1.2
      vertex 34.7529 24.7376 0
      vertex 34.7529 24.7376 1.2
    endloop
  endfacet
  facet normal -0.751862 0.659321 0
    outer loop
      vertex 34.0153 21.9847 0
      vertex 34.2611 22.265 1.2
      vertex 34.2611 22.265 0
    endloop
  endfacet
  facet normal -0.751862 0.659321 0
    outer loop
      vertex 34.2611 22.265 1.2
      vertex 34.0153 21.9847 0
      vertex 34.0153 21.9847 1.2
    endloop
  endfacet
  facet normal 0.555505 -0.831513 0
    outer loop
      vertex 30.265 26.2611 0
      vertex 30.575 26.4682 1.2
      vertex 30.265 26.2611 1.2
    endloop
  endfacet
  facet normal 0.555505 -0.831513 0
    outer loop
      vertex 30.575 26.4682 1.2
      vertex 30.265 26.2611 0
      vertex 30.575 26.4682 0
    endloop
  endfacet
  facet normal -0.321374 -0.946952 0
    outer loop
      vertex 32.7376 26.7529 0
      vertex 33.0906 26.6331 1.2
      vertex 32.7376 26.7529 1.2
    endloop
  endfacet
  facet normal -0.321374 -0.946952 -0
    outer loop
      vertex 33.0906 26.6331 1.2
      vertex 32.7376 26.7529 0
      vertex 33.0906 26.6331 0
    endloop
  endfacet
  facet normal -0.555505 -0.831513 0
    outer loop
      vertex 33.425 26.4682 0
      vertex 33.735 26.2611 1.2
      vertex 33.425 26.4682 1.2
    endloop
  endfacet
  facet normal -0.555505 -0.831513 -0
    outer loop
      vertex 33.735 26.2611 1.2
      vertex 33.425 26.4682 0
      vertex 33.735 26.2611 0
    endloop
  endfacet
  facet normal -0.321374 0.946952 0
    outer loop
      vertex 33.0906 21.3669 0
      vertex 32.7376 21.2471 1.2
      vertex 33.0906 21.3669 1.2
    endloop
  endfacet
  facet normal -0.321374 0.946952 0
    outer loop
      vertex 32.7376 21.2471 1.2
      vertex 33.0906 21.3669 0
      vertex 32.7376 21.2471 0
    endloop
  endfacet
  facet normal -0.896881 -0.442272 0
    outer loop
      vertex 34.6331 25.0906 0
      vertex 34.4682 25.425 1.2
      vertex 34.4682 25.425 0
    endloop
  endfacet
  facet normal -0.896881 -0.442272 0
    outer loop
      vertex 34.4682 25.425 1.2
      vertex 34.6331 25.0906 0
      vertex 34.6331 25.0906 1.2
    endloop
  endfacet
  facet normal 0.195033 -0.980797 0
    outer loop
      vertex 31.2624 26.7529 0
      vertex 31.628 26.8256 1.2
      vertex 31.2624 26.7529 1.2
    endloop
  endfacet
  facet normal 0.195033 -0.980797 0
    outer loop
      vertex 31.628 26.8256 1.2
      vertex 31.2624 26.7529 0
      vertex 31.628 26.8256 0
    endloop
  endfacet
  facet normal -0.946952 0.321374 0
    outer loop
      vertex 34.6331 22.9094 0
      vertex 34.7529 23.2624 1.2
      vertex 34.7529 23.2624 0
    endloop
  endfacet
  facet normal -0.946952 0.321374 0
    outer loop
      vertex 34.7529 23.2624 1.2
      vertex 34.6331 22.9094 0
      vertex 34.6331 22.9094 1.2
    endloop
  endfacet
  facet normal 0.555505 0.831513 -0
    outer loop
      vertex 30.575 21.5318 0
      vertex 30.265 21.7389 1.2
      vertex 30.575 21.5318 1.2
    endloop
  endfacet
  facet normal 0.555505 0.831513 0
    outer loop
      vertex 30.265 21.7389 1.2
      vertex 30.575 21.5318 0
      vertex 30.265 21.7389 0
    endloop
  endfacet
  facet normal 0.659321 -0.751862 0
    outer loop
      vertex 29.9847 26.0153 0
      vertex 30.265 26.2611 1.2
      vertex 29.9847 26.0153 1.2
    endloop
  endfacet
  facet normal 0.659321 -0.751862 0
    outer loop
      vertex 30.265 26.2611 1.2
      vertex 29.9847 26.0153 0
      vertex 30.265 26.2611 0
    endloop
  endfacet
  facet normal 0.980797 -0.195033 0
    outer loop
      vertex 29.1744 24.372 1.2
      vertex 29.2471 24.7376 0
      vertex 29.2471 24.7376 1.2
    endloop
  endfacet
  facet normal 0.980797 -0.195033 0
    outer loop
      vertex 29.2471 24.7376 0
      vertex 29.1744 24.372 1.2
      vertex 29.1744 24.372 0
    endloop
  endfacet
  facet normal 0.321374 -0.946952 0
    outer loop
      vertex 30.9094 26.6331 0
      vertex 31.2624 26.7529 1.2
      vertex 30.9094 26.6331 1.2
    endloop
  endfacet
  facet normal 0.321374 -0.946952 0
    outer loop
      vertex 31.2624 26.7529 1.2
      vertex 30.9094 26.6331 0
      vertex 31.2624 26.7529 0
    endloop
  endfacet
  facet normal -0.659321 0.751862 0
    outer loop
      vertex 34.0153 21.9847 0
      vertex 33.735 21.7389 1.2
      vertex 34.0153 21.9847 1.2
    endloop
  endfacet
  facet normal -0.659321 0.751862 0
    outer loop
      vertex 33.735 21.7389 1.2
      vertex 34.0153 21.9847 0
      vertex 33.735 21.7389 0
    endloop
  endfacet
  facet normal 0.946952 0.321374 0
    outer loop
      vertex 29.3669 22.9094 1.2
      vertex 29.2471 23.2624 0
      vertex 29.2471 23.2624 1.2
    endloop
  endfacet
  facet normal 0.946952 0.321374 0
    outer loop
      vertex 29.2471 23.2624 0
      vertex 29.3669 22.9094 1.2
      vertex 29.3669 22.9094 0
    endloop
  endfacet
  facet normal -0.831513 -0.555505 0
    outer loop
      vertex 34.4682 25.425 0
      vertex 34.2611 25.735 1.2
      vertex 34.2611 25.735 0
    endloop
  endfacet
  facet normal -0.831513 -0.555505 0
    outer loop
      vertex 34.2611 25.735 1.2
      vertex 34.4682 25.425 0
      vertex 34.4682 25.425 1.2
    endloop
  endfacet
  facet normal -0.195033 0.980797 0
    outer loop
      vertex 32.7376 21.2471 0
      vertex 32.372 21.1744 1.2
      vertex 32.7376 21.2471 1.2
    endloop
  endfacet
  facet normal -0.195033 0.980797 0
    outer loop
      vertex 32.372 21.1744 1.2
      vertex 32.7376 21.2471 0
      vertex 32.372 21.1744 0
    endloop
  endfacet
  facet normal 0.980797 0.195033 0
    outer loop
      vertex 29.2471 23.2624 1.2
      vertex 29.1744 23.628 0
      vertex 29.1744 23.628 1.2
    endloop
  endfacet
  facet normal 0.980797 0.195033 0
    outer loop
      vertex 29.1744 23.628 0
      vertex 29.2471 23.2624 1.2
      vertex 29.2471 23.2624 0
    endloop
  endfacet
  facet normal -0.659321 -0.751862 0
    outer loop
      vertex 33.735 26.2611 0
      vertex 34.0153 26.0153 1.2
      vertex 33.735 26.2611 1.2
    endloop
  endfacet
  facet normal -0.659321 -0.751862 -0
    outer loop
      vertex 34.0153 26.0153 1.2
      vertex 33.735 26.2611 0
      vertex 34.0153 26.0153 0
    endloop
  endfacet
  facet normal -0.997856 0.0654508 0
    outer loop
      vertex 34.8256 23.628 0
      vertex 34.85 24 1.2
      vertex 34.85 24 0
    endloop
  endfacet
  facet normal -0.997856 0.0654508 0
    outer loop
      vertex 34.85 24 1.2
      vertex 34.8256 23.628 0
      vertex 34.8256 23.628 1.2
    endloop
  endfacet
  facet normal -0.980797 0.195033 0
    outer loop
      vertex 34.7529 23.2624 0
      vertex 34.8256 23.628 1.2
      vertex 34.8256 23.628 0
    endloop
  endfacet
  facet normal -0.980797 0.195033 0
    outer loop
      vertex 34.8256 23.628 1.2
      vertex 34.7529 23.2624 0
      vertex 34.7529 23.2624 1.2
    endloop
  endfacet
  facet normal -0.555505 0.831513 0
    outer loop
      vertex 33.735 21.7389 0
      vertex 33.425 21.5318 1.2
      vertex 33.735 21.7389 1.2
    endloop
  endfacet
  facet normal -0.555505 0.831513 0
    outer loop
      vertex 33.425 21.5318 1.2
      vertex 33.735 21.7389 0
      vertex 33.425 21.5318 0
    endloop
  endfacet
  facet normal -0.195033 -0.980797 0
    outer loop
      vertex 32.372 26.8256 0
      vertex 32.7376 26.7529 1.2
      vertex 32.372 26.8256 1.2
    endloop
  endfacet
  facet normal -0.195033 -0.980797 -0
    outer loop
      vertex 32.7376 26.7529 1.2
      vertex 32.372 26.8256 0
      vertex 32.7376 26.7529 0
    endloop
  endfacet
  facet normal -0.751862 -0.659321 0
    outer loop
      vertex 34.2611 25.735 0
      vertex 34.0153 26.0153 1.2
      vertex 34.0153 26.0153 0
    endloop
  endfacet
  facet normal -0.751862 -0.659321 0
    outer loop
      vertex 34.0153 26.0153 1.2
      vertex 34.2611 25.735 0
      vertex 34.2611 25.735 1.2
    endloop
  endfacet
  facet normal -0.0654508 -0.997856 0
    outer loop
      vertex 32 26.85 0
      vertex 32.372 26.8256 1.2
      vertex 32 26.85 1.2
    endloop
  endfacet
  facet normal -0.0654508 -0.997856 -0
    outer loop
      vertex 32.372 26.8256 1.2
      vertex 32 26.85 0
      vertex 32.372 26.8256 0
    endloop
  endfacet
  facet normal 0.946952 -0.321374 0
    outer loop
      vertex 29.2471 24.7376 1.2
      vertex 29.3669 25.0906 0
      vertex 29.3669 25.0906 1.2
    endloop
  endfacet
  facet normal 0.946952 -0.321374 0
    outer loop
      vertex 29.3669 25.0906 0
      vertex 29.2471 24.7376 1.2
      vertex 29.2471 24.7376 0
    endloop
  endfacet
  facet normal 0.0654508 0.997856 -0
    outer loop
      vertex 32 21.15 0
      vertex 31.628 21.1744 1.2
      vertex 32 21.15 1.2
    endloop
  endfacet
  facet normal 0.0654508 0.997856 0
    outer loop
      vertex 31.628 21.1744 1.2
      vertex 32 21.15 0
      vertex 31.628 21.1744 0
    endloop
  endfacet
  facet normal -0.442272 -0.896881 0
    outer loop
      vertex 33.0906 26.6331 0
      vertex 33.425 26.4682 1.2
      vertex 33.0906 26.6331 1.2
    endloop
  endfacet
  facet normal -0.442272 -0.896881 -0
    outer loop
      vertex 33.425 26.4682 1.2
      vertex 33.0906 26.6331 0
      vertex 33.425 26.4682 0
    endloop
  endfacet
  facet normal 0.997856 0.0654508 0
    outer loop
      vertex 29.1744 23.628 1.2
      vertex 29.15 24 0
      vertex 29.15 24 1.2
    endloop
  endfacet
  facet normal 0.997856 0.0654508 0
    outer loop
      vertex 29.15 24 0
      vertex 29.1744 23.628 1.2
      vertex 29.1744 23.628 0
    endloop
  endfacet
  facet normal 0.659321 0.751862 -0
    outer loop
      vertex 30.265 21.7389 0
      vertex 29.9847 21.9847 1.2
      vertex 30.265 21.7389 1.2
    endloop
  endfacet
  facet normal 0.659321 0.751862 0
    outer loop
      vertex 29.9847 21.9847 1.2
      vertex 30.265 21.7389 0
      vertex 29.9847 21.9847 0
    endloop
  endfacet
  facet normal -0.831513 0.555505 0
    outer loop
      vertex 34.2611 22.265 0
      vertex 34.4682 22.575 1.2
      vertex 34.4682 22.575 0
    endloop
  endfacet
  facet normal -0.831513 0.555505 0
    outer loop
      vertex 34.4682 22.575 1.2
      vertex 34.2611 22.265 0
      vertex 34.2611 22.265 1.2
    endloop
  endfacet
  facet normal 0.751862 0.659321 0
    outer loop
      vertex 29.9847 21.9847 1.2
      vertex 29.7389 22.265 0
      vertex 29.7389 22.265 1.2
    endloop
  endfacet
  facet normal 0.751862 0.659321 0
    outer loop
      vertex 29.7389 22.265 0
      vertex 29.9847 21.9847 1.2
      vertex 29.9847 21.9847 0
    endloop
  endfacet
  facet normal 0.997856 -0.0654508 0
    outer loop
      vertex 29.15 24 1.2
      vertex 29.1744 24.372 0
      vertex 29.1744 24.372 1.2
    endloop
  endfacet
  facet normal 0.997856 -0.0654508 0
    outer loop
      vertex 29.1744 24.372 0
      vertex 29.15 24 1.2
      vertex 29.15 24 0
    endloop
  endfacet
  facet normal 0.195033 0.980797 -0
    outer loop
      vertex 31.628 21.1744 0
      vertex 31.2624 21.2471 1.2
      vertex 31.628 21.1744 1.2
    endloop
  endfacet
  facet normal 0.195033 0.980797 0
    outer loop
      vertex 31.2624 21.2471 1.2
      vertex 31.628 21.1744 0
      vertex 31.2624 21.2471 0
    endloop
  endfacet
  facet normal -0.0654508 0.997856 0
    outer loop
      vertex 32.372 21.1744 0
      vertex 32 21.15 1.2
      vertex 32.372 21.1744 1.2
    endloop
  endfacet
  facet normal -0.0654508 0.997856 0
    outer loop
      vertex 32 21.15 1.2
      vertex 32.372 21.1744 0
      vertex 32 21.15 0
    endloop
  endfacet
  facet normal 0.442272 -0.896881 0
    outer loop
      vertex 30.575 26.4682 0
      vertex 30.9094 26.6331 1.2
      vertex 30.575 26.4682 1.2
    endloop
  endfacet
  facet normal 0.442272 -0.896881 0
    outer loop
      vertex 30.9094 26.6331 1.2
      vertex 30.575 26.4682 0
      vertex 30.9094 26.6331 0
    endloop
  endfacet
  facet normal 0.321374 0.946952 -0
    outer loop
      vertex 31.2624 21.2471 0
      vertex 30.9094 21.3669 1.2
      vertex 31.2624 21.2471 1.2
    endloop
  endfacet
  facet normal 0.321374 0.946952 0
    outer loop
      vertex 30.9094 21.3669 1.2
      vertex 31.2624 21.2471 0
      vertex 30.9094 21.3669 0
    endloop
  endfacet
  facet normal 0.751862 -0.659321 0
    outer loop
      vertex 29.7389 25.735 1.2
      vertex 29.9847 26.0153 0
      vertex 29.9847 26.0153 1.2
    endloop
  endfacet
  facet normal 0.751862 -0.659321 0
    outer loop
      vertex 29.9847 26.0153 0
      vertex 29.7389 25.735 1.2
      vertex 29.7389 25.735 0
    endloop
  endfacet
  facet normal 0.831513 0.555505 0
    outer loop
      vertex 29.7389 22.265 1.2
      vertex 29.5318 22.575 0
      vertex 29.5318 22.575 1.2
    endloop
  endfacet
  facet normal 0.831513 0.555505 0
    outer loop
      vertex 29.5318 22.575 0
      vertex 29.7389 22.265 1.2
      vertex 29.7389 22.265 0
    endloop
  endfacet
  facet normal 0.0654508 -0.997856 0
    outer loop
      vertex 31.628 26.8256 0
      vertex 32 26.85 1.2
      vertex 31.628 26.8256 1.2
    endloop
  endfacet
  facet normal 0.0654508 -0.997856 0
    outer loop
      vertex 32 26.85 1.2
      vertex 31.628 26.8256 0
      vertex 32 26.85 0
    endloop
  endfacet
  facet normal 0.442272 0.896881 -0
    outer loop
      vertex 30.9094 21.3669 0
      vertex 30.575 21.5318 1.2
      vertex 30.9094 21.3669 1.2
    endloop
  endfacet
  facet normal 0.442272 0.896881 0
    outer loop
      vertex 30.575 21.5318 1.2
      vertex 30.9094 21.3669 0
      vertex 30.575 21.5318 0
    endloop
  endfacet
  facet normal -0.896881 0.442272 0
    outer loop
      vertex 34.4682 22.575 0
      vertex 34.6331 22.9094 1.2
      vertex 34.6331 22.9094 0
    endloop
  endfacet
  facet normal -0.896881 0.442272 0
    outer loop
      vertex 34.6331 22.9094 1.2
      vertex 34.4682 22.575 0
      vertex 34.4682 22.575 1.2
    endloop
  endfacet
  facet normal 0.896881 -0.442272 0
    outer loop
      vertex 29.3669 25.0906 1.2
      vertex 29.5318 25.425 0
      vertex 29.5318 25.425 1.2
    endloop
  endfacet
  facet normal 0.896881 -0.442272 0
    outer loop
      vertex 29.5318 25.425 0
      vertex 29.3669 25.0906 1.2
      vertex 29.3669 25.0906 0
    endloop
  endfacet
  facet normal 0.831513 -0.555505 0
    outer loop
      vertex 29.5318 25.425 1.2
      vertex 29.7389 25.735 0
      vertex 29.7389 25.735 1.2
    endloop
  endfacet
  facet normal 0.831513 -0.555505 0
    outer loop
      vertex 29.7389 25.735 0
      vertex 29.5318 25.425 1.2
      vertex 29.5318 25.425 0
    endloop
  endfacet
  facet normal -0 0 1
    outer loop
      vertex 37.1 26 3
      vertex 38.3 22 3
      vertex 38.3 26 3
    endloop
  endfacet
  facet normal 0 0 1
    outer loop
      vertex 38.3 22 3
      vertex 37.1 26 3
      vertex 37.1 22 3
    endloop
  endfacet
  facet normal 0 -1 0
    outer loop
      vertex 37.1 26 3
      vertex 38.3 26 5.5
      vertex 37.1 26 5.5
    endloop
  endfacet
  facet normal 0 -1 -0
    outer loop
      vertex 38.3 26 5.5
      vertex 37.1 26 3
      vertex 38.3 26 3
    endloop
  endfacet
  facet normal 0 1 -0
    outer loop
      vertex 38.3 22 3
      vertex 37.1 22 5.5
      vertex 38.3 22 5.5
    endloop
  endfacet
  facet normal 0 1 0
    outer loop
      vertex 37.1 22 5.5
      vertex 38.3 22 3
      vertex 37.1 22 3
    endloop
  endfacet
  facet normal 1 0 0
    outer loop
      vertex 54.3 22 5.5
      vertex 54.3 17.7 5.5
      vertex 54.3 22 3
    endloop
  endfacet
  facet normal 1 0 0
    outer loop
      vertex 54.3 26 3
      vertex 54.3 30.3 5.5
      vertex 54.3 26 5.5
    endloop
  endfacet
  facet normal 1 0 0
    outer loop
      vertex 54.3 30.3 5.5
      vertex 54.3 26 3
      vertex 54.3 30.3 0
    endloop
  endfacet
  facet normal 1 -0 0
    outer loop
      vertex 54.3 22 3
      vertex 54.3 30.3 0
      vertex 54.3 26 3
    endloop
  endfacet
  facet normal 1 0 0
    outer loop
      vertex 54.3 22 3
      vertex 54.3 17.7 0
      vertex 54.3 30.3 0
    endloop
  endfacet
  facet normal 1 0 0
    outer loop
      vertex 54.3 17.7 0
      vertex 54.3 22 3
      vertex 54.3 17.7 5.5
    endloop
  endfacet
  facet normal 0 0 1
    outer loop
      vertex 54.3 30.3 5.5
      vertex 53.1 29.1 5.5
      vertex 54.3 26 5.5
    endloop
  endfacet
  facet normal 0 0 1
    outer loop
      vertex 54.3 30.3 5.5
      vertex 42.9 29.1 5.5
      vertex 53.1 29.1 5.5
    endloop
  endfacet
  facet normal 0 0 1
    outer loop
      vertex 42.9 29.1 5.5
      vertex 41.7 30.3 5.5
      vertex 42.9 18.9 5.5
    endloop
  endfacet
  facet normal -0 0 1
    outer loop
      vertex 41.7 30.3 5.5
      vertex 42.9 29.1 5.5
      vertex 54.3 30.3 5.5
    endloop
  endfacet
  facet normal 0 0 1
    outer loop
      vertex 54.3 26 5.5
      vertex 53.1 29.1 5.5
      vertex 53.1 26 5.5
    endloop
  endfacet
  facet normal 0 0 1
    outer loop
      vertex 53.1 18.9 5.5
      vertex 54.3 22 5.5
      vertex 53.1 22 5.5
    endloop
  endfacet
  facet normal 0 0 1
    outer loop
      vertex 54.3 22 5.5
      vertex 53.1 18.9 5.5
      vertex 54.3 17.7 5.5
    endloop
  endfacet
  facet normal -0 0 1
    outer loop
      vertex 42.9 18.9 5.5
      vertex 54.3 17.7 5.5
      vertex 53.1 18.9 5.5
    endloop
  endfacet
  facet normal 0 0 1
    outer loop
      vertex 42.9 18.9 5.5
      vertex 41.7 17.7 5.5
      vertex 54.3 17.7 5.5
    endloop
  endfacet
  facet normal 0 0 1
    outer loop
      vertex 41.7 17.7 5.5
      vertex 42.9 18.9 5.5
      vertex 41.7 30.3 5.5
    endloop
  endfacet
  facet normal 0 0 -1
    outer loop
      vertex 54.3 17.7 0
      vertex 50.85 24 0
      vertex 54.3 30.3 0
    endloop
  endfacet
  facet normal 0 0 -1
    outer loop
      vertex 54.3 17.7 0
      vertex 50.8256 23.628 0
      vertex 50.85 24 0
    endloop
  endfacet
  facet normal 0 0 -1
    outer loop
      vertex 54.3 17.7 0
      vertex 50.7529 23.2624 0
      vertex 50.8256 23.628 0
    endloop
  endfacet
  facet normal 0 0 -1
    outer loop
      vertex 54.3 17.7 0
      vertex 50.6331 22.9094 0
      vertex 50.7529 23.2624 0
    endloop
  endfacet
  facet normal 0 0 -1
    outer loop
      vertex 54.3 17.7 0
      vertex 50.4682 22.575 0
      vertex 50.6331 22.9094 0
    endloop
  endfacet
  facet normal 0 0 -1
    outer loop
      vertex 54.3 17.7 0
      vertex 50.2611 22.265 0
      vertex 50.4682 22.575 0
    endloop
  endfacet
  facet normal 0 0 -1
    outer loop
      vertex 54.3 17.7 0
      vertex 50.0153 21.9847 0
      vertex 50.2611 22.265 0
    endloop
  endfacet
  facet normal 0 0 -1
    outer loop
      vertex 54.3 17.7 0
      vertex 49.735 21.7389 0
      vertex 50.0153 21.9847 0
    endloop
  endfacet
  facet normal 0 0 -1
    outer loop
      vertex 54.3 17.7 0
      vertex 49.425 21.5318 0
      vertex 49.735 21.7389 0
    endloop
  endfacet
  facet normal 0 0 -1
    outer loop
      vertex 54.3 17.7 0
      vertex 49.0906 21.3669 0
      vertex 49.425 21.5318 0
    endloop
  endfacet
  facet normal 0 0 -1
    outer loop
      vertex 54.3 17.7 0
      vertex 48.7376 21.2471 0
      vertex 49.0906 21.3669 0
    endloop
  endfacet
  facet normal 0 0 -1
    outer loop
      vertex 54.3 17.7 0
      vertex 48.372 21.1744 0
      vertex 48.7376 21.2471 0
    endloop
  endfacet
  facet normal 0 0 -1
    outer loop
      vertex 54.3 17.7 0
      vertex 48 21.15 0
      vertex 48.372 21.1744 0
    endloop
  endfacet
  facet normal 0 0 -1
    outer loop
      vertex 41.7 17.7 0
      vertex 48 21.15 0
      vertex 54.3 17.7 0
    endloop
  endfacet
  facet normal -0 0 -1
    outer loop
      vertex 48 21.15 0
      vertex 41.7 17.7 0
      vertex 47.628 21.1744 0
    endloop
  endfacet
  facet normal -0 0 -1
    outer loop
      vertex 47.628 21.1744 0
      vertex 41.7 17.7 0
      vertex 47.2624 21.2471 0
    endloop
  endfacet
  facet normal -0 0 -1
    outer loop
      vertex 47.2624 21.2471 0
      vertex 41.7 17.7 0
      vertex 46.9094 21.3669 0
    endloop
  endfacet
  facet normal -0 0 -1
    outer loop
      vertex 45.1744 23.628 0
      vertex 41.7 17.7 0
      vertex 45.15 24 0
    endloop
  endfacet
  facet normal -0 0 -1
    outer loop
      vertex 45.2471 23.2624 0
      vertex 41.7 17.7 0
      vertex 45.1744 23.628 0
    endloop
  endfacet
  facet normal -0 0 -1
    outer loop
      vertex 45.3669 22.9094 0
      vertex 41.7 17.7 0
      vertex 45.2471 23.2624 0
    endloop
  endfacet
  facet normal -0 0 -1
    outer loop
      vertex 45.5318 22.575 0
      vertex 41.7 17.7 0
      vertex 45.3669 22.9094 0
    endloop
  endfacet
  facet normal -0 0 -1
    outer loop
      vertex 45.7389 22.265 0
      vertex 41.7 17.7 0
      vertex 45.5318 22.575 0
    endloop
  endfacet
  facet normal -0 0 -1
    outer loop
      vertex 45.9847 21.9847 0
      vertex 41.7 17.7 0
      vertex 45.7389 22.265 0
    endloop
  endfacet
  facet normal -0 0 -1
    outer loop
      vertex 46.265 21.7389 0
      vertex 41.7 17.7 0
      vertex 45.9847 21.9847 0
    endloop
  endfacet
  facet normal -0 0 -1
    outer loop
      vertex 46.575 21.5318 0
      vertex 41.7 17.7 0
      vertex 46.265 21.7389 0
    endloop
  endfacet
  facet normal -0 0 -1
    outer loop
      vertex 46.9094 21.3669 0
      vertex 41.7 17.7 0
      vertex 46.575 21.5318 0
    endloop
  endfacet
  facet normal 0 0 -1
    outer loop
      vertex 50.8256 24.372 0
      vertex 54.3 30.3 0
      vertex 50.85 24 0
    endloop
  endfacet
  facet normal 0 0 -1
    outer loop
      vertex 50.7529 24.7376 0
      vertex 54.3 30.3 0
      vertex 50.8256 24.372 0
    endloop
  endfacet
  facet normal 0 0 -1
    outer loop
      vertex 50.6331 25.0906 0
      vertex 54.3 30.3 0
      vertex 50.7529 24.7376 0
    endloop
  endfacet
  facet normal 0 0 -1
    outer loop
      vertex 50.4682 25.425 0
      vertex 54.3 30.3 0
      vertex 50.6331 25.0906 0
    endloop
  endfacet
  facet normal 0 0 -1
    outer loop
      vertex 50.2611 25.735 0
      vertex 54.3 30.3 0
      vertex 50.4682 25.425 0
    endloop
  endfacet
  facet normal 0 0 -1
    outer loop
      vertex 50.0153 26.0153 0
      vertex 54.3 30.3 0
      vertex 50.2611 25.735 0
    endloop
  endfacet
  facet normal 0 0 -1
    outer loop
      vertex 49.735 26.2611 0
      vertex 54.3 30.3 0
      vertex 50.0153 26.0153 0
    endloop
  endfacet
  facet normal 0 0 -1
    outer loop
      vertex 49.425 26.4682 0
      vertex 54.3 30.3 0
      vertex 49.735 26.2611 0
    endloop
  endfacet
  facet normal 0 0 -1
    outer loop
      vertex 49.0906 26.6331 0
      vertex 54.3 30.3 0
      vertex 49.425 26.4682 0
    endloop
  endfacet
  facet normal 0 0 -1
    outer loop
      vertex 48.7376 26.7529 0
      vertex 54.3 30.3 0
      vertex 49.0906 26.6331 0
    endloop
  endfacet
  facet normal 0 0 -1
    outer loop
      vertex 48.372 26.8256 0
      vertex 54.3 30.3 0
      vertex 48.7376 26.7529 0
    endloop
  endfacet
  facet normal 0 0 -1
    outer loop
      vertex 48 26.85 0
      vertex 54.3 30.3 0
      vertex 48.372 26.8256 0
    endloop
  endfacet
  facet normal 0 0 -1
    outer loop
      vertex 41.7 30.3 0
      vertex 48 26.85 0
      vertex 47.628 26.8256 0
    endloop
  endfacet
  facet normal 0 0 -1
    outer loop
      vertex 41.7 30.3 0
      vertex 47.628 26.8256 0
      vertex 47.2624 26.7529 0
    endloop
  endfacet
  facet normal 0 0 -1
    outer loop
      vertex 41.7 30.3 0
      vertex 47.2624 26.7529 0
      vertex 46.9094 26.6331 0
    endloop
  endfacet
  facet normal 0 0 -1
    outer loop
      vertex 41.7 30.3 0
      vertex 46.9094 26.6331 0
      vertex 46.575 26.4682 0
    endloop
  endfacet
  facet normal 0 0 -1
    outer loop
      vertex 41.7 30.3 0
      vertex 45.15 24 0
      vertex 41.7 17.7 0
    endloop
  endfacet
  facet normal 0 0 -1
    outer loop
      vertex 45.15 24 0
      vertex 41.7 30.3 0
      vertex 45.1744 24.372 0
    endloop
  endfacet
  facet normal 0 0 -1
    outer loop
      vertex 45.1744 24.372 0
      vertex 41.7 30.3 0
      vertex 45.2471 24.7376 0
    endloop
  endfacet
  facet normal 0 0 -1
    outer loop
      vertex 45.2471 24.7376 0
      vertex 41.7 30.3 0
      vertex 45.3669 25.0906 0
    endloop
  endfacet
  facet normal 0 0 -1
    outer loop
      vertex 48 26.85 0
      vertex 41.7 30.3 0
      vertex 54.3 30.3 0
    endloop
  endfacet
  facet normal 0 0 -1
    outer loop
      vertex 46.265 26.2611 0
      vertex 41.7 30.3 0
      vertex 46.575 26.4682 0
    endloop
  endfacet
  facet normal 0 0 -1
    outer loop
      vertex 45.9847 26.0153 0
      vertex 41.7 30.3 0
      vertex 46.265 26.2611 0
    endloop
  endfacet
  facet normal 0 0 -1
    outer loop
      vertex 45.7389 25.735 0
      vertex 41.7 30.3 0
      vertex 45.9847 26.0153 0
    endloop
  endfacet
  facet normal 0 0 -1
    outer loop
      vertex 45.5318 25.425 0
      vertex 41.7 30.3 0
      vertex 45.7389 25.735 0
    endloop
  endfacet
  facet normal 0 0 -1
    outer loop
      vertex 45.3669 25.0906 0
      vertex 41.7 30.3 0
      vertex 45.5318 25.425 0
    endloop
  endfacet
  facet normal -1 0 0
    outer loop
      vertex 41.7 17.7 0
      vertex 41.7 30.3 5.5
      vertex 41.7 30.3 0
    endloop
  endfacet
  facet normal -1 -0 0
    outer loop
      vertex 41.7 30.3 5.5
      vertex 41.7 17.7 0
      vertex 41.7 17.7 5.5
    endloop
  endfacet
  facet normal 0 1 -0
    outer loop
      vertex 54.3 30.3 0
      vertex 41.7 30.3 5.5
      vertex 54.3 30.3 5.5
    endloop
  endfacet
  facet normal 0 1 0
    outer loop
      vertex 41.7 30.3 5.5
      vertex 54.3 30.3 0
      vertex 41.7 30.3 0
    endloop
  endfacet
  facet normal 0 -1 0
    outer loop
      vertex 41.7 17.7 0
      vertex 54.3 17.7 5.5
      vertex 41.7 17.7 5.5
    endloop
  endfacet
  facet normal 0 -1 -0
    outer loop
      vertex 54.3 17.7 5.5
      vertex 41.7 17.7 0
      vertex 54.3 17.7 0
    endloop
  endfacet
  facet normal -1 0 0
    outer loop
      vertex 53.1 29.1 1.2
      vertex 53.1 26 3
      vertex 53.1 29.1 5.5
    endloop
  endfacet
  facet normal -1 0 0
    outer loop
      vertex 53.1 29.1 1.2
      vertex 53.1 22 3
      vertex 53.1 26 3
    endloop
  endfacet
  facet normal -1 0 0
    outer loop
      vertex 53.1 18.9 1.2
      vertex 53.1 22 3
      vertex 53.1 29.1 1.2
    endloop
  endfacet
  facet normal -1 0 0
    outer loop
      vertex 53.1 18.9 5.5
      vertex 53.1 22 3
      vertex 53.1 18.9 1.2
    endloop
  endfacet
  facet normal -1 0 0
    outer loop
      vertex 53.1 22 3
      vertex 53.1 18.9 5.5
      vertex 53.1 22 5.5
    endloop
  endfacet
  facet normal -1 -0 0
    outer loop
      vertex 53.1 29.1 5.5
      vertex 53.1 26 3
      vertex 53.1 26 5.5
    endloop
  endfacet
  facet normal 0 0 1
    outer loop
      vertex 53.1 29.1 1.2
      vertex 50.85 24 1.2
      vertex 53.1 18.9 1.2
    endloop
  endfacet
  facet normal 0 0 1
    outer loop
      vertex 53.1 29.1 1.2
      vertex 50.8256 24.372 1.2
      vertex 50.85 24 1.2
    endloop
  endfacet
  facet normal 0 0 1
    outer loop
      vertex 53.1 29.1 1.2
      vertex 50.7529 24.7376 1.2
      vertex 50.8256 24.372 1.2
    endloop
  endfacet
  facet normal 0 0 1
    outer loop
      vertex 53.1 29.1 1.2
      vertex 50.6331 25.0906 1.2
      vertex 50.7529 24.7376 1.2
    endloop
  endfacet
  facet normal 0 0 1
    outer loop
      vertex 53.1 29.1 1.2
      vertex 50.4682 25.425 1.2
      vertex 50.6331 25.0906 1.2
    endloop
  endfacet
  facet normal 0 0 1
    outer loop
      vertex 53.1 29.1 1.2
      vertex 50.2611 25.735 1.2
      vertex 50.4682 25.425 1.2
    endloop
  endfacet
  facet normal 0 0 1
    outer loop
      vertex 53.1 29.1 1.2
      vertex 50.0153 26.0153 1.2
      vertex 50.2611 25.735 1.2
    endloop
  endfacet
  facet normal 0 0 1
    outer loop
      vertex 53.1 29.1 1.2
      vertex 49.735 26.2611 1.2
      vertex 50.0153 26.0153 1.2
    endloop
  endfacet
  facet normal 0 0 1
    outer loop
      vertex 53.1 29.1 1.2
      vertex 49.425 26.4682 1.2
      vertex 49.735 26.2611 1.2
    endloop
  endfacet
  facet normal 0 0 1
    outer loop
      vertex 53.1 29.1 1.2
      vertex 49.0906 26.6331 1.2
      vertex 49.425 26.4682 1.2
    endloop
  endfacet
  facet normal 0 0 1
    outer loop
      vertex 53.1 29.1 1.2
      vertex 48.7376 26.7529 1.2
      vertex 49.0906 26.6331 1.2
    endloop
  endfacet
  facet normal 0 0 1
    outer loop
      vertex 53.1 29.1 1.2
      vertex 48.372 26.8256 1.2
      vertex 48.7376 26.7529 1.2
    endloop
  endfacet
  facet normal 0 0 1
    outer loop
      vertex 53.1 29.1 1.2
      vertex 48 26.85 1.2
      vertex 48.372 26.8256 1.2
    endloop
  endfacet
  facet normal -0 0 1
    outer loop
      vertex 42.9 29.1 1.2
      vertex 48 26.85 1.2
      vertex 53.1 29.1 1.2
    endloop
  endfacet
  facet normal 0 0 1
    outer loop
      vertex 48 26.85 1.2
      vertex 42.9 29.1 1.2
      vertex 47.628 26.8256 1.2
    endloop
  endfacet
  facet normal 0 0 1
    outer loop
      vertex 47.628 26.8256 1.2
      vertex 42.9 29.1 1.2
      vertex 47.2624 26.7529 1.2
    endloop
  endfacet
  facet normal 0 0 1
    outer loop
      vertex 45.1744 24.372 1.2
      vertex 42.9 29.1 1.2
      vertex 45.15 24 1.2
    endloop
  endfacet
  facet normal 0 0 1
    outer loop
      vertex 45.2471 24.7376 1.2
      vertex 42.9 29.1 1.2
      vertex 45.1744 24.372 1.2
    endloop
  endfacet
  facet normal 0 0 1
    outer loop
      vertex 45.3669 25.0906 1.2
      vertex 42.9 29.1 1.2
      vertex 45.2471 24.7376 1.2
    endloop
  endfacet
  facet normal 0 0 1
    outer loop
      vertex 45.5318 25.425 1.2
      vertex 42.9 29.1 1.2
      vertex 45.3669 25.0906 1.2
    endloop
  endfacet
  facet normal 0 0 1
    outer loop
      vertex 45.7389 25.735 1.2
      vertex 42.9 29.1 1.2
      vertex 45.5318 25.425 1.2
    endloop
  endfacet
  facet normal 0 0 1
    outer loop
      vertex 45.9847 26.0153 1.2
      vertex 42.9 29.1 1.2
      vertex 45.7389 25.735 1.2
    endloop
  endfacet
  facet normal 0 0 1
    outer loop
      vertex 46.265 26.2611 1.2
      vertex 42.9 29.1 1.2
      vertex 45.9847 26.0153 1.2
    endloop
  endfacet
  facet normal 0 0 1
    outer loop
      vertex 46.575 26.4682 1.2
      vertex 42.9 29.1 1.2
      vertex 46.265 26.2611 1.2
    endloop
  endfacet
  facet normal 0 0 1
    outer loop
      vertex 46.9094 26.6331 1.2
      vertex 42.9 29.1 1.2
      vertex 46.575 26.4682 1.2
    endloop
  endfacet
  facet normal 0 0 1
    outer loop
      vertex 47.2624 26.7529 1.2
      vertex 42.9 29.1 1.2
      vertex 46.9094 26.6331 1.2
    endloop
  endfacet
  facet normal -0 0 1
    outer loop
      vertex 50.8256 23.628 1.2
      vertex 53.1 18.9 1.2
      vertex 50.85 24 1.2
    endloop
  endfacet
  facet normal -0 0 1
    outer loop
      vertex 50.7529 23.2624 1.2
      vertex 53.1 18.9 1.2
      vertex 50.8256 23.628 1.2
    endloop
  endfacet
  facet normal -0 0 1
    outer loop
      vertex 50.6331 22.9094 1.2
      vertex 53.1 18.9 1.2
      vertex 50.7529 23.2624 1.2
    endloop
  endfacet
  facet normal -0 0 1
    outer loop
      vertex 50.4682 22.575 1.2
      vertex 53.1 18.9 1.2
      vertex 50.6331 22.9094 1.2
    endloop
  endfacet
  facet normal -0 0 1
    outer loop
      vertex 50.2611 22.265 1.2
      vertex 53.1 18.9 1.2
      vertex 50.4682 22.575 1.2
    endloop
  endfacet
  facet normal -0 0 1
    outer loop
      vertex 50.0153 21.9847 1.2
      vertex 53.1 18.9 1.2
      vertex 50.2611 22.265 1.2
    endloop
  endfacet
  facet normal -0 0 1
    outer loop
      vertex 49.735 21.7389 1.2
      vertex 53.1 18.9 1.2
      vertex 50.0153 21.9847 1.2
    endloop
  endfacet
  facet normal -0 0 1
    outer loop
      vertex 49.425 21.5318 1.2
      vertex 53.1 18.9 1.2
      vertex 49.735 21.7389 1.2
    endloop
  endfacet
  facet normal -0 0 1
    outer loop
      vertex 49.0906 21.3669 1.2
      vertex 53.1 18.9 1.2
      vertex 49.425 21.5318 1.2
    endloop
  endfacet
  facet normal -0 0 1
    outer loop
      vertex 48.7376 21.2471 1.2
      vertex 53.1 18.9 1.2
      vertex 49.0906 21.3669 1.2
    endloop
  endfacet
  facet normal -0 0 1
    outer loop
      vertex 48.372 21.1744 1.2
      vertex 53.1 18.9 1.2
      vertex 48.7376 21.2471 1.2
    endloop
  endfacet
  facet normal -0 0 1
    outer loop
      vertex 48 21.15 1.2
      vertex 53.1 18.9 1.2
      vertex 48.372 21.1744 1.2
    endloop
  endfacet
  facet normal 0 0 1
    outer loop
      vertex 42.9 18.9 1.2
      vertex 48 21.15 1.2
      vertex 47.628 21.1744 1.2
    endloop
  endfacet
  facet normal 0 0 1
    outer loop
      vertex 42.9 18.9 1.2
      vertex 47.628 21.1744 1.2
      vertex 47.2624 21.2471 1.2
    endloop
  endfacet
  facet normal 0 0 1
    outer loop
      vertex 42.9 18.9 1.2
      vertex 47.2624 21.2471 1.2
      vertex 46.9094 21.3669 1.2
    endloop
  endfacet
  facet normal 0 0 1
    outer loop
      vertex 42.9 18.9 1.2
      vertex 45.15 24 1.2
      vertex 42.9 29.1 1.2
    endloop
  endfacet
  facet normal 0 0 1
    outer loop
      vertex 45.15 24 1.2
      vertex 42.9 18.9 1.2
      vertex 45.1744 23.628 1.2
    endloop
  endfacet
  facet normal 0 0 1
    outer loop
      vertex 45.1744 23.628 1.2
      vertex 42.9 18.9 1.2
      vertex 45.2471 23.2624 1.2
    endloop
  endfacet
  facet normal 0 0 1
    outer loop
      vertex 48 21.15 1.2
      vertex 42.9 18.9 1.2
      vertex 53.1 18.9 1.2
    endloop
  endfacet
  facet normal 0 0 1
    outer loop
      vertex 46.575 21.5318 1.2
      vertex 42.9 18.9 1.2
      vertex 46.9094 21.3669 1.2
    endloop
  endfacet
  facet normal 0 0 1
    outer loop
      vertex 46.265 21.7389 1.2
      vertex 42.9 18.9 1.2
      vertex 46.575 21.5318 1.2
    endloop
  endfacet
  facet normal 0 0 1
    outer loop
      vertex 45.9847 21.9847 1.2
      vertex 42.9 18.9 1.2
      vertex 46.265 21.7389 1.2
    endloop
  endfacet
  facet normal 0 0 1
    outer loop
      vertex 45.7389 22.265 1.2
      vertex 42.9 18.9 1.2
      vertex 45.9847 21.9847 1.2
    endloop
  endfacet
  facet normal 0 0 1
    outer loop
      vertex 45.5318 22.575 1.2
      vertex 42.9 18.9 1.2
      vertex 45.7389 22.265 1.2
    endloop
  endfacet
  facet normal 0 0 1
    outer loop
      vertex 45.3669 22.9094 1.2
      vertex 42.9 18.9 1.2
      vertex 45.5318 22.575 1.2
    endloop
  endfacet
  facet normal 0 0 1
    outer loop
      vertex 45.2471 23.2624 1.2
      vertex 42.9 18.9 1.2
      vertex 45.3669 22.9094 1.2
    endloop
  endfacet
  facet normal 1 -0 0
    outer loop
      vertex 42.9 18.9 5.5
      vertex 42.9 29.1 1.2
      vertex 42.9 29.1 5.5
    endloop
  endfacet
  facet normal 1 0 0
    outer loop
      vertex 42.9 29.1 1.2
      vertex 42.9 18.9 5.5
      vertex 42.9 18.9 1.2
    endloop
  endfacet
  facet normal 0 -1 0
    outer loop
      vertex 42.9 29.1 1.2
      vertex 53.1 29.1 5.5
      vertex 42.9 29.1 5.5
    endloop
  endfacet
  facet normal 0 -1 -0
    outer loop
      vertex 53.1 29.1 5.5
      vertex 42.9 29.1 1.2
      vertex 53.1 29.1 1.2
    endloop
  endfacet
  facet normal 0 1 -0
    outer loop
      vertex 53.1 18.9 1.2
      vertex 42.9 18.9 5.5
      vertex 53.1 18.9 5.5
    endloop
  endfacet
  facet normal 0 1 0
    outer loop
      vertex 42.9 18.9 5.5
      vertex 53.1 18.9 1.2
      vertex 42.9 18.9 1.2
    endloop
  endfacet
  facet normal 0.896881 0.442272 0
    outer loop
      vertex 45.5318 22.575 1.2
      vertex 45.3669 22.9094 0
      vertex 45.3669 22.9094 1.2
    endloop
  endfacet
  facet normal 0.896881 0.442272 0
    outer loop
      vertex 45.3669 22.9094 0
      vertex 45.5318 22.575 1.2
      vertex 45.5318 22.575 0
    endloop
  endfacet
  facet normal -0.442272 0.896881 0
    outer loop
      vertex 49.425 21.5318 0
      vertex 49.0906 21.3669 1.2
      vertex 49.425 21.5318 1.2
    endloop
  endfacet
  facet normal -0.442272 0.896881 0
    outer loop
      vertex 49.0906 21.3669 1.2
      vertex 49.425 21.5318 0
      vertex 49.0906 21.3669 0
    endloop
  endfacet
  facet normal -0.980797 -0.195033 0
    outer loop
      vertex 50.8256 24.372 0
      vertex 50.7529 24.7376 1.2
      vertex 50.7529 24.7376 0
    endloop
  endfacet
  facet normal -0.980797 -0.195033 0
    outer loop
      vertex 50.7529 24.7376 1.2
      vertex 50.8256 24.372 0
      vertex 50.8256 24.372 1.2
    endloop
  endfacet
  facet normal -0.997856 -0.0654508 0
    outer loop
      vertex 50.85 24 0
      vertex 50.8256 24.372 1.2
      vertex 50.8256 24.372 0
    endloop
  endfacet
  facet normal -0.997856 -0.0654508 0
    outer loop
      vertex 50.8256 24.372 1.2
      vertex 50.85 24 0
      vertex 50.85 24 1.2
    endloop
  endfacet
  facet normal -0.946952 -0.321374 0
    outer loop
      vertex 50.7529 24.7376 0
      vertex 50.6331 25.0906 1.2
      vertex 50.6331 25.0906 0
    endloop
  endfacet
  facet normal -0.946952 -0.321374 0
    outer loop
      vertex 50.6331 25.0906 1.2
      vertex 50.7529 24.7376 0
      vertex 50.7529 24.7376 1.2
    endloop
  endfacet
  facet normal -0.751862 0.659321 0
    outer loop
      vertex 50.0153 21.9847 0
      vertex 50.2611 22.265 1.2
      vertex 50.2611 22.265 0
    endloop
  endfacet
  facet normal -0.751862 0.659321 0
    outer loop
      vertex 50.2611 22.265 1.2
      vertex 50.0153 21.9847 0
      vertex 50.0153 21.9847 1.2
    endloop
  endfacet
  facet normal 0.555505 -0.831513 0
    outer loop
      vertex 46.265 26.2611 0
      vertex 46.575 26.4682 1.2
      vertex 46.265 26.2611 1.2
    endloop
  endfacet
  facet normal 0.555505 -0.831513 0
    outer loop
      vertex 46.575 26.4682 1.2
      vertex 46.265 26.2611 0
      vertex 46.575 26.4682 0
    endloop
  endfacet
  facet normal -0.321374 -0.946952 0
    outer loop
      vertex 48.7376 26.7529 0
      vertex 49.0906 26.6331 1.2
      vertex 48.7376 26.7529 1.2
    endloop
  endfacet
  facet normal -0.321374 -0.946952 -0
    outer loop
      vertex 49.0906 26.6331 1.2
      vertex 48.7376 26.7529 0
      vertex 49.0906 26.6331 0
    endloop
  endfacet
  facet normal -0.555505 -0.831513 0
    outer loop
      vertex 49.425 26.4682 0
      vertex 49.735 26.2611 1.2
      vertex 49.425 26.4682 1.2
    endloop
  endfacet
  facet normal -0.555505 -0.831513 -0
    outer loop
      vertex 49.735 26.2611 1.2
      vertex 49.425 26.4682 0
      vertex 49.735 26.2611 0
    endloop
  endfacet
  facet normal -0.321374 0.946952 0
    outer loop
      vertex 49.0906 21.3669 0
      vertex 48.7376 21.2471 1.2
      vertex 49.0906 21.3669 1.2
    endloop
  endfacet
  facet normal -0.321374 0.946952 0
    outer loop
      vertex 48.7376 21.2471 1.2
      vertex 49.0906 21.3669 0
      vertex 48.7376 21.2471 0
    endloop
  endfacet
  facet normal -0.896881 -0.442272 0
    outer loop
      vertex 50.6331 25.0906 0
      vertex 50.4682 25.425 1.2
      vertex 50.4682 25.425 0
    endloop
  endfacet
  facet normal -0.896881 -0.442272 0
    outer loop
      vertex 50.4682 25.425 1.2
      vertex 50.6331 25.0906 0
      vertex 50.6331 25.0906 1.2
    endloop
  endfacet
  facet normal 0.195033 -0.980797 0
    outer loop
      vertex 47.2624 26.7529 0
      vertex 47.628 26.8256 1.2
      vertex 47.2624 26.7529 1.2
    endloop
  endfacet
  facet normal 0.195033 -0.980797 0
    outer loop
      vertex 47.628 26.8256 1.2
      vertex 47.2624 26.7529 0
      vertex 47.628 26.8256 0
    endloop
  endfacet
  facet normal -0.946952 0.321374 0
    outer loop
      vertex 50.6331 22.9094 0
      vertex 50.7529 23.2624 1.2
      vertex 50.7529 23.2624 0
    endloop
  endfacet
  facet normal -0.946952 0.321374 0
    outer loop
      vertex 50.7529 23.2624 1.2
      vertex 50.6331 22.9094 0
      vertex 50.6331 22.9094 1.2
    endloop
  endfacet
  facet normal 0.555505 0.831513 -0
    outer loop
      vertex 46.575 21.5318 0
      vertex 46.265 21.7389 1.2
      vertex 46.575 21.5318 1.2
    endloop
  endfacet
  facet normal 0.555505 0.831513 0
    outer loop
      vertex 46.265 21.7389 1.2
      vertex 46.575 21.5318 0
      vertex 46.265 21.7389 0
    endloop
  endfacet
  facet normal 0.659321 -0.751862 0
    outer loop
      vertex 45.9847 26.0153 0
      vertex 46.265 26.2611 1.2
      vertex 45.9847 26.0153 1.2
    endloop
  endfacet
  facet normal 0.659321 -0.751862 0
    outer loop
      vertex 46.265 26.2611 1.2
      vertex 45.9847 26.0153 0
      vertex 46.265 26.2611 0
    endloop
  endfacet
  facet normal 0.980797 -0.195033 0
    outer loop
      vertex 45.1744 24.372 1.2
      vertex 45.2471 24.7376 0
      vertex 45.2471 24.7376 1.2
    endloop
  endfacet
  facet normal 0.980797 -0.195033 0
    outer loop
      vertex 45.2471 24.7376 0
      vertex 45.1744 24.372 1.2
      vertex 45.1744 24.372 0
    endloop
  endfacet
  facet normal 0.321374 -0.946952 0
    outer loop
      vertex 46.9094 26.6331 0
      vertex 47.2624 26.7529 1.2
      vertex 46.9094 26.6331 1.2
    endloop
  endfacet
  facet normal 0.321374 -0.946952 0
    outer loop
      vertex 47.2624 26.7529 1.2
      vertex 46.9094 26.6331 0
      vertex 47.2624 26.7529 0
    endloop
  endfacet
  facet normal -0.659321 0.751862 0
    outer loop
      vertex 50.0153 21.9847 0
      vertex 49.735 21.7389 1.2
      vertex 50.0153 21.9847 1.2
    endloop
  endfacet
  facet normal -0.659321 0.751862 0
    outer loop
      vertex 49.735 21.7389 1.2
      vertex 50.0153 21.9847 0
      vertex 49.735 21.7389 0
    endloop
  endfacet
  facet normal 0.946952 0.321374 0
    outer loop
      vertex 45.3669 22.9094 1.2
      vertex 45.2471 23.2624 0
      vertex 45.2471 23.2624 1.2
    endloop
  endfacet
  facet normal 0.946952 0.321374 0
    outer loop
      vertex 45.2471 23.2624 0
      vertex 45.3669 22.9094 1.2
      vertex 45.3669 22.9094 0
    endloop
  endfacet
  facet normal -0.831513 -0.555505 0
    outer loop
      vertex 50.4682 25.425 0
      vertex 50.2611 25.735 1.2
      vertex 50.2611 25.735 0
    endloop
  endfacet
  facet normal -0.831513 -0.555505 0
    outer loop
      vertex 50.2611 25.735 1.2
      vertex 50.4682 25.425 0
      vertex 50.4682 25.425 1.2
    endloop
  endfacet
  facet normal -0.195033 0.980797 0
    outer loop
      vertex 48.7376 21.2471 0
      vertex 48.372 21.1744 1.2
      vertex 48.7376 21.2471 1.2
    endloop
  endfacet
  facet normal -0.195033 0.980797 0
    outer loop
      vertex 48.372 21.1744 1.2
      vertex 48.7376 21.2471 0
      vertex 48.372 21.1744 0
    endloop
  endfacet
  facet normal 0.980797 0.195033 0
    outer loop
      vertex 45.2471 23.2624 1.2
      vertex 45.1744 23.628 0
      vertex 45.1744 23.628 1.2
    endloop
  endfacet
  facet normal 0.980797 0.195033 0
    outer loop
      vertex 45.1744 23.628 0
      vertex 45.2471 23.2624 1.2
      vertex 45.2471 23.2624 0
    endloop
  endfacet
  facet normal -0.659321 -0.751862 0
    outer loop
      vertex 49.735 26.2611 0
      vertex 50.0153 26.0153 1.2
      vertex 49.735 26.2611 1.2
    endloop
  endfacet
  facet normal -0.659321 -0.751862 -0
    outer loop
      vertex 50.0153 26.0153 1.2
      vertex 49.735 26.2611 0
      vertex 50.0153 26.0153 0
    endloop
  endfacet
  facet normal -0.997856 0.0654508 0
    outer loop
      vertex 50.8256 23.628 0
      vertex 50.85 24 1.2
      vertex 50.85 24 0
    endloop
  endfacet
  facet normal -0.997856 0.0654508 0
    outer loop
      vertex 50.85 24 1.2
      vertex 50.8256 23.628 0
      vertex 50.8256 23.628 1.2
    endloop
  endfacet
  facet normal -0.980797 0.195033 0
    outer loop
      vertex 50.7529 23.2624 0
      vertex 50.8256 23.628 1.2
      vertex 50.8256 23.628 0
    endloop
  endfacet
  facet normal -0.980797 0.195033 0
    outer loop
      vertex 50.8256 23.628 1.2
      vertex 50.7529 23.2624 0
      vertex 50.7529 23.2624 1.2
    endloop
  endfacet
  facet normal -0.555505 0.831513 0
    outer loop
      vertex 49.735 21.7389 0
      vertex 49.425 21.5318 1.2
      vertex 49.735 21.7389 1.2
    endloop
  endfacet
  facet normal -0.555505 0.831513 0
    outer loop
      vertex 49.425 21.5318 1.2
      vertex 49.735 21.7389 0
      vertex 49.425 21.5318 0
    endloop
  endfacet
  facet normal -0.195033 -0.980797 0
    outer loop
      vertex 48.372 26.8256 0
      vertex 48.7376 26.7529 1.2
      vertex 48.372 26.8256 1.2
    endloop
  endfacet
  facet normal -0.195033 -0.980797 -0
    outer loop
      vertex 48.7376 26.7529 1.2
      vertex 48.372 26.8256 0
      vertex 48.7376 26.7529 0
    endloop
  endfacet
  facet normal -0.751862 -0.659321 0
    outer loop
      vertex 50.2611 25.735 0
      vertex 50.0153 26.0153 1.2
      vertex 50.0153 26.0153 0
    endloop
  endfacet
  facet normal -0.751862 -0.659321 0
    outer loop
      vertex 50.0153 26.0153 1.2
      vertex 50.2611 25.735 0
      vertex 50.2611 25.735 1.2
    endloop
  endfacet
  facet normal -0.0654508 -0.997856 0
    outer loop
      vertex 48 26.85 0
      vertex 48.372 26.8256 1.2
      vertex 48 26.85 1.2
    endloop
  endfacet
  facet normal -0.0654508 -0.997856 -0
    outer loop
      vertex 48.372 26.8256 1.2
      vertex 48 26.85 0
      vertex 48.372 26.8256 0
    endloop
  endfacet
  facet normal 0.946952 -0.321374 0
    outer loop
      vertex 45.2471 24.7376 1.2
      vertex 45.3669 25.0906 0
      vertex 45.3669 25.0906 1.2
    endloop
  endfacet
  facet normal 0.946952 -0.321374 0
    outer loop
      vertex 45.3669 25.0906 0
      vertex 45.2471 24.7376 1.2
      vertex 45.2471 24.7376 0
    endloop
  endfacet
  facet normal 0.0654508 0.997856 -0
    outer loop
      vertex 48 21.15 0
      vertex 47.628 21.1744 1.2
      vertex 48 21.15 1.2
    endloop
  endfacet
  facet normal 0.0654508 0.997856 0
    outer loop
      vertex 47.628 21.1744 1.2
      vertex 48 21.15 0
      vertex 47.628 21.1744 0
    endloop
  endfacet
  facet normal -0.442272 -0.896881 0
    outer loop
      vertex 49.0906 26.6331 0
      vertex 49.425 26.4682 1.2
      vertex 49.0906 26.6331 1.2
    endloop
  endfacet
  facet normal -0.442272 -0.896881 -0
    outer loop
      vertex 49.425 26.4682 1.2
      vertex 49.0906 26.6331 0
      vertex 49.425 26.4682 0
    endloop
  endfacet
  facet normal 0.997856 0.0654508 0
    outer loop
      vertex 45.1744 23.628 1.2
      vertex 45.15 24 0
      vertex 45.15 24 1.2
    endloop
  endfacet
  facet normal 0.997856 0.0654508 0
    outer loop
      vertex 45.15 24 0
      vertex 45.1744 23.628 1.2
      vertex 45.1744 23.628 0
    endloop
  endfacet
  facet normal 0.659321 0.751862 -0
    outer loop
      vertex 46.265 21.7389 0
      vertex 45.9847 21.9847 1.2
      vertex 46.265 21.7389 1.2
    endloop
  endfacet
  facet normal 0.659321 0.751862 0
    outer loop
      vertex 45.9847 21.9847 1.2
      vertex 46.265 21.7389 0
      vertex 45.9847 21.9847 0
    endloop
  endfacet
  facet normal -0.831513 0.555505 0
    outer loop
      vertex 50.2611 22.265 0
      vertex 50.4682 22.575 1.2
      vertex 50.4682 22.575 0
    endloop
  endfacet
  facet normal -0.831513 0.555505 0
    outer loop
      vertex 50.4682 22.575 1.2
      vertex 50.2611 22.265 0
      vertex 50.2611 22.265 1.2
    endloop
  endfacet
  facet normal 0.751862 0.659321 0
    outer loop
      vertex 45.9847 21.9847 1.2
      vertex 45.7389 22.265 0
      vertex 45.7389 22.265 1.2
    endloop
  endfacet
  facet normal 0.751862 0.659321 0
    outer loop
      vertex 45.7389 22.265 0
      vertex 45.9847 21.9847 1.2
      vertex 45.9847 21.9847 0
    endloop
  endfacet
  facet normal 0.997856 -0.0654508 0
    outer loop
      vertex 45.15 24 1.2
      vertex 45.1744 24.372 0
      vertex 45.1744 24.372 1.2
    endloop
  endfacet
  facet normal 0.997856 -0.0654508 0
    outer loop
      vertex 45.1744 24.372 0
      vertex 45.15 24 1.2
      vertex 45.15 24 0
    endloop
  endfacet
  facet normal 0.195033 0.980797 -0
    outer loop
      vertex 47.628 21.1744 0
      vertex 47.2624 21.2471 1.2
      vertex 47.628 21.1744 1.2
    endloop
  endfacet
  facet normal 0.195033 0.980797 0
    outer loop
      vertex 47.2624 21.2471 1.2
      vertex 47.628 21.1744 0
      vertex 47.2624 21.2471 0
    endloop
  endfacet
  facet normal -0.0654508 0.997856 0
    outer loop
      vertex 48.372 21.1744 0
      vertex 48 21.15 1.2
      vertex 48.372 21.1744 1.2
    endloop
  endfacet
  facet normal -0.0654508 0.997856 0
    outer loop
      vertex 48 21.15 1.2
      vertex 48.372 21.1744 0
      vertex 48 21.15 0
    endloop
  endfacet
  facet normal 0.442272 -0.896881 0
    outer loop
      vertex 46.575 26.4682 0
      vertex 46.9094 26.6331 1.2
      vertex 46.575 26.4682 1.2
    endloop
  endfacet
  facet normal 0.442272 -0.896881 0
    outer loop
      vertex 46.9094 26.6331 1.2
      vertex 46.575 26.4682 0
      vertex 46.9094 26.6331 0
    endloop
  endfacet
  facet normal 0.321374 0.946952 -0
    outer loop
      vertex 47.2624 21.2471 0
      vertex 46.9094 21.3669 1.2
      vertex 47.2624 21.2471 1.2
    endloop
  endfacet
  facet normal 0.321374 0.946952 0
    outer loop
      vertex 46.9094 21.3669 1.2
      vertex 47.2624 21.2471 0
      vertex 46.9094 21.3669 0
    endloop
  endfacet
  facet normal 0.751862 -0.659321 0
    outer loop
      vertex 45.7389 25.735 1.2
      vertex 45.9847 26.0153 0
      vertex 45.9847 26.0153 1.2
    endloop
  endfacet
  facet normal 0.751862 -0.659321 0
    outer loop
      vertex 45.9847 26.0153 0
      vertex 45.7389 25.735 1.2
      vertex 45.7389 25.735 0
    endloop
  endfacet
  facet normal 0.831513 0.555505 0
    outer loop
      vertex 45.7389 22.265 1.2
      vertex 45.5318 22.575 0
      vertex 45.5318 22.575 1.2
    endloop
  endfacet
  facet normal 0.831513 0.555505 0
    outer loop
      vertex 45.5318 22.575 0
      vertex 45.7389 22.265 1.2
      vertex 45.7389 22.265 0
    endloop
  endfacet
  facet normal 0.0654508 -0.997856 0
    outer loop
      vertex 47.628 26.8256 0
      vertex 48 26.85 1.2
      vertex 47.628 26.8256 1.2
    endloop
  endfacet
  facet normal 0.0654508 -0.997856 0
    outer loop
      vertex 48 26.85 1.2
      vertex 47.628 26.8256 0
      vertex 48 26.85 0
    endloop
  endfacet
  facet normal 0.442272 0.896881 -0
    outer loop
      vertex 46.9094 21.3669 0
      vertex 46.575 21.5318 1.2
      vertex 46.9094 21.3669 1.2
    endloop
  endfacet
  facet normal 0.442272 0.896881 0
    outer loop
      vertex 46.575 21.5318 1.2
      vertex 46.9094 21.3669 0
      vertex 46.575 21.5318 0
    endloop
  endfacet
  facet normal -0.896881 0.442272 0
    outer loop
      vertex 50.4682 22.575 0
      vertex 50.6331 22.9094 1.2
      vertex 50.6331 22.9094 0
    endloop
  endfacet
  facet normal -0.896881 0.442272 0
    outer loop
      vertex 50.6331 22.9094 1.2
      vertex 50.4682 22.575 0
      vertex 50.4682 22.575 1.2
    endloop
  endfacet
  facet normal 0.896881 -0.442272 0
    outer loop
      vertex 45.3669 25.0906 1.2
      vertex 45.5318 25.425 0
      vertex 45.5318 25.425 1.2
    endloop
  endfacet
  facet normal 0.896881 -0.442272 0
    outer loop
      vertex 45.5318 25.425 0
      vertex 45.3669 25.0906 1.2
      vertex 45.3669 25.0906 0
    endloop
  endfacet
  facet normal 0.831513 -0.555505 0
    outer loop
      vertex 45.5318 25.425 1.2
      vertex 45.7389 25.735 0
      vertex 45.7389 25.735 1.2
    endloop
  endfacet
  facet normal 0.831513 -0.555505 0
    outer loop
      vertex 45.7389 25.735 0
      vertex 45.5318 25.425 1.2
      vertex 45.5318 25.425 0
    endloop
  endfacet
  facet normal -0 0 1
    outer loop
      vertex 53.1 26 3
      vertex 54.3 22 3
      vertex 54.3 26 3
    endloop
  endfacet
  facet normal 0 0 1
    outer loop
      vertex 54.3 22 3
      vertex 53.1 26 3
      vertex 53.1 22 3
    endloop
  endfacet
  facet normal 0 -1 0
    outer loop
      vertex 53.1 26 3
      vertex 54.3 26 5.5
      vertex 53.1 26 5.5
    endloop
  endfacet
  facet normal 0 -1 -0
    outer loop
      vertex 54.3 26 5.5
      vertex 53.1 26 3
      vertex 54.3 26 3
    endloop
  endfacet
  facet normal 0 1 -0
    outer loop
      vertex 54.3 22 3
      vertex 53.1 22 5.5
      vertex 54.3 22 5.5
    endloop
  endfacet
  facet normal 0 1 0
    outer loop
      vertex 53.1 22 5.5
      vertex 54.3 22 3
      vertex 53.1 22 3
    endloop
  endfacet
  facet normal 1 0 0
    outer loop
      vertex 70.3 22 5.5
      vertex 70.3 17.7 5.5
      vertex 70.3 22 3
    endloop
  endfacet
  facet normal 1 0 0
    outer loop
      vertex 70.3 26 3
      vertex 70.3 30.3 5.5
      vertex 70.3 26 5.5
    endloop
  endfacet
  facet normal 1 0 0
    outer loop
      vertex 70.3 30.3 5.5
      vertex 70.3 26 3
      vertex 70.3 30.3 0
    endloop
  endfacet
  facet normal 1 -0 0
    outer loop
      vertex 70.3 22 3
      vertex 70.3 30.3 0
      vertex 70.3 26 3
    endloop
  endfacet
  facet normal 1 0 0
    outer loop
      vertex 70.3 22 3
      vertex 70.3 17.7 0
      vertex 70.3 30.3 0
    endloop
  endfacet
  facet normal 1 0 0
    outer loop
      vertex 70.3 17.7 0
      vertex 70.3 22 3
      vertex 70.3 17.7 5.5
    endloop
  endfacet
  facet normal 0 0 1
    outer loop
      vertex 70.3 30.3 5.5
      vertex 69.1 29.1 5.5
      vertex 70.3 26 5.5
    endloop
  endfacet
  facet normal 0 0 1
    outer loop
      vertex 70.3 30.3 5.5
      vertex 58.9 29.1 5.5
      vertex 69.1 29.1 5.5
    endloop
  endfacet
  facet normal 0 0 1
    outer loop
      vertex 58.9 29.1 5.5
      vertex 57.7 30.3 5.5
      vertex 58.9 18.9 5.5
    endloop
  endfacet
  facet normal -0 0 1
    outer loop
      vertex 57.7 30.3 5.5
      vertex 58.9 29.1 5.5
      vertex 70.3 30.3 5.5
    endloop
  endfacet
  facet normal 0 0 1
    outer loop
      vertex 70.3 26 5.5
      vertex 69.1 29.1 5.5
      vertex 69.1 26 5.5
    endloop
  endfacet
  facet normal 0 0 1
    outer loop
      vertex 69.1 18.9 5.5
      vertex 70.3 22 5.5
      vertex 69.1 22 5.5
    endloop
  endfacet
  facet normal 0 0 1
    outer loop
      vertex 70.3 22 5.5
      vertex 69.1 18.9 5.5
      vertex 70.3 17.7 5.5
    endloop
  endfacet
  facet normal -0 0 1
    outer loop
      vertex 58.9 18.9 5.5
      vertex 70.3 17.7 5.5
      vertex 69.1 18.9 5.5
    endloop
  endfacet
  facet normal 0 0 1
    outer loop
      vertex 58.9 18.9 5.5
      vertex 57.7 17.7 5.5
      vertex 70.3 17.7 5.5
    endloop
  endfacet
  facet normal 0 0 1
    outer loop
      vertex 57.7 17.7 5.5
      vertex 58.9 18.9 5.5
      vertex 57.7 30.3 5.5
    endloop
  endfacet
  facet normal 0 0 -1
    outer loop
      vertex 70.3 17.7 0
      vertex 66.85 24 0
      vertex 70.3 30.3 0
    endloop
  endfacet
  facet normal 0 0 -1
    outer loop
      vertex 70.3 17.7 0
      vertex 66.8256 23.628 0
      vertex 66.85 24 0
    endloop
  endfacet
  facet normal 0 0 -1
    outer loop
      vertex 70.3 17.7 0
      vertex 66.7529 23.2624 0
      vertex 66.8256 23.628 0
    endloop
  endfacet
  facet normal 0 0 -1
    outer loop
      vertex 70.3 17.7 0
      vertex 66.6331 22.9094 0
      vertex 66.7529 23.2624 0
    endloop
  endfacet
  facet normal 0 0 -1
    outer loop
      vertex 70.3 17.7 0
      vertex 66.4682 22.575 0
      vertex 66.6331 22.9094 0
    endloop
  endfacet
  facet normal 0 0 -1
    outer loop
      vertex 70.3 17.7 0
      vertex 66.2611 22.265 0
      vertex 66.4682 22.575 0
    endloop
  endfacet
  facet normal 0 0 -1
    outer loop
      vertex 70.3 17.7 0
      vertex 66.0153 21.9847 0
      vertex 66.2611 22.265 0
    endloop
  endfacet
  facet normal 0 0 -1
    outer loop
      vertex 70.3 17.7 0
      vertex 65.735 21.7389 0
      vertex 66.0153 21.9847 0
    endloop
  endfacet
  facet normal 0 0 -1
    outer loop
      vertex 70.3 17.7 0
      vertex 65.425 21.5318 0
      vertex 65.735 21.7389 0
    endloop
  endfacet
  facet normal 0 0 -1
    outer loop
      vertex 70.3 17.7 0
      vertex 65.0906 21.3669 0
      vertex 65.425 21.5318 0
    endloop
  endfacet
  facet normal 0 0 -1
    outer loop
      vertex 70.3 17.7 0
      vertex 64.7376 21.2471 0
      vertex 65.0906 21.3669 0
    endloop
  endfacet
  facet normal 0 0 -1
    outer loop
      vertex 70.3 17.7 0
      vertex 64.372 21.1744 0
      vertex 64.7376 21.2471 0
    endloop
  endfacet
  facet normal 0 0 -1
    outer loop
      vertex 70.3 17.7 0
      vertex 64 21.15 0
      vertex 64.372 21.1744 0
    endloop
  endfacet
  facet normal 0 0 -1
    outer loop
      vertex 57.7 17.7 0
      vertex 64 21.15 0
      vertex 70.3 17.7 0
    endloop
  endfacet
  facet normal -0 0 -1
    outer loop
      vertex 64 21.15 0
      vertex 57.7 17.7 0
      vertex 63.628 21.1744 0
    endloop
  endfacet
  facet normal -0 0 -1
    outer loop
      vertex 63.628 21.1744 0
      vertex 57.7 17.7 0
      vertex 63.2624 21.2471 0
    endloop
  endfacet
  facet normal -0 0 -1
    outer loop
      vertex 63.2624 21.2471 0
      vertex 57.7 17.7 0
      vertex 62.9094 21.3669 0
    endloop
  endfacet
  facet normal -0 0 -1
    outer loop
      vertex 61.1744 23.628 0
      vertex 57.7 17.7 0
      vertex 61.15 24 0
    endloop
  endfacet
  facet normal -0 0 -1
    outer loop
      vertex 61.2471 23.2624 0
      vertex 57.7 17.7 0
      vertex 61.1744 23.628 0
    endloop
  endfacet
  facet normal -0 0 -1
    outer loop
      vertex 61.3669 22.9094 0
      vertex 57.7 17.7 0
      vertex 61.2471 23.2624 0
    endloop
  endfacet
  facet normal -0 0 -1
    outer loop
      vertex 61.5318 22.575 0
      vertex 57.7 17.7 0
      vertex 61.3669 22.9094 0
    endloop
  endfacet
  facet normal -0 0 -1
    outer loop
      vertex 61.7389 22.265 0
      vertex 57.7 17.7 0
      vertex 61.5318 22.575 0
    endloop
  endfacet
  facet normal -0 0 -1
    outer loop
      vertex 61.9847 21.9847 0
      vertex 57.7 17.7 0
      vertex 61.7389 22.265 0
    endloop
  endfacet
  facet normal -0 0 -1
    outer loop
      vertex 62.265 21.7389 0
      vertex 57.7 17.7 0
      vertex 61.9847 21.9847 0
    endloop
  endfacet
  facet normal -0 0 -1
    outer loop
      vertex 62.575 21.5318 0
      vertex 57.7 17.7 0
      vertex 62.265 21.7389 0
    endloop
  endfacet
  facet normal -0 0 -1
    outer loop
      vertex 62.9094 21.3669 0
      vertex 57.7 17.7 0
      vertex 62.575 21.5318 0
    endloop
  endfacet
  facet normal 0 0 -1
    outer loop
      vertex 66.8256 24.372 0
      vertex 70.3 30.3 0
      vertex 66.85 24 0
    endloop
  endfacet
  facet normal 0 0 -1
    outer loop
      vertex 66.7529 24.7376 0
      vertex 70.3 30.3 0
      vertex 66.8256 24.372 0
    endloop
  endfacet
  facet normal 0 0 -1
    outer loop
      vertex 66.6331 25.0906 0
      vertex 70.3 30.3 0
      vertex 66.7529 24.7376 0
    endloop
  endfacet
  facet normal 0 0 -1
    outer loop
      vertex 66.4682 25.425 0
      vertex 70.3 30.3 0
      vertex 66.6331 25.0906 0
    endloop
  endfacet
  facet normal 0 0 -1
    outer loop
      vertex 66.2611 25.735 0
      vertex 70.3 30.3 0
      vertex 66.4682 25.425 0
    endloop
  endfacet
  facet normal 0 0 -1
    outer loop
      vertex 66.0153 26.0153 0
      vertex 70.3 30.3 0
      vertex 66.2611 25.735 0
    endloop
  endfacet
  facet normal 0 0 -1
    outer loop
      vertex 65.735 26.2611 0
      vertex 70.3 30.3 0
      vertex 66.0153 26.0153 0
    endloop
  endfacet
  facet normal 0 0 -1
    outer loop
      vertex 65.425 26.4682 0
      vertex 70.3 30.3 0
      vertex 65.735 26.2611 0
    endloop
  endfacet
  facet normal 0 0 -1
    outer loop
      vertex 65.0906 26.6331 0
      vertex 70.3 30.3 0
      vertex 65.425 26.4682 0
    endloop
  endfacet
  facet normal 0 0 -1
    outer loop
      vertex 64.7376 26.7529 0
      vertex 70.3 30.3 0
      vertex 65.0906 26.6331 0
    endloop
  endfacet
  facet normal 0 0 -1
    outer loop
      vertex 64.372 26.8256 0
      vertex 70.3 30.3 0
      vertex 64.7376 26.7529 0
    endloop
  endfacet
  facet normal 0 0 -1
    outer loop
      vertex 64 26.85 0
      vertex 70.3 30.3 0
      vertex 64.372 26.8256 0
    endloop
  endfacet
  facet normal 0 0 -1
    outer loop
      vertex 57.7 30.3 0
      vertex 64 26.85 0
      vertex 63.628 26.8256 0
    endloop
  endfacet
  facet normal 0 0 -1
    outer loop
      vertex 57.7 30.3 0
      vertex 63.628 26.8256 0
      vertex 63.2624 26.7529 0
    endloop
  endfacet
  facet normal 0 0 -1
    outer loop
      vertex 57.7 30.3 0
      vertex 63.2624 26.7529 0
      vertex 62.9094 26.6331 0
    endloop
  endfacet
  facet normal 0 0 -1
    outer loop
      vertex 57.7 30.3 0
      vertex 62.9094 26.6331 0
      vertex 62.575 26.4682 0
    endloop
  endfacet
  facet normal 0 0 -1
    outer loop
      vertex 57.7 30.3 0
      vertex 61.15 24 0
      vertex 57.7 17.7 0
    endloop
  endfacet
  facet normal 0 0 -1
    outer loop
      vertex 61.15 24 0
      vertex 57.7 30.3 0
      vertex 61.1744 24.372 0
    endloop
  endfacet
  facet normal 0 0 -1
    outer loop
      vertex 61.1744 24.372 0
      vertex 57.7 30.3 0
      vertex 61.2471 24.7376 0
    endloop
  endfacet
  facet normal 0 0 -1
    outer loop
      vertex 61.2471 24.7376 0
      vertex 57.7 30.3 0
      vertex 61.3669 25.0906 0
    endloop
  endfacet
  facet normal 0 0 -1
    outer loop
      vertex 64 26.85 0
      vertex 57.7 30.3 0
      vertex 70.3 30.3 0
    endloop
  endfacet
  facet normal 0 0 -1
    outer loop
      vertex 62.265 26.2611 0
      vertex 57.7 30.3 0
      vertex 62.575 26.4682 0
    endloop
  endfacet
  facet normal 0 0 -1
    outer loop
      vertex 61.9847 26.0153 0
      vertex 57.7 30.3 0
      vertex 62.265 26.2611 0
    endloop
  endfacet
  facet normal 0 0 -1
    outer loop
      vertex 61.7389 25.735 0
      vertex 57.7 30.3 0
      vertex 61.9847 26.0153 0
    endloop
  endfacet
  facet normal 0 0 -1
    outer loop
      vertex 61.5318 25.425 0
      vertex 57.7 30.3 0
      vertex 61.7389 25.735 0
    endloop
  endfacet
  facet normal 0 0 -1
    outer loop
      vertex 61.3669 25.0906 0
      vertex 57.7 30.3 0
      vertex 61.5318 25.425 0
    endloop
  endfacet
  facet normal -1 0 0
    outer loop
      vertex 57.7 17.7 0
      vertex 57.7 30.3 5.5
      vertex 57.7 30.3 0
    endloop
  endfacet
  facet normal -1 -0 0
    outer loop
      vertex 57.7 30.3 5.5
      vertex 57.7 17.7 0
      vertex 57.7 17.7 5.5
    endloop
  endfacet
  facet normal 0 1 -0
    outer loop
      vertex 70.3 30.3 0
      vertex 57.7 30.3 5.5
      vertex 70.3 30.3 5.5
    endloop
  endfacet
  facet normal 0 1 0
    outer loop
      vertex 57.7 30.3 5.5
      vertex 70.3 30.3 0
      vertex 57.7 30.3 0
    endloop
  endfacet
  facet normal 0 -1 0
    outer loop
      vertex 57.7 17.7 0
      vertex 70.3 17.7 5.5
      vertex 57.7 17.7 5.5
    endloop
  endfacet
  facet normal 0 -1 -0
    outer loop
      vertex 70.3 17.7 5.5
      vertex 57.7 17.7 0
      vertex 70.3 17.7 0
    endloop
  endfacet
  facet normal -1 0 0
    outer loop
      vertex 69.1 29.1 1.2
      vertex 69.1 26 3
      vertex 69.1 29.1 5.5
    endloop
  endfacet
  facet normal -1 0 0
    outer loop
      vertex 69.1 29.1 1.2
      vertex 69.1 22 3
      vertex 69.1 26 3
    endloop
  endfacet
  facet normal -1 0 0
    outer loop
      vertex 69.1 18.9 1.2
      vertex 69.1 22 3
      vertex 69.1 29.1 1.2
    endloop
  endfacet
  facet normal -1 0 0
    outer loop
      vertex 69.1 18.9 5.5
      vertex 69.1 22 3
      vertex 69.1 18.9 1.2
    endloop
  endfacet
  facet normal -1 0 0
    outer loop
      vertex 69.1 22 3
      vertex 69.1 18.9 5.5
      vertex 69.1 22 5.5
    endloop
  endfacet
  facet normal -1 -0 0
    outer loop
      vertex 69.1 29.1 5.5
      vertex 69.1 26 3
      vertex 69.1 26 5.5
    endloop
  endfacet
  facet normal 0 0 1
    outer loop
      vertex 69.1 29.1 1.2
      vertex 66.85 24 1.2
      vertex 69.1 18.9 1.2
    endloop
  endfacet
  facet normal 0 0 1
    outer loop
      vertex 69.1 29.1 1.2
      vertex 66.8256 24.372 1.2
      vertex 66.85 24 1.2
    endloop
  endfacet
  facet normal 0 0 1
    outer loop
      vertex 69.1 29.1 1.2
      vertex 66.7529 24.7376 1.2
      vertex 66.8256 24.372 1.2
    endloop
  endfacet
  facet normal 0 0 1
    outer loop
      vertex 69.1 29.1 1.2
      vertex 66.6331 25.0906 1.2
      vertex 66.7529 24.7376 1.2
    endloop
  endfacet
  facet normal 0 0 1
    outer loop
      vertex 69.1 29.1 1.2
      vertex 66.4682 25.425 1.2
      vertex 66.6331 25.0906 1.2
    endloop
  endfacet
  facet normal 0 0 1
    outer loop
      vertex 69.1 29.1 1.2
      vertex 66.2611 25.735 1.2
      vertex 66.4682 25.425 1.2
    endloop
  endfacet
  facet normal 0 0 1
    outer loop
      vertex 69.1 29.1 1.2
      vertex 66.0153 26.0153 1.2
      vertex 66.2611 25.735 1.2
    endloop
  endfacet
  facet normal 0 0 1
    outer loop
      vertex 69.1 29.1 1.2
      vertex 65.735 26.2611 1.2
      vertex 66.0153 26.0153 1.2
    endloop
  endfacet
  facet normal 0 0 1
    outer loop
      vertex 69.1 29.1 1.2
      vertex 65.425 26.4682 1.2
      vertex 65.735 26.2611 1.2
    endloop
  endfacet
  facet normal 0 0 1
    outer loop
      vertex 69.1 29.1 1.2
      vertex 65.0906 26.6331 1.2
      vertex 65.425 26.4682 1.2
    endloop
  endfacet
  facet normal 0 0 1
    outer loop
      vertex 69.1 29.1 1.2
      vertex 64.7376 26.7529 1.2
      vertex 65.0906 26.6331 1.2
    endloop
  endfacet
  facet normal 0 0 1
    outer loop
      vertex 69.1 29.1 1.2
      vertex 64.372 26.8256 1.2
      vertex 64.7376 26.7529 1.2
    endloop
  endfacet
  facet normal 0 0 1
    outer loop
      vertex 69.1 29.1 1.2
      vertex 64 26.85 1.2
      vertex 64.372 26.8256 1.2
    endloop
  endfacet
  facet normal -0 0 1
    outer loop
      vertex 58.9 29.1 1.2
      vertex 64 26.85 1.2
      vertex 69.1 29.1 1.2
    endloop
  endfacet
  facet normal 0 0 1
    outer loop
      vertex 64 26.85 1.2
      vertex 58.9 29.1 1.2
      vertex 63.628 26.8256 1.2
    endloop
  endfacet
  facet normal 0 0 1
    outer loop
      vertex 63.628 26.8256 1.2
      vertex 58.9 29.1 1.2
      vertex 63.2624 26.7529 1.2
    endloop
  endfacet
  facet normal 0 0 1
    outer loop
      vertex 61.1744 24.372 1.2
      vertex 58.9 29.1 1.2
      vertex 61.15 24 1.2
    endloop
  endfacet
  facet normal 0 0 1
    outer loop
      vertex 61.2471 24.7376 1.2
      vertex 58.9 29.1 1.2
      vertex 61.1744 24.372 1.2
    endloop
  endfacet
  facet normal 0 0 1
    outer loop
      vertex 61.3669 25.0906 1.2
      vertex 58.9 29.1 1.2
      vertex 61.2471 24.7376 1.2
    endloop
  endfacet
  facet normal 0 0 1
    outer loop
      vertex 61.5318 25.425 1.2
      vertex 58.9 29.1 1.2
      vertex 61.3669 25.0906 1.2
    endloop
  endfacet
  facet normal 0 0 1
    outer loop
      vertex 61.7389 25.735 1.2
      vertex 58.9 29.1 1.2
      vertex 61.5318 25.425 1.2
    endloop
  endfacet
  facet normal 0 0 1
    outer loop
      vertex 61.9847 26.0153 1.2
      vertex 58.9 29.1 1.2
      vertex 61.7389 25.735 1.2
    endloop
  endfacet
  facet normal 0 0 1
    outer loop
      vertex 62.265 26.2611 1.2
      vertex 58.9 29.1 1.2
      vertex 61.9847 26.0153 1.2
    endloop
  endfacet
  facet normal 0 0 1
    outer loop
      vertex 62.575 26.4682 1.2
      vertex 58.9 29.1 1.2
      vertex 62.265 26.2611 1.2
    endloop
  endfacet
  facet normal 0 0 1
    outer loop
      vertex 62.9094 26.6331 1.2
      vertex 58.9 29.1 1.2
      vertex 62.575 26.4682 1.2
    endloop
  endfacet
  facet normal 0 0 1
    outer loop
      vertex 63.2624 26.7529 1.2
      vertex 58.9 29.1 1.2
      vertex 62.9094 26.6331 1.2
    endloop
  endfacet
  facet normal -0 0 1
    outer loop
      vertex 66.8256 23.628 1.2
      vertex 69.1 18.9 1.2
      vertex 66.85 24 1.2
    endloop
  endfacet
  facet normal -0 0 1
    outer loop
      vertex 66.7529 23.2624 1.2
      vertex 69.1 18.9 1.2
      vertex 66.8256 23.628 1.2
    endloop
  endfacet
  facet normal -0 0 1
    outer loop
      vertex 66.6331 22.9094 1.2
      vertex 69.1 18.9 1.2
      vertex 66.7529 23.2624 1.2
    endloop
  endfacet
  facet normal -0 0 1
    outer loop
      vertex 66.4682 22.575 1.2
      vertex 69.1 18.9 1.2
      vertex 66.6331 22.9094 1.2
    endloop
  endfacet
  facet normal -0 0 1
    outer loop
      vertex 66.2611 22.265 1.2
      vertex 69.1 18.9 1.2
      vertex 66.4682 22.575 1.2
    endloop
  endfacet
  facet normal -0 0 1
    outer loop
      vertex 66.0153 21.9847 1.2
      vertex 69.1 18.9 1.2
      vertex 66.2611 22.265 1.2
    endloop
  endfacet
  facet normal -0 0 1
    outer loop
      vertex 65.735 21.7389 1.2
      vertex 69.1 18.9 1.2
      vertex 66.0153 21.9847 1.2
    endloop
  endfacet
  facet normal -0 0 1
    outer loop
      vertex 65.425 21.5318 1.2
      vertex 69.1 18.9 1.2
      vertex 65.735 21.7389 1.2
    endloop
  endfacet
  facet normal -0 0 1
    outer loop
      vertex 65.0906 21.3669 1.2
      vertex 69.1 18.9 1.2
      vertex 65.425 21.5318 1.2
    endloop
  endfacet
  facet normal -0 0 1
    outer loop
      vertex 64.7376 21.2471 1.2
      vertex 69.1 18.9 1.2
      vertex 65.0906 21.3669 1.2
    endloop
  endfacet
  facet normal -0 0 1
    outer loop
      vertex 64.372 21.1744 1.2
      vertex 69.1 18.9 1.2
      vertex 64.7376 21.2471 1.2
    endloop
  endfacet
  facet normal -0 0 1
    outer loop
      vertex 64 21.15 1.2
      vertex 69.1 18.9 1.2
      vertex 64.372 21.1744 1.2
    endloop
  endfacet
  facet normal 0 0 1
    outer loop
      vertex 58.9 18.9 1.2
      vertex 64 21.15 1.2
      vertex 63.628 21.1744 1.2
    endloop
  endfacet
  facet normal 0 0 1
    outer loop
      vertex 58.9 18.9 1.2
      vertex 63.628 21.1744 1.2
      vertex 63.2624 21.2471 1.2
    endloop
  endfacet
  facet normal 0 0 1
    outer loop
      vertex 58.9 18.9 1.2
      vertex 63.2624 21.2471 1.2
      vertex 62.9094 21.3669 1.2
    endloop
  endfacet
  facet normal 0 0 1
    outer loop
      vertex 58.9 18.9 1.2
      vertex 61.15 24 1.2
      vertex 58.9 29.1 1.2
    endloop
  endfacet
  facet normal 0 0 1
    outer loop
      vertex 61.15 24 1.2
      vertex 58.9 18.9 1.2
      vertex 61.1744 23.628 1.2
    endloop
  endfacet
  facet normal 0 0 1
    outer loop
      vertex 61.1744 23.628 1.2
      vertex 58.9 18.9 1.2
      vertex 61.2471 23.2624 1.2
    endloop
  endfacet
  facet normal 0 0 1
    outer loop
      vertex 64 21.15 1.2
      vertex 58.9 18.9 1.2
      vertex 69.1 18.9 1.2
    endloop
  endfacet
  facet normal 0 0 1
    outer loop
      vertex 62.575 21.5318 1.2
      vertex 58.9 18.9 1.2
      vertex 62.9094 21.3669 1.2
    endloop
  endfacet
  facet normal 0 0 1
    outer loop
      vertex 62.265 21.7389 1.2
      vertex 58.9 18.9 1.2
      vertex 62.575 21.5318 1.2
    endloop
  endfacet
  facet normal 0 0 1
    outer loop
      vertex 61.9847 21.9847 1.2
      vertex 58.9 18.9 1.2
      vertex 62.265 21.7389 1.2
    endloop
  endfacet
  facet normal 0 0 1
    outer loop
      vertex 61.7389 22.265 1.2
      vertex 58.9 18.9 1.2
      vertex 61.9847 21.9847 1.2
    endloop
  endfacet
  facet normal 0 0 1
    outer loop
      vertex 61.5318 22.575 1.2
      vertex 58.9 18.9 1.2
      vertex 61.7389 22.265 1.2
    endloop
  endfacet
  facet normal 0 0 1
    outer loop
      vertex 61.3669 22.9094 1.2
      vertex 58.9 18.9 1.2
      vertex 61.5318 22.575 1.2
    endloop
  endfacet
  facet normal 0 0 1
    outer loop
      vertex 61.2471 23.2624 1.2
      vertex 58.9 18.9 1.2
      vertex 61.3669 22.9094 1.2
    endloop
  endfacet
  facet normal 1 -0 0
    outer loop
      vertex 58.9 18.9 5.5
      vertex 58.9 29.1 1.2
      vertex 58.9 29.1 5.5
    endloop
  endfacet
  facet normal 1 0 0
    outer loop
      vertex 58.9 29.1 1.2
      vertex 58.9 18.9 5.5
      vertex 58.9 18.9 1.2
    endloop
  endfacet
  facet normal 0 -1 0
    outer loop
      vertex 58.9 29.1 1.2
      vertex 69.1 29.1 5.5
      vertex 58.9 29.1 5.5
    endloop
  endfacet
  facet normal 0 -1 -0
    outer loop
      vertex 69.1 29.1 5.5
      vertex 58.9 29.1 1.2
      vertex 69.1 29.1 1.2
    endloop
  endfacet
  facet normal 0 1 -0
    outer loop
      vertex 69.1 18.9 1.2
      vertex 58.9 18.9 5.5
      vertex 69.1 18.9 5.5
    endloop
  endfacet
  facet normal 0 1 0
    outer loop
      vertex 58.9 18.9 5.5
      vertex 69.1 18.9 1.2
      vertex 58.9 18.9 1.2
    endloop
  endfacet
  facet normal 0.896881 0.442272 0
    outer loop
      vertex 61.5318 22.575 1.2
      vertex 61.3669 22.9094 0
      vertex 61.3669 22.9094 1.2
    endloop
  endfacet
  facet normal 0.896881 0.442272 0
    outer loop
      vertex 61.3669 22.9094 0
      vertex 61.5318 22.575 1.2
      vertex 61.5318 22.575 0
    endloop
  endfacet
  facet normal -0.442272 0.896881 0
    outer loop
      vertex 65.425 21.5318 0
      vertex 65.0906 21.3669 1.2
      vertex 65.425 21.5318 1.2
    endloop
  endfacet
  facet normal -0.442272 0.896881 0
    outer loop
      vertex 65.0906 21.3669 1.2
      vertex 65.425 21.5318 0
      vertex 65.0906 21.3669 0
    endloop
  endfacet
  facet normal -0.980797 -0.195033 0
    outer loop
      vertex 66.8256 24.372 0
      vertex 66.7529 24.7376 1.2
      vertex 66.7529 24.7376 0
    endloop
  endfacet
  facet normal -0.980797 -0.195033 0
    outer loop
      vertex 66.7529 24.7376 1.2
      vertex 66.8256 24.372 0
      vertex 66.8256 24.372 1.2
    endloop
  endfacet
  facet normal -0.997856 -0.0654508 0
    outer loop
      vertex 66.85 24 0
      vertex 66.8256 24.372 1.2
      vertex 66.8256 24.372 0
    endloop
  endfacet
  facet normal -0.997856 -0.0654508 0
    outer loop
      vertex 66.8256 24.372 1.2
      vertex 66.85 24 0
      vertex 66.85 24 1.2
    endloop
  endfacet
  facet normal -0.946952 -0.321374 0
    outer loop
      vertex 66.7529 24.7376 0
      vertex 66.6331 25.0906 1.2
      vertex 66.6331 25.0906 0
    endloop
  endfacet
  facet normal -0.946952 -0.321374 0
    outer loop
      vertex 66.6331 25.0906 1.2
      vertex 66.7529 24.7376 0
      vertex 66.7529 24.7376 1.2
    endloop
  endfacet
  facet normal -0.751862 0.659321 0
    outer loop
      vertex 66.0153 21.9847 0
      vertex 66.2611 22.265 1.2
      vertex 66.2611 22.265 0
    endloop
  endfacet
  facet normal -0.751862 0.659321 0
    outer loop
      vertex 66.2611 22.265 1.2
      vertex 66.0153 21.9847 0
      vertex 66.0153 21.9847 1.2
    endloop
  endfacet
  facet normal 0.555505 -0.831513 0
    outer loop
      vertex 62.265 26.2611 0
      vertex 62.575 26.4682 1.2
      vertex 62.265 26.2611 1.2
    endloop
  endfacet
  facet normal 0.555505 -0.831513 0
    outer loop
      vertex 62.575 26.4682 1.2
      vertex 62.265 26.2611 0
      vertex 62.575 26.4682 0
    endloop
  endfacet
  facet normal -0.321374 -0.946952 0
    outer loop
      vertex 64.7376 26.7529 0
      vertex 65.0906 26.6331 1.2
      vertex 64.7376 26.7529 1.2
    endloop
  endfacet
  facet normal -0.321374 -0.946952 -0
    outer loop
      vertex 65.0906 26.6331 1.2
      vertex 64.7376 26.7529 0
      vertex 65.0906 26.6331 0
    endloop
  endfacet
  facet normal -0.555505 -0.831513 0
    outer loop
      vertex 65.425 26.4682 0
      vertex 65.735 26.2611 1.2
      vertex 65.425 26.4682 1.2
    endloop
  endfacet
  facet normal -0.555505 -0.831513 -0
    outer loop
      vertex 65.735 26.2611 1.2
      vertex 65.425 26.4682 0
      vertex 65.735 26.2611 0
    endloop
  endfacet
  facet normal -0.321374 0.946952 0
    outer loop
      vertex 65.0906 21.3669 0
      vertex 64.7376 21.2471 1.2
      vertex 65.0906 21.3669 1.2
    endloop
  endfacet
  facet normal -0.321374 0.946952 0
    outer loop
      vertex 64.7376 21.2471 1.2
      vertex 65.0906 21.3669 0
      vertex 64.7376 21.2471 0
    endloop
  endfacet
  facet normal -0.896881 -0.442272 0
    outer loop
      vertex 66.6331 25.0906 0
      vertex 66.4682 25.425 1.2
      vertex 66.4682 25.425 0
    endloop
  endfacet
  facet normal -0.896881 -0.442272 0
    outer loop
      vertex 66.4682 25.425 1.2
      vertex 66.6331 25.0906 0
      vertex 66.6331 25.0906 1.2
    endloop
  endfacet
  facet normal 0.195033 -0.980797 0
    outer loop
      vertex 63.2624 26.7529 0
      vertex 63.628 26.8256 1.2
      vertex 63.2624 26.7529 1.2
    endloop
  endfacet
  facet normal 0.195033 -0.980797 0
    outer loop
      vertex 63.628 26.8256 1.2
      vertex 63.2624 26.7529 0
      vertex 63.628 26.8256 0
    endloop
  endfacet
  facet normal -0.946952 0.321374 0
    outer loop
      vertex 66.6331 22.9094 0
      vertex 66.7529 23.2624 1.2
      vertex 66.7529 23.2624 0
    endloop
  endfacet
  facet normal -0.946952 0.321374 0
    outer loop
      vertex 66.7529 23.2624 1.2
      vertex 66.6331 22.9094 0
      vertex 66.6331 22.9094 1.2
    endloop
  endfacet
  facet normal 0.555505 0.831513 -0
    outer loop
      vertex 62.575 21.5318 0
      vertex 62.265 21.7389 1.2
      vertex 62.575 21.5318 1.2
    endloop
  endfacet
  facet normal 0.555505 0.831513 0
    outer loop
      vertex 62.265 21.7389 1.2
      vertex 62.575 21.5318 0
      vertex 62.265 21.7389 0
    endloop
  endfacet
  facet normal 0.659321 -0.751862 0
    outer loop
      vertex 61.9847 26.0153 0
      vertex 62.265 26.2611 1.2
      vertex 61.9847 26.0153 1.2
    endloop
  endfacet
  facet normal 0.659321 -0.751862 0
    outer loop
      vertex 62.265 26.2611 1.2
      vertex 61.9847 26.0153 0
      vertex 62.265 26.2611 0
    endloop
  endfacet
  facet normal 0.980797 -0.195033 0
    outer loop
      vertex 61.1744 24.372 1.2
      vertex 61.2471 24.7376 0
      vertex 61.2471 24.7376 1.2
    endloop
  endfacet
  facet normal 0.980797 -0.195033 0
    outer loop
      vertex 61.2471 24.7376 0
      vertex 61.1744 24.372 1.2
      vertex 61.1744 24.372 0
    endloop
  endfacet
  facet normal 0.321374 -0.946952 0
    outer loop
      vertex 62.9094 26.6331 0
      vertex 63.2624 26.7529 1.2
      vertex 62.9094 26.6331 1.2
    endloop
  endfacet
  facet normal 0.321374 -0.946952 0
    outer loop
      vertex 63.2624 26.7529 1.2
      vertex 62.9094 26.6331 0
      vertex 63.2624 26.7529 0
    endloop
  endfacet
  facet normal -0.659321 0.751862 0
    outer loop
      vertex 66.0153 21.9847 0
      vertex 65.735 21.7389 1.2
      vertex 66.0153 21.9847 1.2
    endloop
  endfacet
  facet normal -0.659321 0.751862 0
    outer loop
      vertex 65.735 21.7389 1.2
      vertex 66.0153 21.9847 0
      vertex 65.735 21.7389 0
    endloop
  endfacet
  facet normal 0.946952 0.321374 0
    outer loop
      vertex 61.3669 22.9094 1.2
      vertex 61.2471 23.2624 0
      vertex 61.2471 23.2624 1.2
    endloop
  endfacet
  facet normal 0.946952 0.321374 0
    outer loop
      vertex 61.2471 23.2624 0
      vertex 61.3669 22.9094 1.2
      vertex 61.3669 22.9094 0
    endloop
  endfacet
  facet normal -0.831513 -0.555505 0
    outer loop
      vertex 66.4682 25.425 0
      vertex 66.2611 25.735 1.2
      vertex 66.2611 25.735 0
    endloop
  endfacet
  facet normal -0.831513 -0.555505 0
    outer loop
      vertex 66.2611 25.735 1.2
      vertex 66.4682 25.425 0
      vertex 66.4682 25.425 1.2
    endloop
  endfacet
  facet normal -0.195033 0.980797 0
    outer loop
      vertex 64.7376 21.2471 0
      vertex 64.372 21.1744 1.2
      vertex 64.7376 21.2471 1.2
    endloop
  endfacet
  facet normal -0.195033 0.980797 0
    outer loop
      vertex 64.372 21.1744 1.2
      vertex 64.7376 21.2471 0
      vertex 64.372 21.1744 0
    endloop
  endfacet
  facet normal 0.980797 0.195033 0
    outer loop
      vertex 61.2471 23.2624 1.2
      vertex 61.1744 23.628 0
      vertex 61.1744 23.628 1.2
    endloop
  endfacet
  facet normal 0.980797 0.195033 0
    outer loop
      vertex 61.1744 23.628 0
      vertex 61.2471 23.2624 1.2
      vertex 61.2471 23.2624 0
    endloop
  endfacet
  facet normal -0.659321 -0.751862 0
    outer loop
      vertex 65.735 26.2611 0
      vertex 66.0153 26.0153 1.2
      vertex 65.735 26.2611 1.2
    endloop
  endfacet
  facet normal -0.659321 -0.751862 -0
    outer loop
      vertex 66.0153 26.0153 1.2
      vertex 65.735 26.2611 0
      vertex 66.0153 26.0153 0
    endloop
  endfacet
  facet normal -0.997856 0.0654508 0
    outer loop
      vertex 66.8256 23.628 0
      vertex 66.85 24 1.2
      vertex 66.85 24 0
    endloop
  endfacet
  facet normal -0.997856 0.0654508 0
    outer loop
      vertex 66.85 24 1.2
      vertex 66.8256 23.628 0
      vertex 66.8256 23.628 1.2
    endloop
  endfacet
  facet normal -0.980797 0.195033 0
    outer loop
      vertex 66.7529 23.2624 0
      vertex 66.8256 23.628 1.2
      vertex 66.8256 23.628 0
    endloop
  endfacet
  facet normal -0.980797 0.195033 0
    outer loop
      vertex 66.8256 23.628 1.2
      vertex 66.7529 23.2624 0
      vertex 66.7529 23.2624 1.2
    endloop
  endfacet
  facet normal -0.555505 0.831513 0
    outer loop
      vertex 65.735 21.7389 0
      vertex 65.425 21.5318 1.2
      vertex 65.735 21.7389 1.2
    endloop
  endfacet
  facet normal -0.555505 0.831513 0
    outer loop
      vertex 65.425 21.5318 1.2
      vertex 65.735 21.7389 0
      vertex 65.425 21.5318 0
    endloop
  endfacet
  facet normal -0.195033 -0.980797 0
    outer loop
      vertex 64.372 26.8256 0
      vertex 64.7376 26.7529 1.2
      vertex 64.372 26.8256 1.2
    endloop
  endfacet
  facet normal -0.195033 -0.980797 -0
    outer loop
      vertex 64.7376 26.7529 1.2
      vertex 64.372 26.8256 0
      vertex 64.7376 26.7529 0
    endloop
  endfacet
  facet normal -0.751862 -0.659321 0
    outer loop
      vertex 66.2611 25.735 0
      vertex 66.0153 26.0153 1.2
      vertex 66.0153 26.0153 0
    endloop
  endfacet
  facet normal -0.751862 -0.659321 0
    outer loop
      vertex 66.0153 26.0153 1.2
      vertex 66.2611 25.735 0
      vertex 66.2611 25.735 1.2
    endloop
  endfacet
  facet normal -0.0654508 -0.997856 0
    outer loop
      vertex 64 26.85 0
      vertex 64.372 26.8256 1.2
      vertex 64 26.85 1.2
    endloop
  endfacet
  facet normal -0.0654508 -0.997856 -0
    outer loop
      vertex 64.372 26.8256 1.2
      vertex 64 26.85 0
      vertex 64.372 26.8256 0
    endloop
  endfacet
  facet normal 0.946952 -0.321374 0
    outer loop
      vertex 61.2471 24.7376 1.2
      vertex 61.3669 25.0906 0
      vertex 61.3669 25.0906 1.2
    endloop
  endfacet
  facet normal 0.946952 -0.321374 0
    outer loop
      vertex 61.3669 25.0906 0
      vertex 61.2471 24.7376 1.2
      vertex 61.2471 24.7376 0
    endloop
  endfacet
  facet normal 0.0654508 0.997856 -0
    outer loop
      vertex 64 21.15 0
      vertex 63.628 21.1744 1.2
      vertex 64 21.15 1.2
    endloop
  endfacet
  facet normal 0.0654508 0.997856 0
    outer loop
      vertex 63.628 21.1744 1.2
      vertex 64 21.15 0
      vertex 63.628 21.1744 0
    endloop
  endfacet
  facet normal -0.442272 -0.896881 0
    outer loop
      vertex 65.0906 26.6331 0
      vertex 65.425 26.4682 1.2
      vertex 65.0906 26.6331 1.2
    endloop
  endfacet
  facet normal -0.442272 -0.896881 -0
    outer loop
      vertex 65.425 26.4682 1.2
      vertex 65.0906 26.6331 0
      vertex 65.425 26.4682 0
    endloop
  endfacet
  facet normal 0.997856 0.0654508 0
    outer loop
      vertex 61.1744 23.628 1.2
      vertex 61.15 24 0
      vertex 61.15 24 1.2
    endloop
  endfacet
  facet normal 0.997856 0.0654508 0
    outer loop
      vertex 61.15 24 0
      vertex 61.1744 23.628 1.2
      vertex 61.1744 23.628 0
    endloop
  endfacet
  facet normal 0.659321 0.751862 -0
    outer loop
      vertex 62.265 21.7389 0
      vertex 61.9847 21.9847 1.2
      vertex 62.265 21.7389 1.2
    endloop
  endfacet
  facet normal 0.659321 0.751862 0
    outer loop
      vertex 61.9847 21.9847 1.2
      vertex 62.265 21.7389 0
      vertex 61.9847 21.9847 0
    endloop
  endfacet
  facet normal -0.831513 0.555505 0
    outer loop
      vertex 66.2611 22.265 0
      vertex 66.4682 22.575 1.2
      vertex 66.4682 22.575 0
    endloop
  endfacet
  facet normal -0.831513 0.555505 0
    outer loop
      vertex 66.4682 22.575 1.2
      vertex 66.2611 22.265 0
      vertex 66.2611 22.265 1.2
    endloop
  endfacet
  facet normal 0.751862 0.659321 0
    outer loop
      vertex 61.9847 21.9847 1.2
      vertex 61.7389 22.265 0
      vertex 61.7389 22.265 1.2
    endloop
  endfacet
  facet normal 0.751862 0.659321 0
    outer loop
      vertex 61.7389 22.265 0
      vertex 61.9847 21.9847 1.2
      vertex 61.9847 21.9847 0
    endloop
  endfacet
  facet normal 0.997856 -0.0654508 0
    outer loop
      vertex 61.15 24 1.2
      vertex 61.1744 24.372 0
      vertex 61.1744 24.372 1.2
    endloop
  endfacet
  facet normal 0.997856 -0.0654508 0
    outer loop
      vertex 61.1744 24.372 0
      vertex 61.15 24 1.2
      vertex 61.15 24 0
    endloop
  endfacet
  facet normal 0.195033 0.980797 -0
    outer loop
      vertex 63.628 21.1744 0
      vertex 63.2624 21.2471 1.2
      vertex 63.628 21.1744 1.2
    endloop
  endfacet
  facet normal 0.195033 0.980797 0
    outer loop
      vertex 63.2624 21.2471 1.2
      vertex 63.628 21.1744 0
      vertex 63.2624 21.2471 0
    endloop
  endfacet
  facet normal -0.0654508 0.997856 0
    outer loop
      vertex 64.372 21.1744 0
      vertex 64 21.15 1.2
      vertex 64.372 21.1744 1.2
    endloop
  endfacet
  facet normal -0.0654508 0.997856 0
    outer loop
      vertex 64 21.15 1.2
      vertex 64.372 21.1744 0
      vertex 64 21.15 0
    endloop
  endfacet
  facet normal 0.442272 -0.896881 0
    outer loop
      vertex 62.575 26.4682 0
      vertex 62.9094 26.6331 1.2
      vertex 62.575 26.4682 1.2
    endloop
  endfacet
  facet normal 0.442272 -0.896881 0
    outer loop
      vertex 62.9094 26.6331 1.2
      vertex 62.575 26.4682 0
      vertex 62.9094 26.6331 0
    endloop
  endfacet
  facet normal 0.321374 0.946952 -0
    outer loop
      vertex 63.2624 21.2471 0
      vertex 62.9094 21.3669 1.2
      vertex 63.2624 21.2471 1.2
    endloop
  endfacet
  facet normal 0.321374 0.946952 0
    outer loop
      vertex 62.9094 21.3669 1.2
      vertex 63.2624 21.2471 0
      vertex 62.9094 21.3669 0
    endloop
  endfacet
  facet normal 0.751862 -0.659321 0
    outer loop
      vertex 61.7389 25.735 1.2
      vertex 61.9847 26.0153 0
      vertex 61.9847 26.0153 1.2
    endloop
  endfacet
  facet normal 0.751862 -0.659321 0
    outer loop
      vertex 61.9847 26.0153 0
      vertex 61.7389 25.735 1.2
      vertex 61.7389 25.735 0
    endloop
  endfacet
  facet normal 0.831513 0.555505 0
    outer loop
      vertex 61.7389 22.265 1.2
      vertex 61.5318 22.575 0
      vertex 61.5318 22.575 1.2
    endloop
  endfacet
  facet normal 0.831513 0.555505 0
    outer loop
      vertex 61.5318 22.575 0
      vertex 61.7389 22.265 1.2
      vertex 61.7389 22.265 0
    endloop
  endfacet
  facet normal 0.0654508 -0.997856 0
    outer loop
      vertex 63.628 26.8256 0
      vertex 64 26.85 1.2
      vertex 63.628 26.8256 1.2
    endloop
  endfacet
  facet normal 0.0654508 -0.997856 0
    outer loop
      vertex 64 26.85 1.2
      vertex 63.628 26.8256 0
      vertex 64 26.85 0
    endloop
  endfacet
  facet normal 0.442272 0.896881 -0
    outer loop
      vertex 62.9094 21.3669 0
      vertex 62.575 21.5318 1.2
      vertex 62.9094 21.3669 1.2
    endloop
  endfacet
  facet normal 0.442272 0.896881 0
    outer loop
      vertex 62.575 21.5318 1.2
      vertex 62.9094 21.3669 0
      vertex 62.575 21.5318 0
    endloop
  endfacet
  facet normal -0.896881 0.442272 0
    outer loop
      vertex 66.4682 22.575 0
      vertex 66.6331 22.9094 1.2
      vertex 66.6331 22.9094 0
    endloop
  endfacet
  facet normal -0.896881 0.442272 0
    outer loop
      vertex 66.6331 22.9094 1.2
      vertex 66.4682 22.575 0
      vertex 66.4682 22.575 1.2
    endloop
  endfacet
  facet normal 0.896881 -0.442272 0
    outer loop
      vertex 61.3669 25.0906 1.2
      vertex 61.5318 25.425 0
      vertex 61.5318 25.425 1.2
    endloop
  endfacet
  facet normal 0.896881 -0.442272 0
    outer loop
      vertex 61.5318 25.425 0
      vertex 61.3669 25.0906 1.2
      vertex 61.3669 25.0906 0
    endloop
  endfacet
  facet normal 0.831513 -0.555505 0
    outer loop
      vertex 61.5318 25.425 1.2
      vertex 61.7389 25.735 0
      vertex 61.7389 25.735 1.2
    endloop
  endfacet
  facet normal 0.831513 -0.555505 0
    outer loop
      vertex 61.7389 25.735 0
      vertex 61.5318 25.425 1.2
      vertex 61.5318 25.425 0
    endloop
  endfacet
  facet normal -0 0 1
    outer loop
      vertex 69.1 26 3
      vertex 70.3 22 3
      vertex 70.3 26 3
    endloop
  endfacet
  facet normal 0 0 1
    outer loop
      vertex 70.3 22 3
      vertex 69.1 26 3
      vertex 69.1 22 3
    endloop
  endfacet
  facet normal 0 -1 0
    outer loop
      vertex 69.1 26 3
      vertex 70.3 26 5.5
      vertex 69.1 26 5.5
    endloop
  endfacet
  facet normal 0 -1 -0
    outer loop
      vertex 70.3 26 5.5
      vertex 69.1 26 3
      vertex 70.3 26 3
    endloop
  endfacet
  facet normal 0 1 -0
    outer loop
      vertex 70.3 22 3
      vertex 69.1 22 5.5
      vertex 70.3 22 5.5
    endloop
  endfacet
  facet normal 0 1 0
    outer loop
      vertex 69.1 22 5.5
      vertex 70.3 22 3
      vertex 69.1 22 3
    endloop
  endfacet
  facet normal 1 0 0
    outer loop
      vertex 86.3 22 5.5
      vertex 86.3 17.7 5.5
      vertex 86.3 22 3
    endloop
  endfacet
  facet normal 1 0 0
    outer loop
      vertex 86.3 26 3
      vertex 86.3 30.3 5.5
      vertex 86.3 26 5.5
    endloop
  endfacet
  facet normal 1 0 0
    outer loop
      vertex 86.3 30.3 5.5
      vertex 86.3 26 3
      vertex 86.3 30.3 0
    endloop
  endfacet
  facet normal 1 -0 0
    outer loop
      vertex 86.3 22 3
      vertex 86.3 30.3 0
      vertex 86.3 26 3
    endloop
  endfacet
  facet normal 1 0 0
    outer loop
      vertex 86.3 22 3
      vertex 86.3 17.7 0
      vertex 86.3 30.3 0
    endloop
  endfacet
  facet normal 1 0 0
    outer loop
      vertex 86.3 17.7 0
      vertex 86.3 22 3
      vertex 86.3 17.7 5.5
    endloop
  endfacet
  facet normal 0 0 1
    outer loop
      vertex 86.3 30.3 5.5
      vertex 85.1 29.1 5.5
      vertex 86.3 26 5.5
    endloop
  endfacet
  facet normal 0 0 1
    outer loop
      vertex 86.3 30.3 5.5
      vertex 74.9 29.1 5.5
      vertex 85.1 29.1 5.5
    endloop
  endfacet
  facet normal 0 0 1
    outer loop
      vertex 74.9 29.1 5.5
      vertex 73.7 30.3 5.5
      vertex 74.9 18.9 5.5
    endloop
  endfacet
  facet normal -0 0 1
    outer loop
      vertex 73.7 30.3 5.5
      vertex 74.9 29.1 5.5
      vertex 86.3 30.3 5.5
    endloop
  endfacet
  facet normal 0 0 1
    outer loop
      vertex 86.3 26 5.5
      vertex 85.1 29.1 5.5
      vertex 85.1 26 5.5
    endloop
  endfacet
  facet normal 0 0 1
    outer loop
      vertex 85.1 18.9 5.5
      vertex 86.3 22 5.5
      vertex 85.1 22 5.5
    endloop
  endfacet
  facet normal 0 0 1
    outer loop
      vertex 86.3 22 5.5
      vertex 85.1 18.9 5.5
      vertex 86.3 17.7 5.5
    endloop
  endfacet
  facet normal -0 0 1
    outer loop
      vertex 74.9 18.9 5.5
      vertex 86.3 17.7 5.5
      vertex 85.1 18.9 5.5
    endloop
  endfacet
  facet normal 0 0 1
    outer loop
      vertex 74.9 18.9 5.5
      vertex 73.7 17.7 5.5
      vertex 86.3 17.7 5.5
    endloop
  endfacet
  facet normal 0 0 1
    outer loop
      vertex 73.7 17.7 5.5
      vertex 74.9 18.9 5.5
      vertex 73.7 30.3 5.5
    endloop
  endfacet
  facet normal 0 0 -1
    outer loop
      vertex 86.3 17.7 0
      vertex 82.85 24 0
      vertex 86.3 30.3 0
    endloop
  endfacet
  facet normal 0 0 -1
    outer loop
      vertex 86.3 17.7 0
      vertex 82.8256 23.628 0
      vertex 82.85 24 0
    endloop
  endfacet
  facet normal 0 0 -1
    outer loop
      vertex 86.3 17.7 0
      vertex 82.7529 23.2624 0
      vertex 82.8256 23.628 0
    endloop
  endfacet
  facet normal 0 0 -1
    outer loop
      vertex 86.3 17.7 0
      vertex 82.6331 22.9094 0
      vertex 82.7529 23.2624 0
    endloop
  endfacet
  facet normal 0 0 -1
    outer loop
      vertex 86.3 17.7 0
      vertex 82.4682 22.575 0
      vertex 82.6331 22.9094 0
    endloop
  endfacet
  facet normal 0 0 -1
    outer loop
      vertex 86.3 17.7 0
      vertex 82.2611 22.265 0
      vertex 82.4682 22.575 0
    endloop
  endfacet
  facet normal 0 0 -1
    outer loop
      vertex 86.3 17.7 0
      vertex 82.0153 21.9847 0
      vertex 82.2611 22.265 0
    endloop
  endfacet
  facet normal 0 0 -1
    outer loop
      vertex 86.3 17.7 0
      vertex 81.735 21.7389 0
      vertex 82.0153 21.9847 0
    endloop
  endfacet
  facet normal 0 0 -1
    outer loop
      vertex 86.3 17.7 0
      vertex 81.425 21.5318 0
      vertex 81.735 21.7389 0
    endloop
  endfacet
  facet normal 0 0 -1
    outer loop
      vertex 86.3 17.7 0
      vertex 81.0906 21.3669 0
      vertex 81.425 21.5318 0
    endloop
  endfacet
  facet normal 0 0 -1
    outer loop
      vertex 86.3 17.7 0
      vertex 80.7376 21.2471 0
      vertex 81.0906 21.3669 0
    endloop
  endfacet
  facet normal 0 0 -1
    outer loop
      vertex 86.3 17.7 0
      vertex 80.372 21.1744 0
      vertex 80.7376 21.2471 0
    endloop
  endfacet
  facet normal 0 0 -1
    outer loop
      vertex 86.3 17.7 0
      vertex 80 21.15 0
      vertex 80.372 21.1744 0
    endloop
  endfacet
  facet normal 0 0 -1
    outer loop
      vertex 73.7 17.7 0
      vertex 80 21.15 0
      vertex 86.3 17.7 0
    endloop
  endfacet
  facet normal -0 0 -1
    outer loop
      vertex 80 21.15 0
      vertex 73.7 17.7 0
      vertex 79.628 21.1744 0
    endloop
  endfacet
  facet normal -0 0 -1
    outer loop
      vertex 79.628 21.1744 0
      vertex 73.7 17.7 0
      vertex 79.2624 21.2471 0
    endloop
  endfacet
  facet normal -0 0 -1
    outer loop
      vertex 79.2624 21.2471 0
      vertex 73.7 17.7 0
      vertex 78.9094 21.3669 0
    endloop
  endfacet
  facet normal -0 0 -1
    outer loop
      vertex 77.1744 23.628 0
      vertex 73.7 17.7 0
      vertex 77.15 24 0
    endloop
  endfacet
  facet normal -0 0 -1
    outer loop
      vertex 77.2471 23.2624 0
      vertex 73.7 17.7 0
      vertex 77.1744 23.628 0
    endloop
  endfacet
  facet normal -0 0 -1
    outer loop
      vertex 77.3669 22.9094 0
      vertex 73.7 17.7 0
      vertex 77.2471 23.2624 0
    endloop
  endfacet
  facet normal -0 0 -1
    outer loop
      vertex 77.5318 22.575 0
      vertex 73.7 17.7 0
      vertex 77.3669 22.9094 0
    endloop
  endfacet
  facet normal -0 0 -1
    outer loop
      vertex 77.7389 22.265 0
      vertex 73.7 17.7 0
      vertex 77.5318 22.575 0
    endloop
  endfacet
  facet normal -0 0 -1
    outer loop
      vertex 77.9847 21.9847 0
      vertex 73.7 17.7 0
      vertex 77.7389 22.265 0
    endloop
  endfacet
  facet normal -0 0 -1
    outer loop
      vertex 78.265 21.7389 0
      vertex 73.7 17.7 0
      vertex 77.9847 21.9847 0
    endloop
  endfacet
  facet normal -0 0 -1
    outer loop
      vertex 78.575 21.5318 0
      vertex 73.7 17.7 0
      vertex 78.265 21.7389 0
    endloop
  endfacet
  facet normal -0 0 -1
    outer loop
      vertex 78.9094 21.3669 0
      vertex 73.7 17.7 0
      vertex 78.575 21.5318 0
    endloop
  endfacet
  facet normal 0 0 -1
    outer loop
      vertex 82.8256 24.372 0
      vertex 86.3 30.3 0
      vertex 82.85 24 0
    endloop
  endfacet
  facet normal 0 0 -1
    outer loop
      vertex 82.7529 24.7376 0
      vertex 86.3 30.3 0
      vertex 82.8256 24.372 0
    endloop
  endfacet
  facet normal 0 0 -1
    outer loop
      vertex 82.6331 25.0906 0
      vertex 86.3 30.3 0
      vertex 82.7529 24.7376 0
    endloop
  endfacet
  facet normal 0 0 -1
    outer loop
      vertex 82.4682 25.425 0
      vertex 86.3 30.3 0
      vertex 82.6331 25.0906 0
    endloop
  endfacet
  facet normal 0 0 -1
    outer loop
      vertex 82.2611 25.735 0
      vertex 86.3 30.3 0
      vertex 82.4682 25.425 0
    endloop
  endfacet
  facet normal 0 0 -1
    outer loop
      vertex 82.0153 26.0153 0
      vertex 86.3 30.3 0
      vertex 82.2611 25.735 0
    endloop
  endfacet
  facet normal 0 0 -1
    outer loop
      vertex 81.735 26.2611 0
      vertex 86.3 30.3 0
      vertex 82.0153 26.0153 0
    endloop
  endfacet
  facet normal 0 0 -1
    outer loop
      vertex 81.425 26.4682 0
      vertex 86.3 30.3 0
      vertex 81.735 26.2611 0
    endloop
  endfacet
  facet normal 0 0 -1
    outer loop
      vertex 81.0906 26.6331 0
      vertex 86.3 30.3 0
      vertex 81.425 26.4682 0
    endloop
  endfacet
  facet normal 0 0 -1
    outer loop
      vertex 80.7376 26.7529 0
      vertex 86.3 30.3 0
      vertex 81.0906 26.6331 0
    endloop
  endfacet
  facet normal 0 0 -1
    outer loop
      vertex 80.372 26.8256 0
      vertex 86.3 30.3 0
      vertex 80.7376 26.7529 0
    endloop
  endfacet
  facet normal 0 0 -1
    outer loop
      vertex 80 26.85 0
      vertex 86.3 30.3 0
      vertex 80.372 26.8256 0
    endloop
  endfacet
  facet normal 0 0 -1
    outer loop
      vertex 73.7 30.3 0
      vertex 80 26.85 0
      vertex 79.628 26.8256 0
    endloop
  endfacet
  facet normal 0 0 -1
    outer loop
      vertex 73.7 30.3 0
      vertex 79.628 26.8256 0
      vertex 79.2624 26.7529 0
    endloop
  endfacet
  facet normal 0 0 -1
    outer loop
      vertex 73.7 30.3 0
      vertex 79.2624 26.7529 0
      vertex 78.9094 26.6331 0
    endloop
  endfacet
  facet normal 0 0 -1
    outer loop
      vertex 73.7 30.3 0
      vertex 78.9094 26.6331 0
      vertex 78.575 26.4682 0
    endloop
  endfacet
  facet normal 0 0 -1
    outer loop
      vertex 73.7 30.3 0
      vertex 77.15 24 0
      vertex 73.7 17.7 0
    endloop
  endfacet
  facet normal 0 0 -1
    outer loop
      vertex 77.15 24 0
      vertex 73.7 30.3 0
      vertex 77.1744 24.372 0
    endloop
  endfacet
  facet normal 0 0 -1
    outer loop
      vertex 77.1744 24.372 0
      vertex 73.7 30.3 0
      vertex 77.2471 24.7376 0
    endloop
  endfacet
  facet normal 0 0 -1
    outer loop
      vertex 77.2471 24.7376 0
      vertex 73.7 30.3 0
      vertex 77.3669 25.0906 0
    endloop
  endfacet
  facet normal 0 0 -1
    outer loop
      vertex 80 26.85 0
      vertex 73.7 30.3 0
      vertex 86.3 30.3 0
    endloop
  endfacet
  facet normal 0 0 -1
    outer loop
      vertex 78.265 26.2611 0
      vertex 73.7 30.3 0
      vertex 78.575 26.4682 0
    endloop
  endfacet
  facet normal 0 0 -1
    outer loop
      vertex 77.9847 26.0153 0
      vertex 73.7 30.3 0
      vertex 78.265 26.2611 0
    endloop
  endfacet
  facet normal 0 0 -1
    outer loop
      vertex 77.7389 25.735 0
      vertex 73.7 30.3 0
      vertex 77.9847 26.0153 0
    endloop
  endfacet
  facet normal 0 0 -1
    outer loop
      vertex 77.5318 25.425 0
      vertex 73.7 30.3 0
      vertex 77.7389 25.735 0
    endloop
  endfacet
  facet normal 0 0 -1
    outer loop
      vertex 77.3669 25.0906 0
      vertex 73.7 30.3 0
      vertex 77.5318 25.425 0
    endloop
  endfacet
  facet normal -1 0 0
    outer loop
      vertex 73.7 17.7 0
      vertex 73.7 30.3 5.5
      vertex 73.7 30.3 0
    endloop
  endfacet
  facet normal -1 -0 0
    outer loop
      vertex 73.7 30.3 5.5
      vertex 73.7 17.7 0
      vertex 73.7 17.7 5.5
    endloop
  endfacet
  facet normal 0 1 -0
    outer loop
      vertex 86.3 30.3 0
      vertex 73.7 30.3 5.5
      vertex 86.3 30.3 5.5
    endloop
  endfacet
  facet normal 0 1 0
    outer loop
      vertex 73.7 30.3 5.5
      vertex 86.3 30.3 0
      vertex 73.7 30.3 0
    endloop
  endfacet
  facet normal 0 -1 0
    outer loop
      vertex 73.7 17.7 0
      vertex 86.3 17.7 5.5
      vertex 73.7 17.7 5.5
    endloop
  endfacet
  facet normal 0 -1 -0
    outer loop
      vertex 86.3 17.7 5.5
      vertex 73.7 17.7 0
      vertex 86.3 17.7 0
    endloop
  endfacet
  facet normal -1 0 0
    outer loop
      vertex 85.1 29.1 1.2
      vertex 85.1 26 3
      vertex 85.1 29.1 5.5
    endloop
  endfacet
  facet normal -1 0 0
    outer loop
      vertex 85.1 29.1 1.2
      vertex 85.1 22 3
      vertex 85.1 26 3
    endloop
  endfacet
  facet normal -1 0 0
    outer loop
      vertex 85.1 18.9 1.2
      vertex 85.1 22 3
      vertex 85.1 29.1 1.2
    endloop
  endfacet
  facet normal -1 0 0
    outer loop
      vertex 85.1 18.9 5.5
      vertex 85.1 22 3
      vertex 85.1 18.9 1.2
    endloop
  endfacet
  facet normal -1 0 0
    outer loop
      vertex 85.1 22 3
      vertex 85.1 18.9 5.5
      vertex 85.1 22 5.5
    endloop
  endfacet
  facet normal -1 -0 0
    outer loop
      vertex 85.1 29.1 5.5
      vertex 85.1 26 3
      vertex 85.1 26 5.5
    endloop
  endfacet
  facet normal 0 0 1
    outer loop
      vertex 85.1 29.1 1.2
      vertex 82.85 24 1.2
      vertex 85.1 18.9 1.2
    endloop
  endfacet
  facet normal 0 0 1
    outer loop
      vertex 85.1 29.1 1.2
      vertex 82.8256 24.372 1.2
      vertex 82.85 24 1.2
    endloop
  endfacet
  facet normal 0 0 1
    outer loop
      vertex 85.1 29.1 1.2
      vertex 82.7529 24.7376 1.2
      vertex 82.8256 24.372 1.2
    endloop
  endfacet
  facet normal 0 0 1
    outer loop
      vertex 85.1 29.1 1.2
      vertex 82.6331 25.0906 1.2
      vertex 82.7529 24.7376 1.2
    endloop
  endfacet
  facet normal 0 0 1
    outer loop
      vertex 85.1 29.1 1.2
      vertex 82.4682 25.425 1.2
      vertex 82.6331 25.0906 1.2
    endloop
  endfacet
  facet normal 0 0 1
    outer loop
      vertex 85.1 29.1 1.2
      vertex 82.2611 25.735 1.2
      vertex 82.4682 25.425 1.2
    endloop
  endfacet
  facet normal 0 0 1
    outer loop
      vertex 85.1 29.1 1.2
      vertex 82.0153 26.0153 1.2
      vertex 82.2611 25.735 1.2
    endloop
  endfacet
  facet normal 0 0 1
    outer loop
      vertex 85.1 29.1 1.2
      vertex 81.735 26.2611 1.2
      vertex 82.0153 26.0153 1.2
    endloop
  endfacet
  facet normal 0 0 1
    outer loop
      vertex 85.1 29.1 1.2
      vertex 81.425 26.4682 1.2
      vertex 81.735 26.2611 1.2
    endloop
  endfacet
  facet normal 0 0 1
    outer loop
      vertex 85.1 29.1 1.2
      vertex 81.0906 26.6331 1.2
      vertex 81.425 26.4682 1.2
    endloop
  endfacet
  facet normal 0 0 1
    outer loop
      vertex 85.1 29.1 1.2
      vertex 80.7376 26.7529 1.2
      vertex 81.0906 26.6331 1.2
    endloop
  endfacet
  facet normal 0 0 1
    outer loop
      vertex 85.1 29.1 1.2
      vertex 80.372 26.8256 1.2
      vertex 80.7376 26.7529 1.2
    endloop
  endfacet
  facet normal 0 0 1
    outer loop
      vertex 85.1 29.1 1.2
      vertex 80 26.85 1.2
      vertex 80.372 26.8256 1.2
    endloop
  endfacet
  facet normal -0 0 1
    outer loop
      vertex 74.9 29.1 1.2
      vertex 80 26.85 1.2
      vertex 85.1 29.1 1.2
    endloop
  endfacet
  facet normal 0 0 1
    outer loop
      vertex 80 26.85 1.2
      vertex 74.9 29.1 1.2
      vertex 79.628 26.8256 1.2
    endloop
  endfacet
  facet normal 0 0 1
    outer loop
      vertex 79.628 26.8256 1.2
      vertex 74.9 29.1 1.2
      vertex 79.2624 26.7529 1.2
    endloop
  endfacet
  facet normal 0 0 1
    outer loop
      vertex 77.1744 24.372 1.2
      vertex 74.9 29.1 1.2
      vertex 77.15 24 1.2
    endloop
  endfacet
  facet normal 0 0 1
    outer loop
      vertex 77.2471 24.7376 1.2
      vertex 74.9 29.1 1.2
      vertex 77.1744 24.372 1.2
    endloop
  endfacet
  facet normal 0 0 1
    outer loop
      vertex 77.3669 25.0906 1.2
      vertex 74.9 29.1 1.2
      vertex 77.2471 24.7376 1.2
    endloop
  endfacet
  facet normal 0 0 1
    outer loop
      vertex 77.5318 25.425 1.2
      vertex 74.9 29.1 1.2
      vertex 77.3669 25.0906 1.2
    endloop
  endfacet
  facet normal 0 0 1
    outer loop
      vertex 77.7389 25.735 1.2
      vertex 74.9 29.1 1.2
      vertex 77.5318 25.425 1.2
    endloop
  endfacet
  facet normal 0 0 1
    outer loop
      vertex 77.9847 26.0153 1.2
      vertex 74.9 29.1 1.2
      vertex 77.7389 25.735 1.2
    endloop
  endfacet
  facet normal 0 0 1
    outer loop
      vertex 78.265 26.2611 1.2
      vertex 74.9 29.1 1.2
      vertex 77.9847 26.0153 1.2
    endloop
  endfacet
  facet normal 0 0 1
    outer loop
      vertex 78.575 26.4682 1.2
      vertex 74.9 29.1 1.2
      vertex 78.265 26.2611 1.2
    endloop
  endfacet
  facet normal 0 0 1
    outer loop
      vertex 78.9094 26.6331 1.2
      vertex 74.9 29.1 1.2
      vertex 78.575 26.4682 1.2
    endloop
  endfacet
  facet normal 0 0 1
    outer loop
      vertex 79.2624 26.7529 1.2
      vertex 74.9 29.1 1.2
      vertex 78.9094 26.6331 1.2
    endloop
  endfacet
  facet normal -0 0 1
    outer loop
      vertex 82.8256 23.628 1.2
      vertex 85.1 18.9 1.2
      vertex 82.85 24 1.2
    endloop
  endfacet
  facet normal -0 0 1
    outer loop
      vertex 82.7529 23.2624 1.2
      vertex 85.1 18.9 1.2
      vertex 82.8256 23.628 1.2
    endloop
  endfacet
  facet normal -0 0 1
    outer loop
      vertex 82.6331 22.9094 1.2
      vertex 85.1 18.9 1.2
      vertex 82.7529 23.2624 1.2
    endloop
  endfacet
  facet normal -0 0 1
    outer loop
      vertex 82.4682 22.575 1.2
      vertex 85.1 18.9 1.2
      vertex 82.6331 22.9094 1.2
    endloop
  endfacet
  facet normal -0 0 1
    outer loop
      vertex 82.2611 22.265 1.2
      vertex 85.1 18.9 1.2
      vertex 82.4682 22.575 1.2
    endloop
  endfacet
  facet normal -0 0 1
    outer loop
      vertex 82.0153 21.9847 1.2
      vertex 85.1 18.9 1.2
      vertex 82.2611 22.265 1.2
    endloop
  endfacet
  facet normal -0 0 1
    outer loop
      vertex 81.735 21.7389 1.2
      vertex 85.1 18.9 1.2
      vertex 82.0153 21.9847 1.2
    endloop
  endfacet
  facet normal -0 0 1
    outer loop
      vertex 81.425 21.5318 1.2
      vertex 85.1 18.9 1.2
      vertex 81.735 21.7389 1.2
    endloop
  endfacet
  facet normal -0 0 1
    outer loop
      vertex 81.0906 21.3669 1.2
      vertex 85.1 18.9 1.2
      vertex 81.425 21.5318 1.2
    endloop
  endfacet
  facet normal -0 0 1
    outer loop
      vertex 80.7376 21.2471 1.2
      vertex 85.1 18.9 1.2
      vertex 81.0906 21.3669 1.2
    endloop
  endfacet
  facet normal -0 0 1
    outer loop
      vertex 80.372 21.1744 1.2
      vertex 85.1 18.9 1.2
      vertex 80.7376 21.2471 1.2
    endloop
  endfacet
  facet normal -0 0 1
    outer loop
      vertex 80 21.15 1.2
      vertex 85.1 18.9 1.2
      vertex 80.372 21.1744 1.2
    endloop
  endfacet
  facet normal 0 0 1
    outer loop
      vertex 74.9 18.9 1.2
      vertex 80 21.15 1.2
      vertex 79.628 21.1744 1.2
    endloop
  endfacet
  facet normal 0 0 1
    outer loop
      vertex 74.9 18.9 1.2
      vertex 79.628 21.1744 1.2
      vertex 79.2624 21.2471 1.2
    endloop
  endfacet
  facet normal 0 0 1
    outer loop
      vertex 74.9 18.9 1.2
      vertex 79.2624 21.2471 1.2
      vertex 78.9094 21.3669 1.2
    endloop
  endfacet
  facet normal 0 0 1
    outer loop
      vertex 74.9 18.9 1.2
      vertex 77.15 24 1.2
      vertex 74.9 29.1 1.2
    endloop
  endfacet
  facet normal 0 0 1
    outer loop
      vertex 77.15 24 1.2
      vertex 74.9 18.9 1.2
      vertex 77.1744 23.628 1.2
    endloop
  endfacet
  facet normal 0 0 1
    outer loop
      vertex 77.1744 23.628 1.2
      vertex 74.9 18.9 1.2
      vertex 77.2471 23.2624 1.2
    endloop
  endfacet
  facet normal 0 0 1
    outer loop
      vertex 80 21.15 1.2
      vertex 74.9 18.9 1.2
      vertex 85.1 18.9 1.2
    endloop
  endfacet
  facet normal 0 0 1
    outer loop
      vertex 78.575 21.5318 1.2
      vertex 74.9 18.9 1.2
      vertex 78.9094 21.3669 1.2
    endloop
  endfacet
  facet normal 0 0 1
    outer loop
      vertex 78.265 21.7389 1.2
      vertex 74.9 18.9 1.2
      vertex 78.575 21.5318 1.2
    endloop
  endfacet
  facet normal 0 0 1
    outer loop
      vertex 77.9847 21.9847 1.2
      vertex 74.9 18.9 1.2
      vertex 78.265 21.7389 1.2
    endloop
  endfacet
  facet normal 0 0 1
    outer loop
      vertex 77.7389 22.265 1.2
      vertex 74.9 18.9 1.2
      vertex 77.9847 21.9847 1.2
    endloop
  endfacet
  facet normal 0 0 1
    outer loop
      vertex 77.5318 22.575 1.2
      vertex 74.9 18.9 1.2
      vertex 77.7389 22.265 1.2
    endloop
  endfacet
  facet normal 0 0 1
    outer loop
      vertex 77.3669 22.9094 1.2
      vertex 74.9 18.9 1.2
      vertex 77.5318 22.575 1.2
    endloop
  endfacet
  facet normal 0 0 1
    outer loop
      vertex 77.2471 23.2624 1.2
      vertex 74.9 18.9 1.2
      vertex 77.3669 22.9094 1.2
    endloop
  endfacet
  facet normal 1 -0 0
    outer loop
      vertex 74.9 18.9 5.5
      vertex 74.9 29.1 1.2
      vertex 74.9 29.1 5.5
    endloop
  endfacet
  facet normal 1 0 0
    outer loop
      vertex 74.9 29.1 1.2
      vertex 74.9 18.9 5.5
      vertex 74.9 18.9 1.2
    endloop
  endfacet
  facet normal 0 -1 0
    outer loop
      vertex 74.9 29.1 1.2
      vertex 85.1 29.1 5.5
      vertex 74.9 29.1 5.5
    endloop
  endfacet
  facet normal 0 -1 -0
    outer loop
      vertex 85.1 29.1 5.5
      vertex 74.9 29.1 1.2
      vertex 85.1 29.1 1.2
    endloop
  endfacet
  facet normal 0 1 -0
    outer loop
      vertex 85.1 18.9 1.2
      vertex 74.9 18.9 5.5
      vertex 85.1 18.9 5.5
    endloop
  endfacet
  facet normal 0 1 0
    outer loop
      vertex 74.9 18.9 5.5
      vertex 85.1 18.9 1.2
      vertex 74.9 18.9 1.2
    endloop
  endfacet
  facet normal 0.896881 0.442272 0
    outer loop
      vertex 77.5318 22.575 1.2
      vertex 77.3669 22.9094 0
      vertex 77.3669 22.9094 1.2
    endloop
  endfacet
  facet normal 0.896881 0.442272 0
    outer loop
      vertex 77.3669 22.9094 0
      vertex 77.5318 22.575 1.2
      vertex 77.5318 22.575 0
    endloop
  endfacet
  facet normal -0.442272 0.896881 0
    outer loop
      vertex 81.425 21.5318 0
      vertex 81.0906 21.3669 1.2
      vertex 81.425 21.5318 1.2
    endloop
  endfacet
  facet normal -0.442272 0.896881 0
    outer loop
      vertex 81.0906 21.3669 1.2
      vertex 81.425 21.5318 0
      vertex 81.0906 21.3669 0
    endloop
  endfacet
  facet normal -0.980797 -0.195033 0
    outer loop
      vertex 82.8256 24.372 0
      vertex 82.7529 24.7376 1.2
      vertex 82.7529 24.7376 0
    endloop
  endfacet
  facet normal -0.980797 -0.195033 0
    outer loop
      vertex 82.7529 24.7376 1.2
      vertex 82.8256 24.372 0
      vertex 82.8256 24.372 1.2
    endloop
  endfacet
  facet normal -0.997856 -0.0654508 0
    outer loop
      vertex 82.85 24 0
      vertex 82.8256 24.372 1.2
      vertex 82.8256 24.372 0
    endloop
  endfacet
  facet normal -0.997856 -0.0654508 0
    outer loop
      vertex 82.8256 24.372 1.2
      vertex 82.85 24 0
      vertex 82.85 24 1.2
    endloop
  endfacet
  facet normal -0.946952 -0.321374 0
    outer loop
      vertex 82.7529 24.7376 0
      vertex 82.6331 25.0906 1.2
      vertex 82.6331 25.0906 0
    endloop
  endfacet
  facet normal -0.946952 -0.321374 0
    outer loop
      vertex 82.6331 25.0906 1.2
      vertex 82.7529 24.7376 0
      vertex 82.7529 24.7376 1.2
    endloop
  endfacet
  facet normal -0.751862 0.659321 0
    outer loop
      vertex 82.0153 21.9847 0
      vertex 82.2611 22.265 1.2
      vertex 82.2611 22.265 0
    endloop
  endfacet
  facet normal -0.751862 0.659321 0
    outer loop
      vertex 82.2611 22.265 1.2
      vertex 82.0153 21.9847 0
      vertex 82.0153 21.9847 1.2
    endloop
  endfacet
  facet normal 0.555505 -0.831513 0
    outer loop
      vertex 78.265 26.2611 0
      vertex 78.575 26.4682 1.2
      vertex 78.265 26.2611 1.2
    endloop
  endfacet
  facet normal 0.555505 -0.831513 0
    outer loop
      vertex 78.575 26.4682 1.2
      vertex 78.265 26.2611 0
      vertex 78.575 26.4682 0
    endloop
  endfacet
  facet normal -0.321374 -0.946952 0
    outer loop
      vertex 80.7376 26.7529 0
      vertex 81.0906 26.6331 1.2
      vertex 80.7376 26.7529 1.2
    endloop
  endfacet
  facet normal -0.321374 -0.946952 -0
    outer loop
      vertex 81.0906 26.6331 1.2
      vertex 80.7376 26.7529 0
      vertex 81.0906 26.6331 0
    endloop
  endfacet
  facet normal -0.555505 -0.831513 0
    outer loop
      vertex 81.425 26.4682 0
      vertex 81.735 26.2611 1.2
      vertex 81.425 26.4682 1.2
    endloop
  endfacet
  facet normal -0.555505 -0.831513 -0
    outer loop
      vertex 81.735 26.2611 1.2
      vertex 81.425 26.4682 0
      vertex 81.735 26.2611 0
    endloop
  endfacet
  facet normal -0.321374 0.946952 0
    outer loop
      vertex 81.0906 21.3669 0
      vertex 80.7376 21.2471 1.2
      vertex 81.0906 21.3669 1.2
    endloop
  endfacet
  facet normal -0.321374 0.946952 0
    outer loop
      vertex 80.7376 21.2471 1.2
      vertex 81.0906 21.3669 0
      vertex 80.7376 21.2471 0
    endloop
  endfacet
  facet normal -0.896881 -0.442272 0
    outer loop
      vertex 82.6331 25.0906 0
      vertex 82.4682 25.425 1.2
      vertex 82.4682 25.425 0
    endloop
  endfacet
  facet normal -0.896881 -0.442272 0
    outer loop
      vertex 82.4682 25.425 1.2
      vertex 82.6331 25.0906 0
      vertex 82.6331 25.0906 1.2
    endloop
  endfacet
  facet normal 0.195033 -0.980797 0
    outer loop
      vertex 79.2624 26.7529 0
      vertex 79.628 26.8256 1.2
      vertex 79.2624 26.7529 1.2
    endloop
  endfacet
  facet normal 0.195033 -0.980797 0
    outer loop
      vertex 79.628 26.8256 1.2
      vertex 79.2624 26.7529 0
      vertex 79.628 26.8256 0
    endloop
  endfacet
  facet normal -0.946952 0.321374 0
    outer loop
      vertex 82.6331 22.9094 0
      vertex 82.7529 23.2624 1.2
      vertex 82.7529 23.2624 0
    endloop
  endfacet
  facet normal -0.946952 0.321374 0
    outer loop
      vertex 82.7529 23.2624 1.2
      vertex 82.6331 22.9094 0
      vertex 82.6331 22.9094 1.2
    endloop
  endfacet
  facet normal 0.555505 0.831513 -0
    outer loop
      vertex 78.575 21.5318 0
      vertex 78.265 21.7389 1.2
      vertex 78.575 21.5318 1.2
    endloop
  endfacet
  facet normal 0.555505 0.831513 0
    outer loop
      vertex 78.265 21.7389 1.2
      vertex 78.575 21.5318 0
      vertex 78.265 21.7389 0
    endloop
  endfacet
  facet normal 0.659321 -0.751862 0
    outer loop
      vertex 77.9847 26.0153 0
      vertex 78.265 26.2611 1.2
      vertex 77.9847 26.0153 1.2
    endloop
  endfacet
  facet normal 0.659321 -0.751862 0
    outer loop
      vertex 78.265 26.2611 1.2
      vertex 77.9847 26.0153 0
      vertex 78.265 26.2611 0
    endloop
  endfacet
  facet normal 0.980797 -0.195033 0
    outer loop
      vertex 77.1744 24.372 1.2
      vertex 77.2471 24.7376 0
      vertex 77.2471 24.7376 1.2
    endloop
  endfacet
  facet normal 0.980797 -0.195033 0
    outer loop
      vertex 77.2471 24.7376 0
      vertex 77.1744 24.372 1.2
      vertex 77.1744 24.372 0
    endloop
  endfacet
  facet normal 0.321374 -0.946952 0
    outer loop
      vertex 78.9094 26.6331 0
      vertex 79.2624 26.7529 1.2
      vertex 78.9094 26.6331 1.2
    endloop
  endfacet
  facet normal 0.321374 -0.946952 0
    outer loop
      vertex 79.2624 26.7529 1.2
      vertex 78.9094 26.6331 0
      vertex 79.2624 26.7529 0
    endloop
  endfacet
  facet normal -0.659321 0.751862 0
    outer loop
      vertex 82.0153 21.9847 0
      vertex 81.735 21.7389 1.2
      vertex 82.0153 21.9847 1.2
    endloop
  endfacet
  facet normal -0.659321 0.751862 0
    outer loop
      vertex 81.735 21.7389 1.2
      vertex 82.0153 21.9847 0
      vertex 81.735 21.7389 0
    endloop
  endfacet
  facet normal 0.946952 0.321374 0
    outer loop
      vertex 77.3669 22.9094 1.2
      vertex 77.2471 23.2624 0
      vertex 77.2471 23.2624 1.2
    endloop
  endfacet
  facet normal 0.946952 0.321374 0
    outer loop
      vertex 77.2471 23.2624 0
      vertex 77.3669 22.9094 1.2
      vertex 77.3669 22.9094 0
    endloop
  endfacet
  facet normal -0.831513 -0.555505 0
    outer loop
      vertex 82.4682 25.425 0
      vertex 82.2611 25.735 1.2
      vertex 82.2611 25.735 0
    endloop
  endfacet
  facet normal -0.831513 -0.555505 0
    outer loop
      vertex 82.2611 25.735 1.2
      vertex 82.4682 25.425 0
      vertex 82.4682 25.425 1.2
    endloop
  endfacet
  facet normal -0.195033 0.980797 0
    outer loop
      vertex 80.7376 21.2471 0
      vertex 80.372 21.1744 1.2
      vertex 80.7376 21.2471 1.2
    endloop
  endfacet
  facet normal -0.195033 0.980797 0
    outer loop
      vertex 80.372 21.1744 1.2
      vertex 80.7376 21.2471 0
      vertex 80.372 21.1744 0
    endloop
  endfacet
  facet normal 0.980797 0.195033 0
    outer loop
      vertex 77.2471 23.2624 1.2
      vertex 77.1744 23.628 0
      vertex 77.1744 23.628 1.2
    endloop
  endfacet
  facet normal 0.980797 0.195033 0
    outer loop
      vertex 77.1744 23.628 0
      vertex 77.2471 23.2624 1.2
      vertex 77.2471 23.2624 0
    endloop
  endfacet
  facet normal -0.659321 -0.751862 0
    outer loop
      vertex 81.735 26.2611 0
      vertex 82.0153 26.0153 1.2
      vertex 81.735 26.2611 1.2
    endloop
  endfacet
  facet normal -0.659321 -0.751862 -0
    outer loop
      vertex 82.0153 26.0153 1.2
      vertex 81.735 26.2611 0
      vertex 82.0153 26.0153 0
    endloop
  endfacet
  facet normal -0.997856 0.0654508 0
    outer loop
      vertex 82.8256 23.628 0
      vertex 82.85 24 1.2
      vertex 82.85 24 0
    endloop
  endfacet
  facet normal -0.997856 0.0654508 0
    outer loop
      vertex 82.85 24 1.2
      vertex 82.8256 23.628 0
      vertex 82.8256 23.628 1.2
    endloop
  endfacet
  facet normal -0.980797 0.195033 0
    outer loop
      vertex 82.7529 23.2624 0
      vertex 82.8256 23.628 1.2
      vertex 82.8256 23.628 0
    endloop
  endfacet
  facet normal -0.980797 0.195033 0
    outer loop
      vertex 82.8256 23.628 1.2
      vertex 82.7529 23.2624 0
      vertex 82.7529 23.2624 1.2
    endloop
  endfacet
  facet normal -0.555505 0.831513 0
    outer loop
      vertex 81.735 21.7389 0
      vertex 81.425 21.5318 1.2
      vertex 81.735 21.7389 1.2
    endloop
  endfacet
  facet normal -0.555505 0.831513 0
    outer loop
      vertex 81.425 21.5318 1.2
      vertex 81.735 21.7389 0
      vertex 81.425 21.5318 0
    endloop
  endfacet
  facet normal -0.195033 -0.980797 0
    outer loop
      vertex 80.372 26.8256 0
      vertex 80.7376 26.7529 1.2
      vertex 80.372 26.8256 1.2
    endloop
  endfacet
  facet normal -0.195033 -0.980797 -0
    outer loop
      vertex 80.7376 26.7529 1.2
      vertex 80.372 26.8256 0
      vertex 80.7376 26.7529 0
    endloop
  endfacet
  facet normal -0.751862 -0.659321 0
    outer loop
      vertex 82.2611 25.735 0
      vertex 82.0153 26.0153 1.2
      vertex 82.0153 26.0153 0
    endloop
  endfacet
  facet normal -0.751862 -0.659321 0
    outer loop
      vertex 82.0153 26.0153 1.2
      vertex 82.2611 25.735 0
      vertex 82.2611 25.735 1.2
    endloop
  endfacet
  facet normal -0.0654508 -0.997856 0
    outer loop
      vertex 80 26.85 0
      vertex 80.372 26.8256 1.2
      vertex 80 26.85 1.2
    endloop
  endfacet
  facet normal -0.0654508 -0.997856 -0
    outer loop
      vertex 80.372 26.8256 1.2
      vertex 80 26.85 0
      vertex 80.372 26.8256 0
    endloop
  endfacet
  facet normal 0.946952 -0.321374 0
    outer loop
      vertex 77.2471 24.7376 1.2
      vertex 77.3669 25.0906 0
      vertex 77.3669 25.0906 1.2
    endloop
  endfacet
  facet normal 0.946952 -0.321374 0
    outer loop
      vertex 77.3669 25.0906 0
      vertex 77.2471 24.7376 1.2
      vertex 77.2471 24.7376 0
    endloop
  endfacet
  facet normal 0.0654508 0.997856 -0
    outer loop
      vertex 80 21.15 0
      vertex 79.628 21.1744 1.2
      vertex 80 21.15 1.2
    endloop
  endfacet
  facet normal 0.0654508 0.997856 0
    outer loop
      vertex 79.628 21.1744 1.2
      vertex 80 21.15 0
      vertex 79.628 21.1744 0
    endloop
  endfacet
  facet normal -0.442272 -0.896881 0
    outer loop
      vertex 81.0906 26.6331 0
      vertex 81.425 26.4682 1.2
      vertex 81.0906 26.6331 1.2
    endloop
  endfacet
  facet normal -0.442272 -0.896881 -0
    outer loop
      vertex 81.425 26.4682 1.2
      vertex 81.0906 26.6331 0
      vertex 81.425 26.4682 0
    endloop
  endfacet
  facet normal 0.997856 0.0654508 0
    outer loop
      vertex 77.1744 23.628 1.2
      vertex 77.15 24 0
      vertex 77.15 24 1.2
    endloop
  endfacet
  facet normal 0.997856 0.0654508 0
    outer loop
      vertex 77.15 24 0
      vertex 77.1744 23.628 1.2
      vertex 77.1744 23.628 0
    endloop
  endfacet
  facet normal 0.659321 0.751862 -0
    outer loop
      vertex 78.265 21.7389 0
      vertex 77.9847 21.9847 1.2
      vertex 78.265 21.7389 1.2
    endloop
  endfacet
  facet normal 0.659321 0.751862 0
    outer loop
      vertex 77.9847 21.9847 1.2
      vertex 78.265 21.7389 0
      vertex 77.9847 21.9847 0
    endloop
  endfacet
  facet normal -0.831513 0.555505 0
    outer loop
      vertex 82.2611 22.265 0
      vertex 82.4682 22.575 1.2
      vertex 82.4682 22.575 0
    endloop
  endfacet
  facet normal -0.831513 0.555505 0
    outer loop
      vertex 82.4682 22.575 1.2
      vertex 82.2611 22.265 0
      vertex 82.2611 22.265 1.2
    endloop
  endfacet
  facet normal 0.751862 0.659321 0
    outer loop
      vertex 77.9847 21.9847 1.2
      vertex 77.7389 22.265 0
      vertex 77.7389 22.265 1.2
    endloop
  endfacet
  facet normal 0.751862 0.659321 0
    outer loop
      vertex 77.7389 22.265 0
      vertex 77.9847 21.9847 1.2
      vertex 77.9847 21.9847 0
    endloop
  endfacet
  facet normal 0.997856 -0.0654508 0
    outer loop
      vertex 77.15 24 1.2
      vertex 77.1744 24.372 0
      vertex 77.1744 24.372 1.2
    endloop
  endfacet
  facet normal 0.997856 -0.0654508 0
    outer loop
      vertex 77.1744 24.372 0
      vertex 77.15 24 1.2
      vertex 77.15 24 0
    endloop
  endfacet
  facet normal 0.195033 0.980797 -0
    outer loop
      vertex 79.628 21.1744 0
      vertex 79.2624 21.2471 1.2
      vertex 79.628 21.1744 1.2
    endloop
  endfacet
  facet normal 0.195033 0.980797 0
    outer loop
      vertex 79.2624 21.2471 1.2
      vertex 79.628 21.1744 0
      vertex 79.2624 21.2471 0
    endloop
  endfacet
  facet normal -0.0654508 0.997856 0
    outer loop
      vertex 80.372 21.1744 0
      vertex 80 21.15 1.2
      vertex 80.372 21.1744 1.2
    endloop
  endfacet
  facet normal -0.0654508 0.997856 0
    outer loop
      vertex 80 21.15 1.2
      vertex 80.372 21.1744 0
      vertex 80 21.15 0
    endloop
  endfacet
  facet normal 0.442272 -0.896881 0
    outer loop
      vertex 78.575 26.4682 0
      vertex 78.9094 26.6331 1.2
      vertex 78.575 26.4682 1.2
    endloop
  endfacet
  facet normal 0.442272 -0.896881 0
    outer loop
      vertex 78.9094 26.6331 1.2
      vertex 78.575 26.4682 0
      vertex 78.9094 26.6331 0
    endloop
  endfacet
  facet normal 0.321374 0.946952 -0
    outer loop
      vertex 79.2624 21.2471 0
      vertex 78.9094 21.3669 1.2
      vertex 79.2624 21.2471 1.2
    endloop
  endfacet
  facet normal 0.321374 0.946952 0
    outer loop
      vertex 78.9094 21.3669 1.2
      vertex 79.2624 21.2471 0
      vertex 78.9094 21.3669 0
    endloop
  endfacet
  facet normal 0.751862 -0.659321 0
    outer loop
      vertex 77.7389 25.735 1.2
      vertex 77.9847 26.0153 0
      vertex 77.9847 26.0153 1.2
    endloop
  endfacet
  facet normal 0.751862 -0.659321 0
    outer loop
      vertex 77.9847 26.0153 0
      vertex 77.7389 25.735 1.2
      vertex 77.7389 25.735 0
    endloop
  endfacet
  facet normal 0.831513 0.555505 0
    outer loop
      vertex 77.7389 22.265 1.2
      vertex 77.5318 22.575 0
      vertex 77.5318 22.575 1.2
    endloop
  endfacet
  facet normal 0.831513 0.555505 0
    outer loop
      vertex 77.5318 22.575 0
      vertex 77.7389 22.265 1.2
      vertex 77.7389 22.265 0
    endloop
  endfacet
  facet normal 0.0654508 -0.997856 0
    outer loop
      vertex 79.628 26.8256 0
      vertex 80 26.85 1.2
      vertex 79.628 26.8256 1.2
    endloop
  endfacet
  facet normal 0.0654508 -0.997856 0
    outer loop
      vertex 80 26.85 1.2
      vertex 79.628 26.8256 0
      vertex 80 26.85 0
    endloop
  endfacet
  facet normal 0.442272 0.896881 -0
    outer loop
      vertex 78.9094 21.3669 0
      vertex 78.575 21.5318 1.2
      vertex 78.9094 21.3669 1.2
    endloop
  endfacet
  facet normal 0.442272 0.896881 0
    outer loop
      vertex 78.575 21.5318 1.2
      vertex 78.9094 21.3669 0
      vertex 78.575 21.5318 0
    endloop
  endfacet
  facet normal -0.896881 0.442272 0
    outer loop
      vertex 82.4682 22.575 0
      vertex 82.6331 22.9094 1.2
      vertex 82.6331 22.9094 0
    endloop
  endfacet
  facet normal -0.896881 0.442272 0
    outer loop
      vertex 82.6331 22.9094 1.2
      vertex 82.4682 22.575 0
      vertex 82.4682 22.575 1.2
    endloop
  endfacet
  facet normal 0.896881 -0.442272 0
    outer loop
      vertex 77.3669 25.0906 1.2
      vertex 77.5318 25.425 0
      vertex 77.5318 25.425 1.2
    endloop
  endfacet
  facet normal 0.896881 -0.442272 0
    outer loop
      vertex 77.5318 25.425 0
      vertex 77.3669 25.0906 1.2
      vertex 77.3669 25.0906 0
    endloop
  endfacet
  facet normal 0.831513 -0.555505 0
    outer loop
      vertex 77.5318 25.425 1.2
      vertex 77.7389 25.735 0
      vertex 77.7389 25.735 1.2
    endloop
  endfacet
  facet normal 0.831513 -0.555505 0
    outer loop
      vertex 77.7389 25.735 0
      vertex 77.5318 25.425 1.2
      vertex 77.5318 25.425 0
    endloop
  endfacet
  facet normal -0 0 1
    outer loop
      vertex 85.1 26 3
      vertex 86.3 22 3
      vertex 86.3 26 3
    endloop
  endfacet
  facet normal 0 0 1
    outer loop
      vertex 86.3 22 3
      vertex 85.1 26 3
      vertex 85.1 22 3
    endloop
  endfacet
  facet normal 0 -1 0
    outer loop
      vertex 85.1 26 3
      vertex 86.3 26 5.5
      vertex 85.1 26 5.5
    endloop
  endfacet
  facet normal 0 -1 -0
    outer loop
      vertex 86.3 26 5.5
      vertex 85.1 26 3
      vertex 86.3 26 3
    endloop
  endfacet
  facet normal 0 1 -0
    outer loop
      vertex 86.3 22 3
      vertex 85.1 22 5.5
      vertex 86.3 22 5.5
    endloop
  endfacet
  facet normal 0 1 0
    outer loop
      vertex 85.1 22 5.5
      vertex 86.3 22 3
      vertex 85.1 22 3
    endloop
  endfacet
  facet normal 1 0 0
    outer loop
      vertex 102.3 22 5.5
      vertex 102.3 17.7 5.5
      vertex 102.3 22 3
    endloop
  endfacet
  facet normal 1 0 0
    outer loop
      vertex 102.3 26 3
      vertex 102.3 30.3 5.5
      vertex 102.3 26 5.5
    endloop
  endfacet
  facet normal 1 0 0
    outer loop
      vertex 102.3 30.3 5.5
      vertex 102.3 26 3
      vertex 102.3 30.3 0
    endloop
  endfacet
  facet normal 1 -0 0
    outer loop
      vertex 102.3 22 3
      vertex 102.3 30.3 0
      vertex 102.3 26 3
    endloop
  endfacet
  facet normal 1 0 0
    outer loop
      vertex 102.3 22 3
      vertex 102.3 17.7 0
      vertex 102.3 30.3 0
    endloop
  endfacet
  facet normal 1 0 0
    outer loop
      vertex 102.3 17.7 0
      vertex 102.3 22 3
      vertex 102.3 17.7 5.5
    endloop
  endfacet
  facet normal 0 0 1
    outer loop
      vertex 102.3 30.3 5.5
      vertex 101.1 29.1 5.5
      vertex 102.3 26 5.5
    endloop
  endfacet
  facet normal 0 0 1
    outer loop
      vertex 102.3 30.3 5.5
      vertex 90.9 29.1 5.5
      vertex 101.1 29.1 5.5
    endloop
  endfacet
  facet normal 0 0 1
    outer loop
      vertex 90.9 29.1 5.5
      vertex 89.7 30.3 5.5
      vertex 90.9 18.9 5.5
    endloop
  endfacet
  facet normal -0 0 1
    outer loop
      vertex 89.7 30.3 5.5
      vertex 90.9 29.1 5.5
      vertex 102.3 30.3 5.5
    endloop
  endfacet
  facet normal 0 0 1
    outer loop
      vertex 102.3 26 5.5
      vertex 101.1 29.1 5.5
      vertex 101.1 26 5.5
    endloop
  endfacet
  facet normal 0 0 1
    outer loop
      vertex 101.1 18.9 5.5
      vertex 102.3 22 5.5
      vertex 101.1 22 5.5
    endloop
  endfacet
  facet normal 0 0 1
    outer loop
      vertex 102.3 22 5.5
      vertex 101.1 18.9 5.5
      vertex 102.3 17.7 5.5
    endloop
  endfacet
  facet normal -0 0 1
    outer loop
      vertex 90.9 18.9 5.5
      vertex 102.3 17.7 5.5
      vertex 101.1 18.9 5.5
    endloop
  endfacet
  facet normal 0 0 1
    outer loop
      vertex 90.9 18.9 5.5
      vertex 89.7 17.7 5.5
      vertex 102.3 17.7 5.5
    endloop
  endfacet
  facet normal 0 0 1
    outer loop
      vertex 89.7 17.7 5.5
      vertex 90.9 18.9 5.5
      vertex 89.7 30.3 5.5
    endloop
  endfacet
  facet normal 0 0 -1
    outer loop
      vertex 102.3 17.7 0
      vertex 98.85 24 0
      vertex 102.3 30.3 0
    endloop
  endfacet
  facet normal 0 0 -1
    outer loop
      vertex 102.3 17.7 0
      vertex 98.8256 23.628 0
      vertex 98.85 24 0
    endloop
  endfacet
  facet normal 0 0 -1
    outer loop
      vertex 102.3 17.7 0
      vertex 98.7529 23.2624 0
      vertex 98.8256 23.628 0
    endloop
  endfacet
  facet normal 0 0 -1
    outer loop
      vertex 102.3 17.7 0
      vertex 98.6331 22.9094 0
      vertex 98.7529 23.2624 0
    endloop
  endfacet
  facet normal 0 0 -1
    outer loop
      vertex 102.3 17.7 0
      vertex 98.4682 22.575 0
      vertex 98.6331 22.9094 0
    endloop
  endfacet
  facet normal 0 0 -1
    outer loop
      vertex 102.3 17.7 0
      vertex 98.2611 22.265 0
      vertex 98.4682 22.575 0
    endloop
  endfacet
  facet normal 0 0 -1
    outer loop
      vertex 102.3 17.7 0
      vertex 98.0153 21.9847 0
      vertex 98.2611 22.265 0
    endloop
  endfacet
  facet normal 0 0 -1
    outer loop
      vertex 102.3 17.7 0
      vertex 97.735 21.7389 0
      vertex 98.0153 21.9847 0
    endloop
  endfacet
  facet normal 0 0 -1
    outer loop
      vertex 102.3 17.7 0
      vertex 97.425 21.5318 0
      vertex 97.735 21.7389 0
    endloop
  endfacet
  facet normal 0 0 -1
    outer loop
      vertex 102.3 17.7 0
      vertex 97.0906 21.3669 0
      vertex 97.425 21.5318 0
    endloop
  endfacet
  facet normal 0 0 -1
    outer loop
      vertex 102.3 17.7 0
      vertex 96.7376 21.2471 0
      vertex 97.0906 21.3669 0
    endloop
  endfacet
  facet normal 0 0 -1
    outer loop
      vertex 102.3 17.7 0
      vertex 96.372 21.1744 0
      vertex 96.7376 21.2471 0
    endloop
  endfacet
  facet normal 0 0 -1
    outer loop
      vertex 102.3 17.7 0
      vertex 96 21.15 0
      vertex 96.372 21.1744 0
    endloop
  endfacet
  facet normal 0 0 -1
    outer loop
      vertex 89.7 17.7 0
      vertex 96 21.15 0
      vertex 102.3 17.7 0
    endloop
  endfacet
  facet normal -0 0 -1
    outer loop
      vertex 96 21.15 0
      vertex 89.7 17.7 0
      vertex 95.628 21.1744 0
    endloop
  endfacet
  facet normal -0 0 -1
    outer loop
      vertex 95.628 21.1744 0
      vertex 89.7 17.7 0
      vertex 95.2624 21.2471 0
    endloop
  endfacet
  facet normal -0 0 -1
    outer loop
      vertex 95.2624 21.2471 0
      vertex 89.7 17.7 0
      vertex 94.9094 21.3669 0
    endloop
  endfacet
  facet normal -0 0 -1
    outer loop
      vertex 93.1744 23.628 0
      vertex 89.7 17.7 0
      vertex 93.15 24 0
    endloop
  endfacet
  facet normal -0 0 -1
    outer loop
      vertex 93.2471 23.2624 0
      vertex 89.7 17.7 0
      vertex 93.1744 23.628 0
    endloop
  endfacet
  facet normal -0 0 -1
    outer loop
      vertex 93.3669 22.9094 0
      vertex 89.7 17.7 0
      vertex 93.2471 23.2624 0
    endloop
  endfacet
  facet normal -0 0 -1
    outer loop
      vertex 93.5318 22.575 0
      vertex 89.7 17.7 0
      vertex 93.3669 22.9094 0
    endloop
  endfacet
  facet normal -0 0 -1
    outer loop
      vertex 93.7389 22.265 0
      vertex 89.7 17.7 0
      vertex 93.5318 22.575 0
    endloop
  endfacet
  facet normal -0 0 -1
    outer loop
      vertex 93.9847 21.9847 0
      vertex 89.7 17.7 0
      vertex 93.7389 22.265 0
    endloop
  endfacet
  facet normal -0 0 -1
    outer loop
      vertex 94.265 21.7389 0
      vertex 89.7 17.7 0
      vertex 93.9847 21.9847 0
    endloop
  endfacet
  facet normal -0 0 -1
    outer loop
      vertex 94.575 21.5318 0
      vertex 89.7 17.7 0
      vertex 94.265 21.7389 0
    endloop
  endfacet
  facet normal -0 0 -1
    outer loop
      vertex 94.9094 21.3669 0
      vertex 89.7 17.7 0
      vertex 94.575 21.5318 0
    endloop
  endfacet
  facet normal 0 0 -1
    outer loop
      vertex 98.8256 24.372 0
      vertex 102.3 30.3 0
      vertex 98.85 24 0
    endloop
  endfacet
  facet normal 0 0 -1
    outer loop
      vertex 98.7529 24.7376 0
      vertex 102.3 30.3 0
      vertex 98.8256 24.372 0
    endloop
  endfacet
  facet normal 0 0 -1
    outer loop
      vertex 98.6331 25.0906 0
      vertex 102.3 30.3 0
      vertex 98.7529 24.7376 0
    endloop
  endfacet
  facet normal 0 0 -1
    outer loop
      vertex 98.4682 25.425 0
      vertex 102.3 30.3 0
      vertex 98.6331 25.0906 0
    endloop
  endfacet
  facet normal 0 0 -1
    outer loop
      vertex 98.2611 25.735 0
      vertex 102.3 30.3 0
      vertex 98.4682 25.425 0
    endloop
  endfacet
  facet normal 0 0 -1
    outer loop
      vertex 98.0153 26.0153 0
      vertex 102.3 30.3 0
      vertex 98.2611 25.735 0
    endloop
  endfacet
  facet normal 0 0 -1
    outer loop
      vertex 97.735 26.2611 0
      vertex 102.3 30.3 0
      vertex 98.0153 26.0153 0
    endloop
  endfacet
  facet normal 0 0 -1
    outer loop
      vertex 97.425 26.4682 0
      vertex 102.3 30.3 0
      vertex 97.735 26.2611 0
    endloop
  endfacet
  facet normal 0 0 -1
    outer loop
      vertex 97.0906 26.6331 0
      vertex 102.3 30.3 0
      vertex 97.425 26.4682 0
    endloop
  endfacet
  facet normal 0 0 -1
    outer loop
      vertex 96.7376 26.7529 0
      vertex 102.3 30.3 0
      vertex 97.0906 26.6331 0
    endloop
  endfacet
  facet normal 0 0 -1
    outer loop
      vertex 96.372 26.8256 0
      vertex 102.3 30.3 0
      vertex 96.7376 26.7529 0
    endloop
  endfacet
  facet normal 0 0 -1
    outer loop
      vertex 96 26.85 0
      vertex 102.3 30.3 0
      vertex 96.372 26.8256 0
    endloop
  endfacet
  facet normal 0 0 -1
    outer loop
      vertex 89.7 30.3 0
      vertex 96 26.85 0
      vertex 95.628 26.8256 0
    endloop
  endfacet
  facet normal 0 0 -1
    outer loop
      vertex 89.7 30.3 0
      vertex 95.628 26.8256 0
      vertex 95.2624 26.7529 0
    endloop
  endfacet
  facet normal 0 0 -1
    outer loop
      vertex 89.7 30.3 0
      vertex 95.2624 26.7529 0
      vertex 94.9094 26.6331 0
    endloop
  endfacet
  facet normal 0 0 -1
    outer loop
      vertex 89.7 30.3 0
      vertex 94.9094 26.6331 0
      vertex 94.575 26.4682 0
    endloop
  endfacet
  facet normal 0 0 -1
    outer loop
      vertex 89.7 30.3 0
      vertex 93.15 24 0
      vertex 89.7 17.7 0
    endloop
  endfacet
  facet normal 0 0 -1
    outer loop
      vertex 93.15 24 0
      vertex 89.7 30.3 0
      vertex 93.1744 24.372 0
    endloop
  endfacet
  facet normal 0 0 -1
    outer loop
      vertex 93.1744 24.372 0
      vertex 89.7 30.3 0
      vertex 93.2471 24.7376 0
    endloop
  endfacet
  facet normal 0 0 -1
    outer loop
      vertex 93.2471 24.7376 0
      vertex 89.7 30.3 0
      vertex 93.3669 25.0906 0
    endloop
  endfacet
  facet normal 0 0 -1
    outer loop
      vertex 96 26.85 0
      vertex 89.7 30.3 0
      vertex 102.3 30.3 0
    endloop
  endfacet
  facet normal 0 0 -1
    outer loop
      vertex 94.265 26.2611 0
      vertex 89.7 30.3 0
      vertex 94.575 26.4682 0
    endloop
  endfacet
  facet normal 0 0 -1
    outer loop
      vertex 93.9847 26.0153 0
      vertex 89.7 30.3 0
      vertex 94.265 26.2611 0
    endloop
  endfacet
  facet normal 0 0 -1
    outer loop
      vertex 93.7389 25.735 0
      vertex 89.7 30.3 0
      vertex 93.9847 26.0153 0
    endloop
  endfacet
  facet normal 0 0 -1
    outer loop
      vertex 93.5318 25.425 0
      vertex 89.7 30.3 0
      vertex 93.7389 25.735 0
    endloop
  endfacet
  facet normal 0 0 -1
    outer loop
      vertex 93.3669 25.0906 0
      vertex 89.7 30.3 0
      vertex 93.5318 25.425 0
    endloop
  endfacet
  facet normal -1 0 0
    outer loop
      vertex 89.7 17.7 0
      vertex 89.7 30.3 5.5
      vertex 89.7 30.3 0
    endloop
  endfacet
  facet normal -1 -0 0
    outer loop
      vertex 89.7 30.3 5.5
      vertex 89.7 17.7 0
      vertex 89.7 17.7 5.5
    endloop
  endfacet
  facet normal 0 1 -0
    outer loop
      vertex 102.3 30.3 0
      vertex 89.7 30.3 5.5
      vertex 102.3 30.3 5.5
    endloop
  endfacet
  facet normal 0 1 0
    outer loop
      vertex 89.7 30.3 5.5
      vertex 102.3 30.3 0
      vertex 89.7 30.3 0
    endloop
  endfacet
  facet normal 0 -1 0
    outer loop
      vertex 89.7 17.7 0
      vertex 102.3 17.7 5.5
      vertex 89.7 17.7 5.5
    endloop
  endfacet
  facet normal 0 -1 -0
    outer loop
      vertex 102.3 17.7 5.5
      vertex 89.7 17.7 0
      vertex 102.3 17.7 0
    endloop
  endfacet
  facet normal -1 0 0
    outer loop
      vertex 101.1 29.1 1.2
      vertex 101.1 26 3
      vertex 101.1 29.1 5.5
    endloop
  endfacet
  facet normal -1 0 0
    outer loop
      vertex 101.1 29.1 1.2
      vertex 101.1 22 3
      vertex 101.1 26 3
    endloop
  endfacet
  facet normal -1 0 0
    outer loop
      vertex 101.1 18.9 1.2
      vertex 101.1 22 3
      vertex 101.1 29.1 1.2
    endloop
  endfacet
  facet normal -1 0 0
    outer loop
      vertex 101.1 18.9 5.5
      vertex 101.1 22 3
      vertex 101.1 18.9 1.2
    endloop
  endfacet
  facet normal -1 0 0
    outer loop
      vertex 101.1 22 3
      vertex 101.1 18.9 5.5
      vertex 101.1 22 5.5
    endloop
  endfacet
  facet normal -1 -0 0
    outer loop
      vertex 101.1 29.1 5.5
      vertex 101.1 26 3
      vertex 101.1 26 5.5
    endloop
  endfacet
  facet normal 0 0 1
    outer loop
      vertex 101.1 29.1 1.2
      vertex 98.85 24 1.2
      vertex 101.1 18.9 1.2
    endloop
  endfacet
  facet normal 0 0 1
    outer loop
      vertex 101.1 29.1 1.2
      vertex 98.8256 24.372 1.2
      vertex 98.85 24 1.2
    endloop
  endfacet
  facet normal 0 0 1
    outer loop
      vertex 101.1 29.1 1.2
      vertex 98.7529 24.7376 1.2
      vertex 98.8256 24.372 1.2
    endloop
  endfacet
  facet normal 0 0 1
    outer loop
      vertex 101.1 29.1 1.2
      vertex 98.6331 25.0906 1.2
      vertex 98.7529 24.7376 1.2
    endloop
  endfacet
  facet normal 0 0 1
    outer loop
      vertex 101.1 29.1 1.2
      vertex 98.4682 25.425 1.2
      vertex 98.6331 25.0906 1.2
    endloop
  endfacet
  facet normal 0 0 1
    outer loop
      vertex 101.1 29.1 1.2
      vertex 98.2611 25.735 1.2
      vertex 98.4682 25.425 1.2
    endloop
  endfacet
  facet normal 0 0 1
    outer loop
      vertex 101.1 29.1 1.2
      vertex 98.0153 26.0153 1.2
      vertex 98.2611 25.735 1.2
    endloop
  endfacet
  facet normal 0 0 1
    outer loop
      vertex 101.1 29.1 1.2
      vertex 97.735 26.2611 1.2
      vertex 98.0153 26.0153 1.2
    endloop
  endfacet
  facet normal 0 0 1
    outer loop
      vertex 101.1 29.1 1.2
      vertex 97.425 26.4682 1.2
      vertex 97.735 26.2611 1.2
    endloop
  endfacet
  facet normal 0 0 1
    outer loop
      vertex 101.1 29.1 1.2
      vertex 97.0906 26.6331 1.2
      vertex 97.425 26.4682 1.2
    endloop
  endfacet
  facet normal 0 0 1
    outer loop
      vertex 101.1 29.1 1.2
      vertex 96.7376 26.7529 1.2
      vertex 97.0906 26.6331 1.2
    endloop
  endfacet
  facet normal 0 0 1
    outer loop
      vertex 101.1 29.1 1.2
      vertex 96.372 26.8256 1.2
      vertex 96.7376 26.7529 1.2
    endloop
  endfacet
  facet normal 0 0 1
    outer loop
      vertex 101.1 29.1 1.2
      vertex 96 26.85 1.2
      vertex 96.372 26.8256 1.2
    endloop
  endfacet
  facet normal -0 0 1
    outer loop
      vertex 90.9 29.1 1.2
      vertex 96 26.85 1.2
      vertex 101.1 29.1 1.2
    endloop
  endfacet
  facet normal 0 0 1
    outer loop
      vertex 96 26.85 1.2
      vertex 90.9 29.1 1.2
      vertex 95.628 26.8256 1.2
    endloop
  endfacet
  facet normal 0 0 1
    outer loop
      vertex 95.628 26.8256 1.2
      vertex 90.9 29.1 1.2
      vertex 95.2624 26.7529 1.2
    endloop
  endfacet
  facet normal 0 0 1
    outer loop
      vertex 93.1744 24.372 1.2
      vertex 90.9 29.1 1.2
      vertex 93.15 24 1.2
    endloop
  endfacet
  facet normal 0 0 1
    outer loop
      vertex 93.2471 24.7376 1.2
      vertex 90.9 29.1 1.2
      vertex 93.1744 24.372 1.2
    endloop
  endfacet
  facet normal 0 0 1
    outer loop
      vertex 93.3669 25.0906 1.2
      vertex 90.9 29.1 1.2
      vertex 93.2471 24.7376 1.2
    endloop
  endfacet
  facet normal 0 0 1
    outer loop
      vertex 93.5318 25.425 1.2
      vertex 90.9 29.1 1.2
      vertex 93.3669 25.0906 1.2
    endloop
  endfacet
  facet normal 0 0 1
    outer loop
      vertex 93.7389 25.735 1.2
      vertex 90.9 29.1 1.2
      vertex 93.5318 25.425 1.2
    endloop
  endfacet
  facet normal 0 0 1
    outer loop
      vertex 93.9847 26.0153 1.2
      vertex 90.9 29.1 1.2
      vertex 93.7389 25.735 1.2
    endloop
  endfacet
  facet normal 0 0 1
    outer loop
      vertex 94.265 26.2611 1.2
      vertex 90.9 29.1 1.2
      vertex 93.9847 26.0153 1.2
    endloop
  endfacet
  facet normal 0 0 1
    outer loop
      vertex 94.575 26.4682 1.2
      vertex 90.9 29.1 1.2
      vertex 94.265 26.2611 1.2
    endloop
  endfacet
  facet normal 0 0 1
    outer loop
      vertex 94.9094 26.6331 1.2
      vertex 90.9 29.1 1.2
      vertex 94.575 26.4682 1.2
    endloop
  endfacet
  facet normal 0 0 1
    outer loop
      vertex 95.2624 26.7529 1.2
      vertex 90.9 29.1 1.2
      vertex 94.9094 26.6331 1.2
    endloop
  endfacet
  facet normal -0 0 1
    outer loop
      vertex 98.8256 23.628 1.2
      vertex 101.1 18.9 1.2
      vertex 98.85 24 1.2
    endloop
  endfacet
  facet normal -0 0 1
    outer loop
      vertex 98.7529 23.2624 1.2
      vertex 101.1 18.9 1.2
      vertex 98.8256 23.628 1.2
    endloop
  endfacet
  facet normal -0 0 1
    outer loop
      vertex 98.6331 22.9094 1.2
      vertex 101.1 18.9 1.2
      vertex 98.7529 23.2624 1.2
    endloop
  endfacet
  facet normal -0 0 1
    outer loop
      vertex 98.4682 22.575 1.2
      vertex 101.1 18.9 1.2
      vertex 98.6331 22.9094 1.2
    endloop
  endfacet
  facet normal -0 0 1
    outer loop
      vertex 98.2611 22.265 1.2
      vertex 101.1 18.9 1.2
      vertex 98.4682 22.575 1.2
    endloop
  endfacet
  facet normal -0 0 1
    outer loop
      vertex 98.0153 21.9847 1.2
      vertex 101.1 18.9 1.2
      vertex 98.2611 22.265 1.2
    endloop
  endfacet
  facet normal -0 0 1
    outer loop
      vertex 97.735 21.7389 1.2
      vertex 101.1 18.9 1.2
      vertex 98.0153 21.9847 1.2
    endloop
  endfacet
  facet normal -0 0 1
    outer loop
      vertex 97.425 21.5318 1.2
      vertex 101.1 18.9 1.2
      vertex 97.735 21.7389 1.2
    endloop
  endfacet
  facet normal -0 0 1
    outer loop
      vertex 97.0906 21.3669 1.2
      vertex 101.1 18.9 1.2
      vertex 97.425 21.5318 1.2
    endloop
  endfacet
  facet normal -0 0 1
    outer loop
      vertex 96.7376 21.2471 1.2
      vertex 101.1 18.9 1.2
      vertex 97.0906 21.3669 1.2
    endloop
  endfacet
  facet normal -0 0 1
    outer loop
      vertex 96.372 21.1744 1.2
      vertex 101.1 18.9 1.2
      vertex 96.7376 21.2471 1.2
    endloop
  endfacet
  facet normal -0 0 1
    outer loop
      vertex 96 21.15 1.2
      vertex 101.1 18.9 1.2
      vertex 96.372 21.1744 1.2
    endloop
  endfacet
  facet normal 0 0 1
    outer loop
      vertex 90.9 18.9 1.2
      vertex 96 21.15 1.2
      vertex 95.628 21.1744 1.2
    endloop
  endfacet
  facet normal 0 0 1
    outer loop
      vertex 90.9 18.9 1.2
      vertex 95.628 21.1744 1.2
      vertex 95.2624 21.2471 1.2
    endloop
  endfacet
  facet normal 0 0 1
    outer loop
      vertex 90.9 18.9 1.2
      vertex 95.2624 21.2471 1.2
      vertex 94.9094 21.3669 1.2
    endloop
  endfacet
  facet normal 0 0 1
    outer loop
      vertex 90.9 18.9 1.2
      vertex 93.15 24 1.2
      vertex 90.9 29.1 1.2
    endloop
  endfacet
  facet normal 0 0 1
    outer loop
      vertex 93.15 24 1.2
      vertex 90.9 18.9 1.2
      vertex 93.1744 23.628 1.2
    endloop
  endfacet
  facet normal 0 0 1
    outer loop
      vertex 93.1744 23.628 1.2
      vertex 90.9 18.9 1.2
      vertex 93.2471 23.2624 1.2
    endloop
  endfacet
  facet normal 0 0 1
    outer loop
      vertex 96 21.15 1.2
      vertex 90.9 18.9 1.2
      vertex 101.1 18.9 1.2
    endloop
  endfacet
  facet normal 0 0 1
    outer loop
      vertex 94.575 21.5318 1.2
      vertex 90.9 18.9 1.2
      vertex 94.9094 21.3669 1.2
    endloop
  endfacet
  facet normal 0 0 1
    outer loop
      vertex 94.265 21.7389 1.2
      vertex 90.9 18.9 1.2
      vertex 94.575 21.5318 1.2
    endloop
  endfacet
  facet normal 0 0 1
    outer loop
      vertex 93.9847 21.9847 1.2
      vertex 90.9 18.9 1.2
      vertex 94.265 21.7389 1.2
    endloop
  endfacet
  facet normal 0 0 1
    outer loop
      vertex 93.7389 22.265 1.2
      vertex 90.9 18.9 1.2
      vertex 93.9847 21.9847 1.2
    endloop
  endfacet
  facet normal 0 0 1
    outer loop
      vertex 93.5318 22.575 1.2
      vertex 90.9 18.9 1.2
      vertex 93.7389 22.265 1.2
    endloop
  endfacet
  facet normal 0 0 1
    outer loop
      vertex 93.3669 22.9094 1.2
      vertex 90.9 18.9 1.2
      vertex 93.5318 22.575 1.2
    endloop
  endfacet
  facet normal 0 0 1
    outer loop
      vertex 93.2471 23.2624 1.2
      vertex 90.9 18.9 1.2
      vertex 93.3669 22.9094 1.2
    endloop
  endfacet
  facet normal 1 -0 0
    outer loop
      vertex 90.9 18.9 5.5
      vertex 90.9 29.1 1.2
      vertex 90.9 29.1 5.5
    endloop
  endfacet
  facet normal 1 0 0
    outer loop
      vertex 90.9 29.1 1.2
      vertex 90.9 18.9 5.5
      vertex 90.9 18.9 1.2
    endloop
  endfacet
  facet normal 0 -1 0
    outer loop
      vertex 90.9 29.1 1.2
      vertex 101.1 29.1 5.5
      vertex 90.9 29.1 5.5
    endloop
  endfacet
  facet normal 0 -1 -0
    outer loop
      vertex 101.1 29.1 5.5
      vertex 90.9 29.1 1.2
      vertex 101.1 29.1 1.2
    endloop
  endfacet
  facet normal 0 1 -0
    outer loop
      vertex 101.1 18.9 1.2
      vertex 90.9 18.9 5.5
      vertex 101.1 18.9 5.5
    endloop
  endfacet
  facet normal 0 1 0
    outer loop
      vertex 90.9 18.9 5.5
      vertex 101.1 18.9 1.2
      vertex 90.9 18.9 1.2
    endloop
  endfacet
  facet normal 0.896881 0.442272 0
    outer loop
      vertex 93.5318 22.575 1.2
      vertex 93.3669 22.9094 0
      vertex 93.3669 22.9094 1.2
    endloop
  endfacet
  facet normal 0.896881 0.442272 0
    outer loop
      vertex 93.3669 22.9094 0
      vertex 93.5318 22.575 1.2
      vertex 93.5318 22.575 0
    endloop
  endfacet
  facet normal -0.442272 0.896881 0
    outer loop
      vertex 97.425 21.5318 0
      vertex 97.0906 21.3669 1.2
      vertex 97.425 21.5318 1.2
    endloop
  endfacet
  facet normal -0.442272 0.896881 0
    outer loop
      vertex 97.0906 21.3669 1.2
      vertex 97.425 21.5318 0
      vertex 97.0906 21.3669 0
    endloop
  endfacet
  facet normal -0.980797 -0.195033 0
    outer loop
      vertex 98.8256 24.372 0
      vertex 98.7529 24.7376 1.2
      vertex 98.7529 24.7376 0
    endloop
  endfacet
  facet normal -0.980797 -0.195033 0
    outer loop
      vertex 98.7529 24.7376 1.2
      vertex 98.8256 24.372 0
      vertex 98.8256 24.372 1.2
    endloop
  endfacet
  facet normal -0.997856 -0.0654508 0
    outer loop
      vertex 98.85 24 0
      vertex 98.8256 24.372 1.2
      vertex 98.8256 24.372 0
    endloop
  endfacet
  facet normal -0.997856 -0.0654508 0
    outer loop
      vertex 98.8256 24.372 1.2
      vertex 98.85 24 0
      vertex 98.85 24 1.2
    endloop
  endfacet
  facet normal -0.946952 -0.321374 0
    outer loop
      vertex 98.7529 24.7376 0
      vertex 98.6331 25.0906 1.2
      vertex 98.6331 25.0906 0
    endloop
  endfacet
  facet normal -0.946952 -0.321374 0
    outer loop
      vertex 98.6331 25.0906 1.2
      vertex 98.7529 24.7376 0
      vertex 98.7529 24.7376 1.2
    endloop
  endfacet
  facet normal -0.751862 0.659321 0
    outer loop
      vertex 98.0153 21.9847 0
      vertex 98.2611 22.265 1.2
      vertex 98.2611 22.265 0
    endloop
  endfacet
  facet normal -0.751862 0.659321 0
    outer loop
      vertex 98.2611 22.265 1.2
      vertex 98.0153 21.9847 0
      vertex 98.0153 21.9847 1.2
    endloop
  endfacet
  facet normal 0.555505 -0.831513 0
    outer loop
      vertex 94.265 26.2611 0
      vertex 94.575 26.4682 1.2
      vertex 94.265 26.2611 1.2
    endloop
  endfacet
  facet normal 0.555505 -0.831513 0
    outer loop
      vertex 94.575 26.4682 1.2
      vertex 94.265 26.2611 0
      vertex 94.575 26.4682 0
    endloop
  endfacet
  facet normal -0.321374 -0.946952 0
    outer loop
      vertex 96.7376 26.7529 0
      vertex 97.0906 26.6331 1.2
      vertex 96.7376 26.7529 1.2
    endloop
  endfacet
  facet normal -0.321374 -0.946952 -0
    outer loop
      vertex 97.0906 26.6331 1.2
      vertex 96.7376 26.7529 0
      vertex 97.0906 26.6331 0
    endloop
  endfacet
  facet normal -0.555505 -0.831513 0
    outer loop
      vertex 97.425 26.4682 0
      vertex 97.735 26.2611 1.2
      vertex 97.425 26.4682 1.2
    endloop
  endfacet
  facet normal -0.555505 -0.831513 -0
    outer loop
      vertex 97.735 26.2611 1.2
      vertex 97.425 26.4682 0
      vertex 97.735 26.2611 0
    endloop
  endfacet
  facet normal -0.321374 0.946952 0
    outer loop
      vertex 97.0906 21.3669 0
      vertex 96.7376 21.2471 1.2
      vertex 97.0906 21.3669 1.2
    endloop
  endfacet
  facet normal -0.321374 0.946952 0
    outer loop
      vertex 96.7376 21.2471 1.2
      vertex 97.0906 21.3669 0
      vertex 96.7376 21.2471 0
    endloop
  endfacet
  facet normal -0.896881 -0.442272 0
    outer loop
      vertex 98.6331 25.0906 0
      vertex 98.4682 25.425 1.2
      vertex 98.4682 25.425 0
    endloop
  endfacet
  facet normal -0.896881 -0.442272 0
    outer loop
      vertex 98.4682 25.425 1.2
      vertex 98.6331 25.0906 0
      vertex 98.6331 25.0906 1.2
    endloop
  endfacet
  facet normal 0.195033 -0.980797 0
    outer loop
      vertex 95.2624 26.7529 0
      vertex 95.628 26.8256 1.2
      vertex 95.2624 26.7529 1.2
    endloop
  endfacet
  facet normal 0.195033 -0.980797 0
    outer loop
      vertex 95.628 26.8256 1.2
      vertex 95.2624 26.7529 0
      vertex 95.628 26.8256 0
    endloop
  endfacet
  facet normal -0.946952 0.321374 0
    outer loop
      vertex 98.6331 22.9094 0
      vertex 98.7529 23.2624 1.2
      vertex 98.7529 23.2624 0
    endloop
  endfacet
  facet normal -0.946952 0.321374 0
    outer loop
      vertex 98.7529 23.2624 1.2
      vertex 98.6331 22.9094 0
      vertex 98.6331 22.9094 1.2
    endloop
  endfacet
  facet normal 0.555505 0.831513 -0
    outer loop
      vertex 94.575 21.5318 0
      vertex 94.265 21.7389 1.2
      vertex 94.575 21.5318 1.2
    endloop
  endfacet
  facet normal 0.555505 0.831513 0
    outer loop
      vertex 94.265 21.7389 1.2
      vertex 94.575 21.5318 0
      vertex 94.265 21.7389 0
    endloop
  endfacet
  facet normal 0.659321 -0.751862 0
    outer loop
      vertex 93.9847 26.0153 0
      vertex 94.265 26.2611 1.2
      vertex 93.9847 26.0153 1.2
    endloop
  endfacet
  facet normal 0.659321 -0.751862 0
    outer loop
      vertex 94.265 26.2611 1.2
      vertex 93.9847 26.0153 0
      vertex 94.265 26.2611 0
    endloop
  endfacet
  facet normal 0.980797 -0.195033 0
    outer loop
      vertex 93.1744 24.372 1.2
      vertex 93.2471 24.7376 0
      vertex 93.2471 24.7376 1.2
    endloop
  endfacet
  facet normal 0.980797 -0.195033 0
    outer loop
      vertex 93.2471 24.7376 0
      vertex 93.1744 24.372 1.2
      vertex 93.1744 24.372 0
    endloop
  endfacet
  facet normal 0.321374 -0.946952 0
    outer loop
      vertex 94.9094 26.6331 0
      vertex 95.2624 26.7529 1.2
      vertex 94.9094 26.6331 1.2
    endloop
  endfacet
  facet normal 0.321374 -0.946952 0
    outer loop
      vertex 95.2624 26.7529 1.2
      vertex 94.9094 26.6331 0
      vertex 95.2624 26.7529 0
    endloop
  endfacet
  facet normal -0.659321 0.751862 0
    outer loop
      vertex 98.0153 21.9847 0
      vertex 97.735 21.7389 1.2
      vertex 98.0153 21.9847 1.2
    endloop
  endfacet
  facet normal -0.659321 0.751862 0
    outer loop
      vertex 97.735 21.7389 1.2
      vertex 98.0153 21.9847 0
      vertex 97.735 21.7389 0
    endloop
  endfacet
  facet normal 0.946952 0.321374 0
    outer loop
      vertex 93.3669 22.9094 1.2
      vertex 93.2471 23.2624 0
      vertex 93.2471 23.2624 1.2
    endloop
  endfacet
  facet normal 0.946952 0.321374 0
    outer loop
      vertex 93.2471 23.2624 0
      vertex 93.3669 22.9094 1.2
      vertex 93.3669 22.9094 0
    endloop
  endfacet
  facet normal -0.831513 -0.555505 0
    outer loop
      vertex 98.4682 25.425 0
      vertex 98.2611 25.735 1.2
      vertex 98.2611 25.735 0
    endloop
  endfacet
  facet normal -0.831513 -0.555505 0
    outer loop
      vertex 98.2611 25.735 1.2
      vertex 98.4682 25.425 0
      vertex 98.4682 25.425 1.2
    endloop
  endfacet
  facet normal -0.195033 0.980797 0
    outer loop
      vertex 96.7376 21.2471 0
      vertex 96.372 21.1744 1.2
      vertex 96.7376 21.2471 1.2
    endloop
  endfacet
  facet normal -0.195033 0.980797 0
    outer loop
      vertex 96.372 21.1744 1.2
      vertex 96.7376 21.2471 0
      vertex 96.372 21.1744 0
    endloop
  endfacet
  facet normal 0.980797 0.195033 0
    outer loop
      vertex 93.2471 23.2624 1.2
      vertex 93.1744 23.628 0
      vertex 93.1744 23.628 1.2
    endloop
  endfacet
  facet normal 0.980797 0.195033 0
    outer loop
      vertex 93.1744 23.628 0
      vertex 93.2471 23.2624 1.2
      vertex 93.2471 23.2624 0
    endloop
  endfacet
  facet normal -0.659321 -0.751862 0
    outer loop
      vertex 97.735 26.2611 0
      vertex 98.0153 26.0153 1.2
      vertex 97.735 26.2611 1.2
    endloop
  endfacet
  facet normal -0.659321 -0.751862 -0
    outer loop
      vertex 98.0153 26.0153 1.2
      vertex 97.735 26.2611 0
      vertex 98.0153 26.0153 0
    endloop
  endfacet
  facet normal -0.997856 0.0654508 0
    outer loop
      vertex 98.8256 23.628 0
      vertex 98.85 24 1.2
      vertex 98.85 24 0
    endloop
  endfacet
  facet normal -0.997856 0.0654508 0
    outer loop
      vertex 98.85 24 1.2
      vertex 98.8256 23.628 0
      vertex 98.8256 23.628 1.2
    endloop
  endfacet
  facet normal -0.980797 0.195033 0
    outer loop
      vertex 98.7529 23.2624 0
      vertex 98.8256 23.628 1.2
      vertex 98.8256 23.628 0
    endloop
  endfacet
  facet normal -0.980797 0.195033 0
    outer loop
      vertex 98.8256 23.628 1.2
      vertex 98.7529 23.2624 0
      vertex 98.7529 23.2624 1.2
    endloop
  endfacet
  facet normal -0.555505 0.831513 0
    outer loop
      vertex 97.735 21.7389 0
      vertex 97.425 21.5318 1.2
      vertex 97.735 21.7389 1.2
    endloop
  endfacet
  facet normal -0.555505 0.831513 0
    outer loop
      vertex 97.425 21.5318 1.2
      vertex 97.735 21.7389 0
      vertex 97.425 21.5318 0
    endloop
  endfacet
  facet normal -0.195033 -0.980797 0
    outer loop
      vertex 96.372 26.8256 0
      vertex 96.7376 26.7529 1.2
      vertex 96.372 26.8256 1.2
    endloop
  endfacet
  facet normal -0.195033 -0.980797 -0
    outer loop
      vertex 96.7376 26.7529 1.2
      vertex 96.372 26.8256 0
      vertex 96.7376 26.7529 0
    endloop
  endfacet
  facet normal -0.751862 -0.659321 0
    outer loop
      vertex 98.2611 25.735 0
      vertex 98.0153 26.0153 1.2
      vertex 98.0153 26.0153 0
    endloop
  endfacet
  facet normal -0.751862 -0.659321 0
    outer loop
      vertex 98.0153 26.0153 1.2
      vertex 98.2611 25.735 0
      vertex 98.2611 25.735 1.2
    endloop
  endfacet
  facet normal -0.0654508 -0.997856 0
    outer loop
      vertex 96 26.85 0
      vertex 96.372 26.8256 1.2
      vertex 96 26.85 1.2
    endloop
  endfacet
  facet normal -0.0654508 -0.997856 -0
    outer loop
      vertex 96.372 26.8256 1.2
      vertex 96 26.85 0
      vertex 96.372 26.8256 0
    endloop
  endfacet
  facet normal 0.946952 -0.321374 0
    outer loop
      vertex 93.2471 24.7376 1.2
      vertex 93.3669 25.0906 0
      vertex 93.3669 25.0906 1.2
    endloop
  endfacet
  facet normal 0.946952 -0.321374 0
    outer loop
      vertex 93.3669 25.0906 0
      vertex 93.2471 24.7376 1.2
      vertex 93.2471 24.7376 0
    endloop
  endfacet
  facet normal 0.0654508 0.997856 -0
    outer loop
      vertex 96 21.15 0
      vertex 95.628 21.1744 1.2
      vertex 96 21.15 1.2
    endloop
  endfacet
  facet normal 0.0654508 0.997856 0
    outer loop
      vertex 95.628 21.1744 1.2
      vertex 96 21.15 0
      vertex 95.628 21.1744 0
    endloop
  endfacet
  facet normal -0.442272 -0.896881 0
    outer loop
      vertex 97.0906 26.6331 0
      vertex 97.425 26.4682 1.2
      vertex 97.0906 26.6331 1.2
    endloop
  endfacet
  facet normal -0.442272 -0.896881 -0
    outer loop
      vertex 97.425 26.4682 1.2
      vertex 97.0906 26.6331 0
      vertex 97.425 26.4682 0
    endloop
  endfacet
  facet normal 0.997856 0.0654508 0
    outer loop
      vertex 93.1744 23.628 1.2
      vertex 93.15 24 0
      vertex 93.15 24 1.2
    endloop
  endfacet
  facet normal 0.997856 0.0654508 0
    outer loop
      vertex 93.15 24 0
      vertex 93.1744 23.628 1.2
      vertex 93.1744 23.628 0
    endloop
  endfacet
  facet normal 0.659321 0.751862 -0
    outer loop
      vertex 94.265 21.7389 0
      vertex 93.9847 21.9847 1.2
      vertex 94.265 21.7389 1.2
    endloop
  endfacet
  facet normal 0.659321 0.751862 0
    outer loop
      vertex 93.9847 21.9847 1.2
      vertex 94.265 21.7389 0
      vertex 93.9847 21.9847 0
    endloop
  endfacet
  facet normal -0.831513 0.555505 0
    outer loop
      vertex 98.2611 22.265 0
      vertex 98.4682 22.575 1.2
      vertex 98.4682 22.575 0
    endloop
  endfacet
  facet normal -0.831513 0.555505 0
    outer loop
      vertex 98.4682 22.575 1.2
      vertex 98.2611 22.265 0
      vertex 98.2611 22.265 1.2
    endloop
  endfacet
  facet normal 0.751862 0.659321 0
    outer loop
      vertex 93.9847 21.9847 1.2
      vertex 93.7389 22.265 0
      vertex 93.7389 22.265 1.2
    endloop
  endfacet
  facet normal 0.751862 0.659321 0
    outer loop
      vertex 93.7389 22.265 0
      vertex 93.9847 21.9847 1.2
      vertex 93.9847 21.9847 0
    endloop
  endfacet
  facet normal 0.997856 -0.0654508 0
    outer loop
      vertex 93.15 24 1.2
      vertex 93.1744 24.372 0
      vertex 93.1744 24.372 1.2
    endloop
  endfacet
  facet normal 0.997856 -0.0654508 0
    outer loop
      vertex 93.1744 24.372 0
      vertex 93.15 24 1.2
      vertex 93.15 24 0
    endloop
  endfacet
  facet normal 0.195033 0.980797 -0
    outer loop
      vertex 95.628 21.1744 0
      vertex 95.2624 21.2471 1.2
      vertex 95.628 21.1744 1.2
    endloop
  endfacet
  facet normal 0.195033 0.980797 0
    outer loop
      vertex 95.2624 21.2471 1.2
      vertex 95.628 21.1744 0
      vertex 95.2624 21.2471 0
    endloop
  endfacet
  facet normal -0.0654508 0.997856 0
    outer loop
      vertex 96.372 21.1744 0
      vertex 96 21.15 1.2
      vertex 96.372 21.1744 1.2
    endloop
  endfacet
  facet normal -0.0654508 0.997856 0
    outer loop
      vertex 96 21.15 1.2
      vertex 96.372 21.1744 0
      vertex 96 21.15 0
    endloop
  endfacet
  facet normal 0.442272 -0.896881 0
    outer loop
      vertex 94.575 26.4682 0
      vertex 94.9094 26.6331 1.2
      vertex 94.575 26.4682 1.2
    endloop
  endfacet
  facet normal 0.442272 -0.896881 0
    outer loop
      vertex 94.9094 26.6331 1.2
      vertex 94.575 26.4682 0
      vertex 94.9094 26.6331 0
    endloop
  endfacet
  facet normal 0.321374 0.946952 -0
    outer loop
      vertex 95.2624 21.2471 0
      vertex 94.9094 21.3669 1.2
      vertex 95.2624 21.2471 1.2
    endloop
  endfacet
  facet normal 0.321374 0.946952 0
    outer loop
      vertex 94.9094 21.3669 1.2
      vertex 95.2624 21.2471 0
      vertex 94.9094 21.3669 0
    endloop
  endfacet
  facet normal 0.751862 -0.659321 0
    outer loop
      vertex 93.7389 25.735 1.2
      vertex 93.9847 26.0153 0
      vertex 93.9847 26.0153 1.2
    endloop
  endfacet
  facet normal 0.751862 -0.659321 0
    outer loop
      vertex 93.9847 26.0153 0
      vertex 93.7389 25.735 1.2
      vertex 93.7389 25.735 0
    endloop
  endfacet
  facet normal 0.831513 0.555505 0
    outer loop
      vertex 93.7389 22.265 1.2
      vertex 93.5318 22.575 0
      vertex 93.5318 22.575 1.2
    endloop
  endfacet
  facet normal 0.831513 0.555505 0
    outer loop
      vertex 93.5318 22.575 0
      vertex 93.7389 22.265 1.2
      vertex 93.7389 22.265 0
    endloop
  endfacet
  facet normal 0.0654508 -0.997856 0
    outer loop
      vertex 95.628 26.8256 0
      vertex 96 26.85 1.2
      vertex 95.628 26.8256 1.2
    endloop
  endfacet
  facet normal 0.0654508 -0.997856 0
    outer loop
      vertex 96 26.85 1.2
      vertex 95.628 26.8256 0
      vertex 96 26.85 0
    endloop
  endfacet
  facet normal 0.442272 0.896881 -0
    outer loop
      vertex 94.9094 21.3669 0
      vertex 94.575 21.5318 1.2
      vertex 94.9094 21.3669 1.2
    endloop
  endfacet
  facet normal 0.442272 0.896881 0
    outer loop
      vertex 94.575 21.5318 1.2
      vertex 94.9094 21.3669 0
      vertex 94.575 21.5318 0
    endloop
  endfacet
  facet normal -0.896881 0.442272 0
    outer loop
      vertex 98.4682 22.575 0
      vertex 98.6331 22.9094 1.2
      vertex 98.6331 22.9094 0
    endloop
  endfacet
  facet normal -0.896881 0.442272 0
    outer loop
      vertex 98.6331 22.9094 1.2
      vertex 98.4682 22.575 0
      vertex 98.4682 22.575 1.2
    endloop
  endfacet
  facet normal 0.896881 -0.442272 0
    outer loop
      vertex 93.3669 25.0906 1.2
      vertex 93.5318 25.425 0
      vertex 93.5318 25.425 1.2
    endloop
  endfacet
  facet normal 0.896881 -0.442272 0
    outer loop
      vertex 93.5318 25.425 0
      vertex 93.3669 25.0906 1.2
      vertex 93.3669 25.0906 0
    endloop
  endfacet
  facet normal 0.831513 -0.555505 0
    outer loop
      vertex 93.5318 25.425 1.2
      vertex 93.7389 25.735 0
      vertex 93.7389 25.735 1.2
    endloop
  endfacet
  facet normal 0.831513 -0.555505 0
    outer loop
      vertex 93.7389 25.735 0
      vertex 93.5318 25.425 1.2
      vertex 93.5318 25.425 0
    endloop
  endfacet
  facet normal -0 0 1
    outer loop
      vertex 101.1 26 3
      vertex 102.3 22 3
      vertex 102.3 26 3
    endloop
  endfacet
  facet normal 0 0 1
    outer loop
      vertex 102.3 22 3
      vertex 101.1 26 3
      vertex 101.1 22 3
    endloop
  endfacet
  facet normal 0 -1 0
    outer loop
      vertex 101.1 26 3
      vertex 102.3 26 5.5
      vertex 101.1 26 5.5
    endloop
  endfacet
  facet normal 0 -1 -0
    outer loop
      vertex 102.3 26 5.5
      vertex 101.1 26 3
      vertex 102.3 26 3
    endloop
  endfacet
  facet normal 0 1 -0
    outer loop
      vertex 102.3 22 3
      vertex 101.1 22 5.5
      vertex 102.3 22 5.5
    endloop
  endfacet
  facet normal 0 1 0
    outer loop
      vertex 101.1 22 5.5
      vertex 102.3 22 3
      vertex 101.1 22 3
    endloop
  endfacet
  facet normal 1 0 0
    outer loop
      vertex 118.3 22 5.5
      vertex 118.3 17.7 5.5
      vertex 118.3 22 3
    endloop
  endfacet
  facet normal 1 0 0
    outer loop
      vertex 118.3 26 3
      vertex 118.3 30.3 5.5
      vertex 118.3 26 5.5
    endloop
  endfacet
  facet normal 1 0 0
    outer loop
      vertex 118.3 30.3 5.5
      vertex 118.3 26 3
      vertex 118.3 30.3 0
    endloop
  endfacet
  facet normal 1 -0 0
    outer loop
      vertex 118.3 22 3
      vertex 118.3 30.3 0
      vertex 118.3 26 3
    endloop
  endfacet
  facet normal 1 0 0
    outer loop
      vertex 118.3 22 3
      vertex 118.3 17.7 0
      vertex 118.3 30.3 0
    endloop
  endfacet
  facet normal 1 0 0
    outer loop
      vertex 118.3 17.7 0
      vertex 118.3 22 3
      vertex 118.3 17.7 5.5
    endloop
  endfacet
  facet normal 0 0 1
    outer loop
      vertex 118.3 30.3 5.5
      vertex 117.1 29.1 5.5
      vertex 118.3 26 5.5
    endloop
  endfacet
  facet normal 0 0 1
    outer loop
      vertex 118.3 30.3 5.5
      vertex 106.9 29.1 5.5
      vertex 117.1 29.1 5.5
    endloop
  endfacet
  facet normal 0 0 1
    outer loop
      vertex 106.9 29.1 5.5
      vertex 105.7 30.3 5.5
      vertex 106.9 18.9 5.5
    endloop
  endfacet
  facet normal -0 0 1
    outer loop
      vertex 105.7 30.3 5.5
      vertex 106.9 29.1 5.5
      vertex 118.3 30.3 5.5
    endloop
  endfacet
  facet normal 0 0 1
    outer loop
      vertex 118.3 26 5.5
      vertex 117.1 29.1 5.5
      vertex 117.1 26 5.5
    endloop
  endfacet
  facet normal 0 0 1
    outer loop
      vertex 117.1 18.9 5.5
      vertex 118.3 22 5.5
      vertex 117.1 22 5.5
    endloop
  endfacet
  facet normal 0 0 1
    outer loop
      vertex 118.3 22 5.5
      vertex 117.1 18.9 5.5
      vertex 118.3 17.7 5.5
    endloop
  endfacet
  facet normal -0 0 1
    outer loop
      vertex 106.9 18.9 5.5
      vertex 118.3 17.7 5.5
      vertex 117.1 18.9 5.5
    endloop
  endfacet
  facet normal 0 0 1
    outer loop
      vertex 106.9 18.9 5.5
      vertex 105.7 17.7 5.5
      vertex 118.3 17.7 5.5
    endloop
  endfacet
  facet normal 0 0 1
    outer loop
      vertex 105.7 17.7 5.5
      vertex 106.9 18.9 5.5
      vertex 105.7 30.3 5.5
    endloop
  endfacet
  facet normal 0 0 -1
    outer loop
      vertex 118.3 17.7 0
      vertex 114.85 24 0
      vertex 118.3 30.3 0
    endloop
  endfacet
  facet normal 0 0 -1
    outer loop
      vertex 118.3 17.7 0
      vertex 114.826 23.628 0
      vertex 114.85 24 0
    endloop
  endfacet
  facet normal 0 0 -1
    outer loop
      vertex 118.3 17.7 0
      vertex 114.753 23.2624 0
      vertex 114.826 23.628 0
    endloop
  endfacet
  facet normal 0 0 -1
    outer loop
      vertex 118.3 17.7 0
      vertex 114.633 22.9094 0
      vertex 114.753 23.2624 0
    endloop
  endfacet
  facet normal 0 0 -1
    outer loop
      vertex 118.3 17.7 0
      vertex 114.468 22.575 0
      vertex 114.633 22.9094 0
    endloop
  endfacet
  facet normal 0 0 -1
    outer loop
      vertex 118.3 17.7 0
      vertex 114.261 22.265 0
      vertex 114.468 22.575 0
    endloop
  endfacet
  facet normal 0 0 -1
    outer loop
      vertex 118.3 17.7 0
      vertex 114.015 21.9847 0
      vertex 114.261 22.265 0
    endloop
  endfacet
  facet normal 0 0 -1
    outer loop
      vertex 118.3 17.7 0
      vertex 113.735 21.7389 0
      vertex 114.015 21.9847 0
    endloop
  endfacet
  facet normal 0 0 -1
    outer loop
      vertex 118.3 17.7 0
      vertex 113.425 21.5318 0
      vertex 113.735 21.7389 0
    endloop
  endfacet
  facet normal 0 0 -1
    outer loop
      vertex 118.3 17.7 0
      vertex 113.091 21.3669 0
      vertex 113.425 21.5318 0
    endloop
  endfacet
  facet normal 0 0 -1
    outer loop
      vertex 118.3 17.7 0
      vertex 112.738 21.2471 0
      vertex 113.091 21.3669 0
    endloop
  endfacet
  facet normal 0 0 -1
    outer loop
      vertex 118.3 17.7 0
      vertex 112.372 21.1744 0
      vertex 112.738 21.2471 0
    endloop
  endfacet
  facet normal 0 0 -1
    outer loop
      vertex 118.3 17.7 0
      vertex 112 21.15 0
      vertex 112.372 21.1744 0
    endloop
  endfacet
  facet normal 0 0 -1
    outer loop
      vertex 105.7 17.7 0
      vertex 112 21.15 0
      vertex 118.3 17.7 0
    endloop
  endfacet
  facet normal -0 0 -1
    outer loop
      vertex 112 21.15 0
      vertex 105.7 17.7 0
      vertex 111.628 21.1744 0
    endloop
  endfacet
  facet normal -0 0 -1
    outer loop
      vertex 111.628 21.1744 0
      vertex 105.7 17.7 0
      vertex 111.262 21.2471 0
    endloop
  endfacet
  facet normal -0 0 -1
    outer loop
      vertex 111.262 21.2471 0
      vertex 105.7 17.7 0
      vertex 110.909 21.3669 0
    endloop
  endfacet
  facet normal -0 0 -1
    outer loop
      vertex 109.174 23.628 0
      vertex 105.7 17.7 0
      vertex 109.15 24 0
    endloop
  endfacet
  facet normal -0 0 -1
    outer loop
      vertex 109.247 23.2624 0
      vertex 105.7 17.7 0
      vertex 109.174 23.628 0
    endloop
  endfacet
  facet normal -0 0 -1
    outer loop
      vertex 109.367 22.9094 0
      vertex 105.7 17.7 0
      vertex 109.247 23.2624 0
    endloop
  endfacet
  facet normal -0 0 -1
    outer loop
      vertex 109.532 22.575 0
      vertex 105.7 17.7 0
      vertex 109.367 22.9094 0
    endloop
  endfacet
  facet normal -0 0 -1
    outer loop
      vertex 109.739 22.265 0
      vertex 105.7 17.7 0
      vertex 109.532 22.575 0
    endloop
  endfacet
  facet normal -0 0 -1
    outer loop
      vertex 109.985 21.9847 0
      vertex 105.7 17.7 0
      vertex 109.739 22.265 0
    endloop
  endfacet
  facet normal -0 0 -1
    outer loop
      vertex 110.265 21.7389 0
      vertex 105.7 17.7 0
      vertex 109.985 21.9847 0
    endloop
  endfacet
  facet normal -0 0 -1
    outer loop
      vertex 110.575 21.5318 0
      vertex 105.7 17.7 0
      vertex 110.265 21.7389 0
    endloop
  endfacet
  facet normal -0 0 -1
    outer loop
      vertex 110.909 21.3669 0
      vertex 105.7 17.7 0
      vertex 110.575 21.5318 0
    endloop
  endfacet
  facet normal 0 0 -1
    outer loop
      vertex 114.826 24.372 0
      vertex 118.3 30.3 0
      vertex 114.85 24 0
    endloop
  endfacet
  facet normal 0 0 -1
    outer loop
      vertex 114.753 24.7376 0
      vertex 118.3 30.3 0
      vertex 114.826 24.372 0
    endloop
  endfacet
  facet normal 0 0 -1
    outer loop
      vertex 114.633 25.0906 0
      vertex 118.3 30.3 0
      vertex 114.753 24.7376 0
    endloop
  endfacet
  facet normal 0 0 -1
    outer loop
      vertex 114.468 25.425 0
      vertex 118.3 30.3 0
      vertex 114.633 25.0906 0
    endloop
  endfacet
  facet normal 0 0 -1
    outer loop
      vertex 114.261 25.735 0
      vertex 118.3 30.3 0
      vertex 114.468 25.425 0
    endloop
  endfacet
  facet normal 0 0 -1
    outer loop
      vertex 114.015 26.0153 0
      vertex 118.3 30.3 0
      vertex 114.261 25.735 0
    endloop
  endfacet
  facet normal 0 0 -1
    outer loop
      vertex 113.735 26.2611 0
      vertex 118.3 30.3 0
      vertex 114.015 26.0153 0
    endloop
  endfacet
  facet normal 0 0 -1
    outer loop
      vertex 113.425 26.4682 0
      vertex 118.3 30.3 0
      vertex 113.735 26.2611 0
    endloop
  endfacet
  facet normal 0 0 -1
    outer loop
      vertex 113.091 26.6331 0
      vertex 118.3 30.3 0
      vertex 113.425 26.4682 0
    endloop
  endfacet
  facet normal 0 0 -1
    outer loop
      vertex 112.738 26.7529 0
      vertex 118.3 30.3 0
      vertex 113.091 26.6331 0
    endloop
  endfacet
  facet normal 0 0 -1
    outer loop
      vertex 112.372 26.8256 0
      vertex 118.3 30.3 0
      vertex 112.738 26.7529 0
    endloop
  endfacet
  facet normal 0 0 -1
    outer loop
      vertex 112 26.85 0
      vertex 118.3 30.3 0
      vertex 112.372 26.8256 0
    endloop
  endfacet
  facet normal 0 0 -1
    outer loop
      vertex 105.7 30.3 0
      vertex 112 26.85 0
      vertex 111.628 26.8256 0
    endloop
  endfacet
  facet normal 0 0 -1
    outer loop
      vertex 105.7 30.3 0
      vertex 111.628 26.8256 0
      vertex 111.262 26.7529 0
    endloop
  endfacet
  facet normal 0 0 -1
    outer loop
      vertex 105.7 30.3 0
      vertex 111.262 26.7529 0
      vertex 110.909 26.6331 0
    endloop
  endfacet
  facet normal 0 0 -1
    outer loop
      vertex 105.7 30.3 0
      vertex 110.909 26.6331 0
      vertex 110.575 26.4682 0
    endloop
  endfacet
  facet normal 0 0 -1
    outer loop
      vertex 105.7 30.3 0
      vertex 109.15 24 0
      vertex 105.7 17.7 0
    endloop
  endfacet
  facet normal 0 0 -1
    outer loop
      vertex 109.15 24 0
      vertex 105.7 30.3 0
      vertex 109.174 24.372 0
    endloop
  endfacet
  facet normal 0 0 -1
    outer loop
      vertex 109.174 24.372 0
      vertex 105.7 30.3 0
      vertex 109.247 24.7376 0
    endloop
  endfacet
  facet normal 0 0 -1
    outer loop
      vertex 109.247 24.7376 0
      vertex 105.7 30.3 0
      vertex 109.367 25.0906 0
    endloop
  endfacet
  facet normal 0 0 -1
    outer loop
      vertex 112 26.85 0
      vertex 105.7 30.3 0
      vertex 118.3 30.3 0
    endloop
  endfacet
  facet normal 0 0 -1
    outer loop
      vertex 110.265 26.2611 0
      vertex 105.7 30.3 0
      vertex 110.575 26.4682 0
    endloop
  endfacet
  facet normal 0 0 -1
    outer loop
      vertex 109.985 26.0153 0
      vertex 105.7 30.3 0
      vertex 110.265 26.2611 0
    endloop
  endfacet
  facet normal 0 0 -1
    outer loop
      vertex 109.739 25.735 0
      vertex 105.7 30.3 0
      vertex 109.985 26.0153 0
    endloop
  endfacet
  facet normal 0 0 -1
    outer loop
      vertex 109.532 25.425 0
      vertex 105.7 30.3 0
      vertex 109.739 25.735 0
    endloop
  endfacet
  facet normal 0 0 -1
    outer loop
      vertex 109.367 25.0906 0
      vertex 105.7 30.3 0
      vertex 109.532 25.425 0
    endloop
  endfacet
  facet normal -1 0 0
    outer loop
      vertex 105.7 17.7 0
      vertex 105.7 30.3 5.5
      vertex 105.7 30.3 0
    endloop
  endfacet
  facet normal -1 -0 0
    outer loop
      vertex 105.7 30.3 5.5
      vertex 105.7 17.7 0
      vertex 105.7 17.7 5.5
    endloop
  endfacet
  facet normal 0 1 -0
    outer loop
      vertex 118.3 30.3 0
      vertex 105.7 30.3 5.5
      vertex 118.3 30.3 5.5
    endloop
  endfacet
  facet normal 0 1 0
    outer loop
      vertex 105.7 30.3 5.5
      vertex 118.3 30.3 0
      vertex 105.7 30.3 0
    endloop
  endfacet
  facet normal 0 -1 0
    outer loop
      vertex 105.7 17.7 0
      vertex 118.3 17.7 5.5
      vertex 105.7 17.7 5.5
    endloop
  endfacet
  facet normal 0 -1 -0
    outer loop
      vertex 118.3 17.7 5.5
      vertex 105.7 17.7 0
      vertex 118.3 17.7 0
    endloop
  endfacet
  facet normal -1 0 0
    outer loop
      vertex 117.1 29.1 1.2
      vertex 117.1 26 3
      vertex 117.1 29.1 5.5
    endloop
  endfacet
  facet normal -1 0 0
    outer loop
      vertex 117.1 29.1 1.2
      vertex 117.1 22 3
      vertex 117.1 26 3
    endloop
  endfacet
  facet normal -1 0 0
    outer loop
      vertex 117.1 18.9 1.2
      vertex 117.1 22 3
      vertex 117.1 29.1 1.2
    endloop
  endfacet
  facet normal -1 0 0
    outer loop
      vertex 117.1 18.9 5.5
      vertex 117.1 22 3
      vertex 117.1 18.9 1.2
    endloop
  endfacet
  facet normal -1 0 0
    outer loop
      vertex 117.1 22 3
      vertex 117.1 18.9 5.5
      vertex 117.1 22 5.5
    endloop
  endfacet
  facet normal -1 -0 0
    outer loop
      vertex 117.1 29.1 5.5
      vertex 117.1 26 3
      vertex 117.1 26 5.5
    endloop
  endfacet
  facet normal 0 0 1
    outer loop
      vertex 117.1 29.1 1.2
      vertex 114.85 24 1.2
      vertex 117.1 18.9 1.2
    endloop
  endfacet
  facet normal 0 0 1
    outer loop
      vertex 117.1 29.1 1.2
      vertex 114.826 24.372 1.2
      vertex 114.85 24 1.2
    endloop
  endfacet
  facet normal 0 0 1
    outer loop
      vertex 117.1 29.1 1.2
      vertex 114.753 24.7376 1.2
      vertex 114.826 24.372 1.2
    endloop
  endfacet
  facet normal 0 0 1
    outer loop
      vertex 117.1 29.1 1.2
      vertex 114.633 25.0906 1.2
      vertex 114.753 24.7376 1.2
    endloop
  endfacet
  facet normal 0 0 1
    outer loop
      vertex 117.1 29.1 1.2
      vertex 114.468 25.425 1.2
      vertex 114.633 25.0906 1.2
    endloop
  endfacet
  facet normal 0 0 1
    outer loop
      vertex 117.1 29.1 1.2
      vertex 114.261 25.735 1.2
      vertex 114.468 25.425 1.2
    endloop
  endfacet
  facet normal 0 0 1
    outer loop
      vertex 117.1 29.1 1.2
      vertex 114.015 26.0153 1.2
      vertex 114.261 25.735 1.2
    endloop
  endfacet
  facet normal 0 0 1
    outer loop
      vertex 117.1 29.1 1.2
      vertex 113.735 26.2611 1.2
      vertex 114.015 26.0153 1.2
    endloop
  endfacet
  facet normal 0 0 1
    outer loop
      vertex 117.1 29.1 1.2
      vertex 113.425 26.4682 1.2
      vertex 113.735 26.2611 1.2
    endloop
  endfacet
  facet normal 0 0 1
    outer loop
      vertex 117.1 29.1 1.2
      vertex 113.091 26.6331 1.2
      vertex 113.425 26.4682 1.2
    endloop
  endfacet
  facet normal 0 0 1
    outer loop
      vertex 117.1 29.1 1.2
      vertex 112.738 26.7529 1.2
      vertex 113.091 26.6331 1.2
    endloop
  endfacet
  facet normal 0 0 1
    outer loop
      vertex 117.1 29.1 1.2
      vertex 112.372 26.8256 1.2
      vertex 112.738 26.7529 1.2
    endloop
  endfacet
  facet normal 0 0 1
    outer loop
      vertex 117.1 29.1 1.2
      vertex 112 26.85 1.2
      vertex 112.372 26.8256 1.2
    endloop
  endfacet
  facet normal -0 0 1
    outer loop
      vertex 106.9 29.1 1.2
      vertex 112 26.85 1.2
      vertex 117.1 29.1 1.2
    endloop
  endfacet
  facet normal 0 0 1
    outer loop
      vertex 112 26.85 1.2
      vertex 106.9 29.1 1.2
      vertex 111.628 26.8256 1.2
    endloop
  endfacet
  facet normal 0 0 1
    outer loop
      vertex 111.628 26.8256 1.2
      vertex 106.9 29.1 1.2
      vertex 111.262 26.7529 1.2
    endloop
  endfacet
  facet normal 0 0 1
    outer loop
      vertex 109.174 24.372 1.2
      vertex 106.9 29.1 1.2
      vertex 109.15 24 1.2
    endloop
  endfacet
  facet normal 0 0 1
    outer loop
      vertex 109.247 24.7376 1.2
      vertex 106.9 29.1 1.2
      vertex 109.174 24.372 1.2
    endloop
  endfacet
  facet normal 0 0 1
    outer loop
      vertex 109.367 25.0906 1.2
      vertex 106.9 29.1 1.2
      vertex 109.247 24.7376 1.2
    endloop
  endfacet
  facet normal 0 0 1
    outer loop
      vertex 109.532 25.425 1.2
      vertex 106.9 29.1 1.2
      vertex 109.367 25.0906 1.2
    endloop
  endfacet
  facet normal 0 0 1
    outer loop
      vertex 109.739 25.735 1.2
      vertex 106.9 29.1 1.2
      vertex 109.532 25.425 1.2
    endloop
  endfacet
  facet normal 0 0 1
    outer loop
      vertex 109.985 26.0153 1.2
      vertex 106.9 29.1 1.2
      vertex 109.739 25.735 1.2
    endloop
  endfacet
  facet normal 0 0 1
    outer loop
      vertex 110.265 26.2611 1.2
      vertex 106.9 29.1 1.2
      vertex 109.985 26.0153 1.2
    endloop
  endfacet
  facet normal 0 0 1
    outer loop
      vertex 110.575 26.4682 1.2
      vertex 106.9 29.1 1.2
      vertex 110.265 26.2611 1.2
    endloop
  endfacet
  facet normal 0 0 1
    outer loop
      vertex 110.909 26.6331 1.2
      vertex 106.9 29.1 1.2
      vertex 110.575 26.4682 1.2
    endloop
  endfacet
  facet normal 0 0 1
    outer loop
      vertex 111.262 26.7529 1.2
      vertex 106.9 29.1 1.2
      vertex 110.909 26.6331 1.2
    endloop
  endfacet
  facet normal -0 0 1
    outer loop
      vertex 114.826 23.628 1.2
      vertex 117.1 18.9 1.2
      vertex 114.85 24 1.2
    endloop
  endfacet
  facet normal -0 0 1
    outer loop
      vertex 114.753 23.2624 1.2
      vertex 117.1 18.9 1.2
      vertex 114.826 23.628 1.2
    endloop
  endfacet
  facet normal -0 0 1
    outer loop
      vertex 114.633 22.9094 1.2
      vertex 117.1 18.9 1.2
      vertex 114.753 23.2624 1.2
    endloop
  endfacet
  facet normal -0 0 1
    outer loop
      vertex 114.468 22.575 1.2
      vertex 117.1 18.9 1.2
      vertex 114.633 22.9094 1.2
    endloop
  endfacet
  facet normal -0 0 1
    outer loop
      vertex 114.261 22.265 1.2
      vertex 117.1 18.9 1.2
      vertex 114.468 22.575 1.2
    endloop
  endfacet
  facet normal -0 0 1
    outer loop
      vertex 114.015 21.9847 1.2
      vertex 117.1 18.9 1.2
      vertex 114.261 22.265 1.2
    endloop
  endfacet
  facet normal -0 0 1
    outer loop
      vertex 113.735 21.7389 1.2
      vertex 117.1 18.9 1.2
      vertex 114.015 21.9847 1.2
    endloop
  endfacet
  facet normal -0 0 1
    outer loop
      vertex 113.425 21.5318 1.2
      vertex 117.1 18.9 1.2
      vertex 113.735 21.7389 1.2
    endloop
  endfacet
  facet normal -0 0 1
    outer loop
      vertex 113.091 21.3669 1.2
      vertex 117.1 18.9 1.2
      vertex 113.425 21.5318 1.2
    endloop
  endfacet
  facet normal -0 0 1
    outer loop
      vertex 112.738 21.2471 1.2
      vertex 117.1 18.9 1.2
      vertex 113.091 21.3669 1.2
    endloop
  endfacet
  facet normal -0 0 1
    outer loop
      vertex 112.372 21.1744 1.2
      vertex 117.1 18.9 1.2
      vertex 112.738 21.2471 1.2
    endloop
  endfacet
  facet normal -0 0 1
    outer loop
      vertex 112 21.15 1.2
      vertex 117.1 18.9 1.2
      vertex 112.372 21.1744 1.2
    endloop
  endfacet
  facet normal 0 0 1
    outer loop
      vertex 106.9 18.9 1.2
      vertex 112 21.15 1.2
      vertex 111.628 21.1744 1.2
    endloop
  endfacet
  facet normal 0 0 1
    outer loop
      vertex 106.9 18.9 1.2
      vertex 111.628 21.1744 1.2
      vertex 111.262 21.2471 1.2
    endloop
  endfacet
  facet normal 0 0 1
    outer loop
      vertex 106.9 18.9 1.2
      vertex 111.262 21.2471 1.2
      vertex 110.909 21.3669 1.2
    endloop
  endfacet
  facet normal 0 0 1
    outer loop
      vertex 106.9 18.9 1.2
      vertex 109.15 24 1.2
      vertex 106.9 29.1 1.2
    endloop
  endfacet
  facet normal 0 0 1
    outer loop
      vertex 109.15 24 1.2
      vertex 106.9 18.9 1.2
      vertex 109.174 23.628 1.2
    endloop
  endfacet
  facet normal 0 0 1
    outer loop
      vertex 109.174 23.628 1.2
      vertex 106.9 18.9 1.2
      vertex 109.247 23.2624 1.2
    endloop
  endfacet
  facet normal 0 0 1
    outer loop
      vertex 112 21.15 1.2
      vertex 106.9 18.9 1.2
      vertex 117.1 18.9 1.2
    endloop
  endfacet
  facet normal 0 0 1
    outer loop
      vertex 110.575 21.5318 1.2
      vertex 106.9 18.9 1.2
      vertex 110.909 21.3669 1.2
    endloop
  endfacet
  facet normal 0 0 1
    outer loop
      vertex 110.265 21.7389 1.2
      vertex 106.9 18.9 1.2
      vertex 110.575 21.5318 1.2
    endloop
  endfacet
  facet normal 0 0 1
    outer loop
      vertex 109.985 21.9847 1.2
      vertex 106.9 18.9 1.2
      vertex 110.265 21.7389 1.2
    endloop
  endfacet
  facet normal 0 0 1
    outer loop
      vertex 109.739 22.265 1.2
      vertex 106.9 18.9 1.2
      vertex 109.985 21.9847 1.2
    endloop
  endfacet
  facet normal 0 0 1
    outer loop
      vertex 109.532 22.575 1.2
      vertex 106.9 18.9 1.2
      vertex 109.739 22.265 1.2
    endloop
  endfacet
  facet normal 0 0 1
    outer loop
      vertex 109.367 22.9094 1.2
      vertex 106.9 18.9 1.2
      vertex 109.532 22.575 1.2
    endloop
  endfacet
  facet normal 0 0 1
    outer loop
      vertex 109.247 23.2624 1.2
      vertex 106.9 18.9 1.2
      vertex 109.367 22.9094 1.2
    endloop
  endfacet
  facet normal 1 -0 0
    outer loop
      vertex 106.9 18.9 5.5
      vertex 106.9 29.1 1.2
      vertex 106.9 29.1 5.5
    endloop
  endfacet
  facet normal 1 0 0
    outer loop
      vertex 106.9 29.1 1.2
      vertex 106.9 18.9 5.5
      vertex 106.9 18.9 1.2
    endloop
  endfacet
  facet normal 0 -1 0
    outer loop
      vertex 106.9 29.1 1.2
      vertex 117.1 29.1 5.5
      vertex 106.9 29.1 5.5
    endloop
  endfacet
  facet normal 0 -1 -0
    outer loop
      vertex 117.1 29.1 5.5
      vertex 106.9 29.1 1.2
      vertex 117.1 29.1 1.2
    endloop
  endfacet
  facet normal 0 1 -0
    outer loop
      vertex 117.1 18.9 1.2
      vertex 106.9 18.9 5.5
      vertex 117.1 18.9 5.5
    endloop
  endfacet
  facet normal 0 1 0
    outer loop
      vertex 106.9 18.9 5.5
      vertex 117.1 18.9 1.2
      vertex 106.9 18.9 1.2
    endloop
  endfacet
  facet normal 0.896775 0.442488 0
    outer loop
      vertex 109.532 22.575 1.2
      vertex 109.367 22.9094 0
      vertex 109.367 22.9094 1.2
    endloop
  endfacet
  facet normal 0.896775 0.442488 0
    outer loop
      vertex 109.367 22.9094 0
      vertex 109.532 22.575 1.2
      vertex 109.532 22.575 0
    endloop
  endfacet
  facet normal -0.442698 0.896671 0
    outer loop
      vertex 113.425 21.5318 0
      vertex 113.091 21.3669 1.2
      vertex 113.425 21.5318 1.2
    endloop
  endfacet
  facet normal -0.442698 0.896671 0
    outer loop
      vertex 113.091 21.3669 1.2
      vertex 113.425 21.5318 0
      vertex 113.091 21.3669 0
    endloop
  endfacet
  facet normal -0.980643 -0.195807 0
    outer loop
      vertex 114.826 24.372 0
      vertex 114.753 24.7376 1.2
      vertex 114.753 24.7376 0
    endloop
  endfacet
  facet normal -0.980643 -0.195807 0
    outer loop
      vertex 114.753 24.7376 1.2
      vertex 114.826 24.372 0
      vertex 114.826 24.372 1.2
    endloop
  endfacet
  facet normal -0.997925 -0.0643823 0
    outer loop
      vertex 114.85 24 0
      vertex 114.826 24.372 1.2
      vertex 114.826 24.372 0
    endloop
  endfacet
  facet normal -0.997925 -0.0643823 0
    outer loop
      vertex 114.826 24.372 1.2
      vertex 114.85 24 0
      vertex 114.85 24 1.2
    endloop
  endfacet
  facet normal -0.946789 -0.321855 0
    outer loop
      vertex 114.753 24.7376 0
      vertex 114.633 25.0906 1.2
      vertex 114.633 25.0906 0
    endloop
  endfacet
  facet normal -0.946789 -0.321855 0
    outer loop
      vertex 114.633 25.0906 1.2
      vertex 114.753 24.7376 0
      vertex 114.753 24.7376 1.2
    endloop
  endfacet
  facet normal -0.751596 0.659624 0
    outer loop
      vertex 114.015 21.9847 0
      vertex 114.261 22.265 1.2
      vertex 114.261 22.265 0
    endloop
  endfacet
  facet normal -0.751596 0.659624 0
    outer loop
      vertex 114.261 22.265 1.2
      vertex 114.015 21.9847 0
      vertex 114.015 21.9847 1.2
    endloop
  endfacet
  facet normal 0.555505 -0.831513 0
    outer loop
      vertex 110.265 26.2611 0
      vertex 110.575 26.4682 1.2
      vertex 110.265 26.2611 1.2
    endloop
  endfacet
  facet normal 0.555505 -0.831513 0
    outer loop
      vertex 110.575 26.4682 1.2
      vertex 110.265 26.2611 0
      vertex 110.575 26.4682 0
    endloop
  endfacet
  facet normal -0.321374 -0.946952 0
    outer loop
      vertex 112.738 26.7529 0
      vertex 113.091 26.6331 1.2
      vertex 112.738 26.7529 1.2
    endloop
  endfacet
  facet normal -0.321374 -0.946952 -0
    outer loop
      vertex 113.091 26.6331 1.2
      vertex 112.738 26.7529 0
      vertex 113.091 26.6331 0
    endloop
  endfacet
  facet normal -0.555505 -0.831513 0
    outer loop
      vertex 113.425 26.4682 0
      vertex 113.735 26.2611 1.2
      vertex 113.425 26.4682 1.2
    endloop
  endfacet
  facet normal -0.555505 -0.831513 -0
    outer loop
      vertex 113.735 26.2611 1.2
      vertex 113.425 26.4682 0
      vertex 113.735 26.2611 0
    endloop
  endfacet
  facet normal -0.321374 0.946952 0
    outer loop
      vertex 113.091 21.3669 0
      vertex 112.738 21.2471 1.2
      vertex 113.091 21.3669 1.2
    endloop
  endfacet
  facet normal -0.321374 0.946952 0
    outer loop
      vertex 112.738 21.2471 1.2
      vertex 113.091 21.3669 0
      vertex 112.738 21.2471 0
    endloop
  endfacet
  facet normal -0.896775 -0.442488 0
    outer loop
      vertex 114.633 25.0906 0
      vertex 114.468 25.425 1.2
      vertex 114.468 25.425 0
    endloop
  endfacet
  facet normal -0.896775 -0.442488 0
    outer loop
      vertex 114.468 25.425 1.2
      vertex 114.633 25.0906 0
      vertex 114.633 25.0906 1.2
    endloop
  endfacet
  facet normal 0.194828 -0.980838 0
    outer loop
      vertex 111.262 26.7529 0
      vertex 111.628 26.8256 1.2
      vertex 111.262 26.7529 1.2
    endloop
  endfacet
  facet normal 0.194828 -0.980838 0
    outer loop
      vertex 111.628 26.8256 1.2
      vertex 111.262 26.7529 0
      vertex 111.628 26.8256 0
    endloop
  endfacet
  facet normal -0.946789 0.321855 0
    outer loop
      vertex 114.633 22.9094 0
      vertex 114.753 23.2624 1.2
      vertex 114.753 23.2624 0
    endloop
  endfacet
  facet normal -0.946789 0.321855 0
    outer loop
      vertex 114.753 23.2624 1.2
      vertex 114.633 22.9094 0
      vertex 114.633 22.9094 1.2
    endloop
  endfacet
  facet normal 0.555505 0.831513 -0
    outer loop
      vertex 110.575 21.5318 0
      vertex 110.265 21.7389 1.2
      vertex 110.575 21.5318 1.2
    endloop
  endfacet
  facet normal 0.555505 0.831513 0
    outer loop
      vertex 110.265 21.7389 1.2
      vertex 110.575 21.5318 0
      vertex 110.265 21.7389 0
    endloop
  endfacet
  facet normal 0.65972 -0.751512 0
    outer loop
      vertex 109.985 26.0153 0
      vertex 110.265 26.2611 1.2
      vertex 109.985 26.0153 1.2
    endloop
  endfacet
  facet normal 0.65972 -0.751512 0
    outer loop
      vertex 110.265 26.2611 1.2
      vertex 109.985 26.0153 0
      vertex 110.265 26.2611 0
    endloop
  endfacet
  facet normal 0.980643 -0.195807 0
    outer loop
      vertex 109.174 24.372 1.2
      vertex 109.247 24.7376 0
      vertex 109.247 24.7376 1.2
    endloop
  endfacet
  facet normal 0.980643 -0.195807 0
    outer loop
      vertex 109.247 24.7376 0
      vertex 109.174 24.372 1.2
      vertex 109.174 24.372 0
    endloop
  endfacet
  facet normal 0.321374 -0.946952 0
    outer loop
      vertex 110.909 26.6331 0
      vertex 111.262 26.7529 1.2
      vertex 110.909 26.6331 1.2
    endloop
  endfacet
  facet normal 0.321374 -0.946952 0
    outer loop
      vertex 111.262 26.7529 1.2
      vertex 110.909 26.6331 0
      vertex 111.262 26.7529 0
    endloop
  endfacet
  facet normal -0.65972 0.751512 0
    outer loop
      vertex 114.015 21.9847 0
      vertex 113.735 21.7389 1.2
      vertex 114.015 21.9847 1.2
    endloop
  endfacet
  facet normal -0.65972 0.751512 0
    outer loop
      vertex 113.735 21.7389 1.2
      vertex 114.015 21.9847 0
      vertex 113.735 21.7389 0
    endloop
  endfacet
  facet normal 0.946789 0.321855 0
    outer loop
      vertex 109.367 22.9094 1.2
      vertex 109.247 23.2624 0
      vertex 109.247 23.2624 1.2
    endloop
  endfacet
  facet normal 0.946789 0.321855 0
    outer loop
      vertex 109.247 23.2624 0
      vertex 109.367 22.9094 1.2
      vertex 109.367 22.9094 0
    endloop
  endfacet
  facet normal -0.831637 -0.555319 0
    outer loop
      vertex 114.468 25.425 0
      vertex 114.261 25.735 1.2
      vertex 114.261 25.735 0
    endloop
  endfacet
  facet normal -0.831637 -0.555319 0
    outer loop
      vertex 114.261 25.735 1.2
      vertex 114.468 25.425 0
      vertex 114.468 25.425 1.2
    endloop
  endfacet
  facet normal -0.194828 0.980838 0
    outer loop
      vertex 112.738 21.2471 0
      vertex 112.372 21.1744 1.2
      vertex 112.738 21.2471 1.2
    endloop
  endfacet
  facet normal -0.194828 0.980838 0
    outer loop
      vertex 112.372 21.1744 1.2
      vertex 112.738 21.2471 0
      vertex 112.372 21.1744 0
    endloop
  endfacet
  facet normal 0.980643 0.195807 0
    outer loop
      vertex 109.247 23.2624 1.2
      vertex 109.174 23.628 0
      vertex 109.174 23.628 1.2
    endloop
  endfacet
  facet normal 0.980643 0.195807 0
    outer loop
      vertex 109.174 23.628 0
      vertex 109.247 23.2624 1.2
      vertex 109.247 23.2624 0
    endloop
  endfacet
  facet normal -0.65972 -0.751512 0
    outer loop
      vertex 113.735 26.2611 0
      vertex 114.015 26.0153 1.2
      vertex 113.735 26.2611 1.2
    endloop
  endfacet
  facet normal -0.65972 -0.751512 -0
    outer loop
      vertex 114.015 26.0153 1.2
      vertex 113.735 26.2611 0
      vertex 114.015 26.0153 0
    endloop
  endfacet
  facet normal -0.997925 0.0643823 0
    outer loop
      vertex 114.826 23.628 0
      vertex 114.85 24 1.2
      vertex 114.85 24 0
    endloop
  endfacet
  facet normal -0.997925 0.0643823 0
    outer loop
      vertex 114.85 24 1.2
      vertex 114.826 23.628 0
      vertex 114.826 23.628 1.2
    endloop
  endfacet
  facet normal -0.980643 0.195807 0
    outer loop
      vertex 114.753 23.2624 0
      vertex 114.826 23.628 1.2
      vertex 114.826 23.628 0
    endloop
  endfacet
  facet normal -0.980643 0.195807 0
    outer loop
      vertex 114.826 23.628 1.2
      vertex 114.753 23.2624 0
      vertex 114.753 23.2624 1.2
    endloop
  endfacet
  facet normal -0.555505 0.831513 0
    outer loop
      vertex 113.735 21.7389 0
      vertex 113.425 21.5318 1.2
      vertex 113.735 21.7389 1.2
    endloop
  endfacet
  facet normal -0.555505 0.831513 0
    outer loop
      vertex 113.425 21.5318 1.2
      vertex 113.735 21.7389 0
      vertex 113.425 21.5318 0
    endloop
  endfacet
  facet normal -0.194828 -0.980838 0
    outer loop
      vertex 112.372 26.8256 0
      vertex 112.738 26.7529 1.2
      vertex 112.372 26.8256 1.2
    endloop
  endfacet
  facet normal -0.194828 -0.980838 -0
    outer loop
      vertex 112.738 26.7529 1.2
      vertex 112.372 26.8256 0
      vertex 112.738 26.7529 0
    endloop
  endfacet
  facet normal -0.751596 -0.659624 0
    outer loop
      vertex 114.261 25.735 0
      vertex 114.015 26.0153 1.2
      vertex 114.015 26.0153 0
    endloop
  endfacet
  facet normal -0.751596 -0.659624 0
    outer loop
      vertex 114.015 26.0153 1.2
      vertex 114.261 25.735 0
      vertex 114.261 25.735 1.2
    endloop
  endfacet
  facet normal -0.0654508 -0.997856 0
    outer loop
      vertex 112 26.85 0
      vertex 112.372 26.8256 1.2
      vertex 112 26.85 1.2
    endloop
  endfacet
  facet normal -0.0654508 -0.997856 -0
    outer loop
      vertex 112.372 26.8256 1.2
      vertex 112 26.85 0
      vertex 112.372 26.8256 0
    endloop
  endfacet
  facet normal 0.946789 -0.321855 0
    outer loop
      vertex 109.247 24.7376 1.2
      vertex 109.367 25.0906 0
      vertex 109.367 25.0906 1.2
    endloop
  endfacet
  facet normal 0.946789 -0.321855 0
    outer loop
      vertex 109.367 25.0906 0
      vertex 109.247 24.7376 1.2
      vertex 109.247 24.7376 0
    endloop
  endfacet
  facet normal 0.0654508 0.997856 -0
    outer loop
      vertex 112 21.15 0
      vertex 111.628 21.1744 1.2
      vertex 112 21.15 1.2
    endloop
  endfacet
  facet normal 0.0654508 0.997856 0
    outer loop
      vertex 111.628 21.1744 1.2
      vertex 112 21.15 0
      vertex 111.628 21.1744 0
    endloop
  endfacet
  facet normal -0.442698 -0.896671 0
    outer loop
      vertex 113.091 26.6331 0
      vertex 113.425 26.4682 1.2
      vertex 113.091 26.6331 1.2
    endloop
  endfacet
  facet normal -0.442698 -0.896671 -0
    outer loop
      vertex 113.425 26.4682 1.2
      vertex 113.091 26.6331 0
      vertex 113.425 26.4682 0
    endloop
  endfacet
  facet normal 0.997925 0.0643823 0
    outer loop
      vertex 109.174 23.628 1.2
      vertex 109.15 24 0
      vertex 109.15 24 1.2
    endloop
  endfacet
  facet normal 0.997925 0.0643823 0
    outer loop
      vertex 109.15 24 0
      vertex 109.174 23.628 1.2
      vertex 109.174 23.628 0
    endloop
  endfacet
  facet normal 0.65972 0.751512 -0
    outer loop
      vertex 110.265 21.7389 0
      vertex 109.985 21.9847 1.2
      vertex 110.265 21.7389 1.2
    endloop
  endfacet
  facet normal 0.65972 0.751512 0
    outer loop
      vertex 109.985 21.9847 1.2
      vertex 110.265 21.7389 0
      vertex 109.985 21.9847 0
    endloop
  endfacet
  facet normal -0.831637 0.555319 0
    outer loop
      vertex 114.261 22.265 0
      vertex 114.468 22.575 1.2
      vertex 114.468 22.575 0
    endloop
  endfacet
  facet normal -0.831637 0.555319 0
    outer loop
      vertex 114.468 22.575 1.2
      vertex 114.261 22.265 0
      vertex 114.261 22.265 1.2
    endloop
  endfacet
  facet normal 0.751596 0.659624 0
    outer loop
      vertex 109.985 21.9847 1.2
      vertex 109.739 22.265 0
      vertex 109.739 22.265 1.2
    endloop
  endfacet
  facet normal 0.751596 0.659624 0
    outer loop
      vertex 109.739 22.265 0
      vertex 109.985 21.9847 1.2
      vertex 109.985 21.9847 0
    endloop
  endfacet
  facet normal 0.997925 -0.0643823 0
    outer loop
      vertex 109.15 24 1.2
      vertex 109.174 24.372 0
      vertex 109.174 24.372 1.2
    endloop
  endfacet
  facet normal 0.997925 -0.0643823 0
    outer loop
      vertex 109.174 24.372 0
      vertex 109.15 24 1.2
      vertex 109.15 24 0
    endloop
  endfacet
  facet normal 0.194828 0.980838 -0
    outer loop
      vertex 111.628 21.1744 0
      vertex 111.262 21.2471 1.2
      vertex 111.628 21.1744 1.2
    endloop
  endfacet
  facet normal 0.194828 0.980838 0
    outer loop
      vertex 111.262 21.2471 1.2
      vertex 111.628 21.1744 0
      vertex 111.262 21.2471 0
    endloop
  endfacet
  facet normal -0.0654508 0.997856 0
    outer loop
      vertex 112.372 21.1744 0
      vertex 112 21.15 1.2
      vertex 112.372 21.1744 1.2
    endloop
  endfacet
  facet normal -0.0654508 0.997856 0
    outer loop
      vertex 112 21.15 1.2
      vertex 112.372 21.1744 0
      vertex 112 21.15 0
    endloop
  endfacet
  facet normal 0.442698 -0.896671 0
    outer loop
      vertex 110.575 26.4682 0
      vertex 110.909 26.6331 1.2
      vertex 110.575 26.4682 1.2
    endloop
  endfacet
  facet normal 0.442698 -0.896671 0
    outer loop
      vertex 110.909 26.6331 1.2
      vertex 110.575 26.4682 0
      vertex 110.909 26.6331 0
    endloop
  endfacet
  facet normal 0.321374 0.946952 -0
    outer loop
      vertex 111.262 21.2471 0
      vertex 110.909 21.3669 1.2
      vertex 111.262 21.2471 1.2
    endloop
  endfacet
  facet normal 0.321374 0.946952 0
    outer loop
      vertex 110.909 21.3669 1.2
      vertex 111.262 21.2471 0
      vertex 110.909 21.3669 0
    endloop
  endfacet
  facet normal 0.751596 -0.659624 0
    outer loop
      vertex 109.739 25.735 1.2
      vertex 109.985 26.0153 0
      vertex 109.985 26.0153 1.2
    endloop
  endfacet
  facet normal 0.751596 -0.659624 0
    outer loop
      vertex 109.985 26.0153 0
      vertex 109.739 25.735 1.2
      vertex 109.739 25.735 0
    endloop
  endfacet
  facet normal 0.831637 0.555319 0
    outer loop
      vertex 109.739 22.265 1.2
      vertex 109.532 22.575 0
      vertex 109.532 22.575 1.2
    endloop
  endfacet
  facet normal 0.831637 0.555319 0
    outer loop
      vertex 109.532 22.575 0
      vertex 109.739 22.265 1.2
      vertex 109.739 22.265 0
    endloop
  endfacet
  facet normal 0.0654508 -0.997856 0
    outer loop
      vertex 111.628 26.8256 0
      vertex 112 26.85 1.2
      vertex 111.628 26.8256 1.2
    endloop
  endfacet
  facet normal 0.0654508 -0.997856 0
    outer loop
      vertex 112 26.85 1.2
      vertex 111.628 26.8256 0
      vertex 112 26.85 0
    endloop
  endfacet
  facet normal 0.442698 0.896671 -0
    outer loop
      vertex 110.909 21.3669 0
      vertex 110.575 21.5318 1.2
      vertex 110.909 21.3669 1.2
    endloop
  endfacet
  facet normal 0.442698 0.896671 0
    outer loop
      vertex 110.575 21.5318 1.2
      vertex 110.909 21.3669 0
      vertex 110.575 21.5318 0
    endloop
  endfacet
  facet normal -0.896775 0.442488 0
    outer loop
      vertex 114.468 22.575 0
      vertex 114.633 22.9094 1.2
      vertex 114.633 22.9094 0
    endloop
  endfacet
  facet normal -0.896775 0.442488 0
    outer loop
      vertex 114.633 22.9094 1.2
      vertex 114.468 22.575 0
      vertex 114.468 22.575 1.2
    endloop
  endfacet
  facet normal 0.896775 -0.442488 0
    outer loop
      vertex 109.367 25.0906 1.2
      vertex 109.532 25.425 0
      vertex 109.532 25.425 1.2
    endloop
  endfacet
  facet normal 0.896775 -0.442488 0
    outer loop
      vertex 109.532 25.425 0
      vertex 109.367 25.0906 1.2
      vertex 109.367 25.0906 0
    endloop
  endfacet
  facet normal 0.831637 -0.555319 0
    outer loop
      vertex 109.532 25.425 1.2
      vertex 109.739 25.735 0
      vertex 109.739 25.735 1.2
    endloop
  endfacet
  facet normal 0.831637 -0.555319 0
    outer loop
      vertex 109.739 25.735 0
      vertex 109.532 25.425 1.2
      vertex 109.532 25.425 0
    endloop
  endfacet
  facet normal -0 0 1
    outer loop
      vertex 117.1 26 3
      vertex 118.3 22 3
      vertex 118.3 26 3
    endloop
  endfacet
  facet normal 0 0 1
    outer loop
      vertex 118.3 22 3
      vertex 117.1 26 3
      vertex 117.1 22 3
    endloop
  endfacet
  facet normal 0 -1 0
    outer loop
      vertex 117.1 26 3
      vertex 118.3 26 5.5
      vertex 117.1 26 5.5
    endloop
  endfacet
  facet normal 0 -1 -0
    outer loop
      vertex 118.3 26 5.5
      vertex 117.1 26 3
      vertex 118.3 26 3
    endloop
  endfacet
  facet normal 0 1 -0
    outer loop
      vertex 118.3 22 3
      vertex 117.1 22 5.5
      vertex 118.3 22 5.5
    endloop
  endfacet
  facet normal 0 1 0
    outer loop
      vertex 117.1 22 5.5
      vertex 118.3 22 3
      vertex 117.1 22 3
    endloop
  endfacet
  facet normal 1 0 0
    outer loop
      vertex 6.3 38 5.5
      vertex 6.3 33.7 5.5
      vertex 6.3 38 3
    endloop
  endfacet
  facet normal 1 0 0
    outer loop
      vertex 6.3 42 3
      vertex 6.3 46.3 5.5
      vertex 6.3 42 5.5
    endloop
  endfacet
  facet normal 1 0 0
    outer loop
      vertex 6.3 46.3 5.5
      vertex 6.3 42 3
      vertex 6.3 46.3 0
    endloop
  endfacet
  facet normal 1 -0 0
    outer loop
      vertex 6.3 38 3
      vertex 6.3 46.3 0
      vertex 6.3 42 3
    endloop
  endfacet
  facet normal 1 0 0
    outer loop
      vertex 6.3 38 3
      vertex 6.3 33.7 0
      vertex 6.3 46.3 0
    endloop
  endfacet
  facet normal 1 0 0
    outer loop
      vertex 6.3 33.7 0
      vertex 6.3 38 3
      vertex 6.3 33.7 5.5
    endloop
  endfacet
  facet normal 0 0 1
    outer loop
      vertex 6.3 46.3 5.5
      vertex 5.1 45.1 5.5
      vertex 6.3 42 5.5
    endloop
  endfacet
  facet normal 0 0 1
    outer loop
      vertex 6.3 46.3 5.5
      vertex -5.1 45.1 5.5
      vertex 5.1 45.1 5.5
    endloop
  endfacet
  facet normal 0 0 1
    outer loop
      vertex -5.1 45.1 5.5
      vertex -6.3 46.3 5.5
      vertex -5.1 34.9 5.5
    endloop
  endfacet
  facet normal -0 0 1
    outer loop
      vertex -6.3 46.3 5.5
      vertex -5.1 45.1 5.5
      vertex 6.3 46.3 5.5
    endloop
  endfacet
  facet normal 0 0 1
    outer loop
      vertex 6.3 42 5.5
      vertex 5.1 45.1 5.5
      vertex 5.1 42 5.5
    endloop
  endfacet
  facet normal 0 0 1
    outer loop
      vertex 5.1 34.9 5.5
      vertex 6.3 38 5.5
      vertex 5.1 38 5.5
    endloop
  endfacet
  facet normal 0 0 1
    outer loop
      vertex 6.3 38 5.5
      vertex 5.1 34.9 5.5
      vertex 6.3 33.7 5.5
    endloop
  endfacet
  facet normal -0 0 1
    outer loop
      vertex -5.1 34.9 5.5
      vertex 6.3 33.7 5.5
      vertex 5.1 34.9 5.5
    endloop
  endfacet
  facet normal 0 0 1
    outer loop
      vertex -5.1 34.9 5.5
      vertex -6.3 33.7 5.5
      vertex 6.3 33.7 5.5
    endloop
  endfacet
  facet normal 0 0 1
    outer loop
      vertex -6.3 33.7 5.5
      vertex -5.1 34.9 5.5
      vertex -6.3 46.3 5.5
    endloop
  endfacet
  facet normal 0 0 -1
    outer loop
      vertex 6.3 33.7 0
      vertex 2.85 40 0
      vertex 6.3 46.3 0
    endloop
  endfacet
  facet normal 0 0 -1
    outer loop
      vertex 6.3 33.7 0
      vertex 2.82562 39.628 0
      vertex 2.85 40 0
    endloop
  endfacet
  facet normal 0 0 -1
    outer loop
      vertex 6.3 33.7 0
      vertex 2.75289 39.2624 0
      vertex 2.82562 39.628 0
    endloop
  endfacet
  facet normal 0 0 -1
    outer loop
      vertex 6.3 33.7 0
      vertex 2.63306 38.9094 0
      vertex 2.75289 39.2624 0
    endloop
  endfacet
  facet normal 0 0 -1
    outer loop
      vertex 6.3 33.7 0
      vertex 2.46817 38.575 0
      vertex 2.63306 38.9094 0
    endloop
  endfacet
  facet normal 0 0 -1
    outer loop
      vertex 6.3 33.7 0
      vertex 2.26106 38.265 0
      vertex 2.46817 38.575 0
    endloop
  endfacet
  facet normal 0 0 -1
    outer loop
      vertex 6.3 33.7 0
      vertex 2.01525 37.9847 0
      vertex 2.26106 38.265 0
    endloop
  endfacet
  facet normal 0 0 -1
    outer loop
      vertex 6.3 33.7 0
      vertex 1.73497 37.7389 0
      vertex 2.01525 37.9847 0
    endloop
  endfacet
  facet normal 0 0 -1
    outer loop
      vertex 6.3 33.7 0
      vertex 1.425 37.5318 0
      vertex 1.73497 37.7389 0
    endloop
  endfacet
  facet normal 0 0 -1
    outer loop
      vertex 6.3 33.7 0
      vertex 1.09065 37.3669 0
      vertex 1.425 37.5318 0
    endloop
  endfacet
  facet normal 0 0 -1
    outer loop
      vertex 6.3 33.7 0
      vertex 0.737634 37.2471 0
      vertex 1.09065 37.3669 0
    endloop
  endfacet
  facet normal 0 0 -1
    outer loop
      vertex 6.3 33.7 0
      vertex 0.371999 37.1744 0
      vertex 0.737634 37.2471 0
    endloop
  endfacet
  facet normal 0 0 -1
    outer loop
      vertex 6.3 33.7 0
      vertex 0 37.15 0
      vertex 0.371999 37.1744 0
    endloop
  endfacet
  facet normal 0 0 -1
    outer loop
      vertex -6.3 33.7 0
      vertex 0 37.15 0
      vertex 6.3 33.7 0
    endloop
  endfacet
  facet normal -0 0 -1
    outer loop
      vertex 0 37.15 0
      vertex -6.3 33.7 0
      vertex -0.371999 37.1744 0
    endloop
  endfacet
  facet normal -0 0 -1
    outer loop
      vertex -0.371999 37.1744 0
      vertex -6.3 33.7 0
      vertex -0.737634 37.2471 0
    endloop
  endfacet
  facet normal -0 0 -1
    outer loop
      vertex -0.737634 37.2471 0
      vertex -6.3 33.7 0
      vertex -1.09065 37.3669 0
    endloop
  endfacet
  facet normal -0 0 -1
    outer loop
      vertex -2.82562 39.628 0
      vertex -6.3 33.7 0
      vertex -2.85 40 0
    endloop
  endfacet
  facet normal -0 0 -1
    outer loop
      vertex -2.75289 39.2624 0
      vertex -6.3 33.7 0
      vertex -2.82562 39.628 0
    endloop
  endfacet
  facet normal -0 0 -1
    outer loop
      vertex -2.63306 38.9094 0
      vertex -6.3 33.7 0
      vertex -2.75289 39.2624 0
    endloop
  endfacet
  facet normal -0 0 -1
    outer loop
      vertex -2.46817 38.575 0
      vertex -6.3 33.7 0
      vertex -2.63306 38.9094 0
    endloop
  endfacet
  facet normal -0 0 -1
    outer loop
      vertex -2.26106 38.265 0
      vertex -6.3 33.7 0
      vertex -2.46817 38.575 0
    endloop
  endfacet
  facet normal -0 0 -1
    outer loop
      vertex -2.01525 37.9847 0
      vertex -6.3 33.7 0
      vertex -2.26106 38.265 0
    endloop
  endfacet
  facet normal -0 0 -1
    outer loop
      vertex -1.73497 37.7389 0
      vertex -6.3 33.7 0
      vertex -2.01525 37.9847 0
    endloop
  endfacet
  facet normal -0 0 -1
    outer loop
      vertex -1.425 37.5318 0
      vertex -6.3 33.7 0
      vertex -1.73497 37.7389 0
    endloop
  endfacet
  facet normal -0 0 -1
    outer loop
      vertex -1.09065 37.3669 0
      vertex -6.3 33.7 0
      vertex -1.425 37.5318 0
    endloop
  endfacet
  facet normal 0 0 -1
    outer loop
      vertex 2.82562 40.372 0
      vertex 6.3 46.3 0
      vertex 2.85 40 0
    endloop
  endfacet
  facet normal 0 0 -1
    outer loop
      vertex 2.75289 40.7376 0
      vertex 6.3 46.3 0
      vertex 2.82562 40.372 0
    endloop
  endfacet
  facet normal 0 0 -1
    outer loop
      vertex 2.63306 41.0906 0
      vertex 6.3 46.3 0
      vertex 2.75289 40.7376 0
    endloop
  endfacet
  facet normal 0 0 -1
    outer loop
      vertex 2.46817 41.425 0
      vertex 6.3 46.3 0
      vertex 2.63306 41.0906 0
    endloop
  endfacet
  facet normal 0 0 -1
    outer loop
      vertex 2.26106 41.735 0
      vertex 6.3 46.3 0
      vertex 2.46817 41.425 0
    endloop
  endfacet
  facet normal 0 0 -1
    outer loop
      vertex 2.01525 42.0153 0
      vertex 6.3 46.3 0
      vertex 2.26106 41.735 0
    endloop
  endfacet
  facet normal 0 0 -1
    outer loop
      vertex 1.73497 42.2611 0
      vertex 6.3 46.3 0
      vertex 2.01525 42.0153 0
    endloop
  endfacet
  facet normal 0 0 -1
    outer loop
      vertex 1.425 42.4682 0
      vertex 6.3 46.3 0
      vertex 1.73497 42.2611 0
    endloop
  endfacet
  facet normal 0 0 -1
    outer loop
      vertex 1.09065 42.6331 0
      vertex 6.3 46.3 0
      vertex 1.425 42.4682 0
    endloop
  endfacet
  facet normal 0 0 -1
    outer loop
      vertex 0.737634 42.7529 0
      vertex 6.3 46.3 0
      vertex 1.09065 42.6331 0
    endloop
  endfacet
  facet normal 0 0 -1
    outer loop
      vertex 0.371999 42.8256 0
      vertex 6.3 46.3 0
      vertex 0.737634 42.7529 0
    endloop
  endfacet
  facet normal 0 0 -1
    outer loop
      vertex 0 42.85 0
      vertex 6.3 46.3 0
      vertex 0.371999 42.8256 0
    endloop
  endfacet
  facet normal 0 0 -1
    outer loop
      vertex -6.3 46.3 0
      vertex 0 42.85 0
      vertex -0.371999 42.8256 0
    endloop
  endfacet
  facet normal 0 0 -1
    outer loop
      vertex -6.3 46.3 0
      vertex -0.371999 42.8256 0
      vertex -0.737634 42.7529 0
    endloop
  endfacet
  facet normal 0 0 -1
    outer loop
      vertex -6.3 46.3 0
      vertex -0.737634 42.7529 0
      vertex -1.09065 42.6331 0
    endloop
  endfacet
  facet normal 0 0 -1
    outer loop
      vertex -6.3 46.3 0
      vertex -1.09065 42.6331 0
      vertex -1.425 42.4682 0
    endloop
  endfacet
  facet normal 0 0 -1
    outer loop
      vertex -6.3 46.3 0
      vertex -2.85 40 0
      vertex -6.3 33.7 0
    endloop
  endfacet
  facet normal 0 0 -1
    outer loop
      vertex -2.85 40 0
      vertex -6.3 46.3 0
      vertex -2.82562 40.372 0
    endloop
  endfacet
  facet normal 0 0 -1
    outer loop
      vertex -2.82562 40.372 0
      vertex -6.3 46.3 0
      vertex -2.75289 40.7376 0
    endloop
  endfacet
  facet normal 0 0 -1
    outer loop
      vertex -2.75289 40.7376 0
      vertex -6.3 46.3 0
      vertex -2.63306 41.0906 0
    endloop
  endfacet
  facet normal 0 0 -1
    outer loop
      vertex 0 42.85 0
      vertex -6.3 46.3 0
      vertex 6.3 46.3 0
    endloop
  endfacet
  facet normal 0 0 -1
    outer loop
      vertex -1.73497 42.2611 0
      vertex -6.3 46.3 0
      vertex -1.425 42.4682 0
    endloop
  endfacet
  facet normal 0 0 -1
    outer loop
      vertex -2.01525 42.0153 0
      vertex -6.3 46.3 0
      vertex -1.73497 42.2611 0
    endloop
  endfacet
  facet normal 0 0 -1
    outer loop
      vertex -2.26106 41.735 0
      vertex -6.3 46.3 0
      vertex -2.01525 42.0153 0
    endloop
  endfacet
  facet normal 0 0 -1
    outer loop
      vertex -2.46817 41.425 0
      vertex -6.3 46.3 0
      vertex -2.26106 41.735 0
    endloop
  endfacet
  facet normal 0 0 -1
    outer loop
      vertex -2.63306 41.0906 0
      vertex -6.3 46.3 0
      vertex -2.46817 41.425 0
    endloop
  endfacet
  facet normal -1 0 0
    outer loop
      vertex -6.3 33.7 0
      vertex -6.3 46.3 5.5
      vertex -6.3 46.3 0
    endloop
  endfacet
  facet normal -1 -0 0
    outer loop
      vertex -6.3 46.3 5.5
      vertex -6.3 33.7 0
      vertex -6.3 33.7 5.5
    endloop
  endfacet
  facet normal 0 1 -0
    outer loop
      vertex 6.3 46.3 0
      vertex -6.3 46.3 5.5
      vertex 6.3 46.3 5.5
    endloop
  endfacet
  facet normal 0 1 0
    outer loop
      vertex -6.3 46.3 5.5
      vertex 6.3 46.3 0
      vertex -6.3 46.3 0
    endloop
  endfacet
  facet normal 0 -1 0
    outer loop
      vertex -6.3 33.7 0
      vertex 6.3 33.7 5.5
      vertex -6.3 33.7 5.5
    endloop
  endfacet
  facet normal 0 -1 -0
    outer loop
      vertex 6.3 33.7 5.5
      vertex -6.3 33.7 0
      vertex 6.3 33.7 0
    endloop
  endfacet
  facet normal -1 0 0
    outer loop
      vertex 5.1 45.1 1.2
      vertex 5.1 42 3
      vertex 5.1 45.1 5.5
    endloop
  endfacet
  facet normal -1 0 0
    outer loop
      vertex 5.1 45.1 1.2
      vertex 5.1 38 3
      vertex 5.1 42 3
    endloop
  endfacet
  facet normal -1 0 0
    outer loop
      vertex 5.1 34.9 1.2
      vertex 5.1 38 3
      vertex 5.1 45.1 1.2
    endloop
  endfacet
  facet normal -1 0 0
    outer loop
      vertex 5.1 34.9 5.5
      vertex 5.1 38 3
      vertex 5.1 34.9 1.2
    endloop
  endfacet
  facet normal -1 0 0
    outer loop
      vertex 5.1 38 3
      vertex 5.1 34.9 5.5
      vertex 5.1 38 5.5
    endloop
  endfacet
  facet normal -1 -0 0
    outer loop
      vertex 5.1 45.1 5.5
      vertex 5.1 42 3
      vertex 5.1 42 5.5
    endloop
  endfacet
  facet normal 0 0 1
    outer loop
      vertex 5.1 45.1 1.2
      vertex 2.85 40 1.2
      vertex 5.1 34.9 1.2
    endloop
  endfacet
  facet normal 0 0 1
    outer loop
      vertex 5.1 45.1 1.2
      vertex 2.82562 40.372 1.2
      vertex 2.85 40 1.2
    endloop
  endfacet
  facet normal 0 0 1
    outer loop
      vertex 5.1 45.1 1.2
      vertex 2.75289 40.7376 1.2
      vertex 2.82562 40.372 1.2
    endloop
  endfacet
  facet normal 0 0 1
    outer loop
      vertex 5.1 45.1 1.2
      vertex 2.63306 41.0906 1.2
      vertex 2.75289 40.7376 1.2
    endloop
  endfacet
  facet normal 0 0 1
    outer loop
      vertex 5.1 45.1 1.2
      vertex 2.46817 41.425 1.2
      vertex 2.63306 41.0906 1.2
    endloop
  endfacet
  facet normal 0 0 1
    outer loop
      vertex 5.1 45.1 1.2
      vertex 2.26106 41.735 1.2
      vertex 2.46817 41.425 1.2
    endloop
  endfacet
  facet normal 0 0 1
    outer loop
      vertex 5.1 45.1 1.2
      vertex 2.01525 42.0153 1.2
      vertex 2.26106 41.735 1.2
    endloop
  endfacet
  facet normal 0 0 1
    outer loop
      vertex 5.1 45.1 1.2
      vertex 1.73497 42.2611 1.2
      vertex 2.01525 42.0153 1.2
    endloop
  endfacet
  facet normal 0 0 1
    outer loop
      vertex 5.1 45.1 1.2
      vertex 1.425 42.4682 1.2
      vertex 1.73497 42.2611 1.2
    endloop
  endfacet
  facet normal 0 0 1
    outer loop
      vertex 5.1 45.1 1.2
      vertex 1.09065 42.6331 1.2
      vertex 1.425 42.4682 1.2
    endloop
  endfacet
  facet normal 0 0 1
    outer loop
      vertex 5.1 45.1 1.2
      vertex 0.737634 42.7529 1.2
      vertex 1.09065 42.6331 1.2
    endloop
  endfacet
  facet normal 0 0 1
    outer loop
      vertex 5.1 45.1 1.2
      vertex 0.371999 42.8256 1.2
      vertex 0.737634 42.7529 1.2
    endloop
  endfacet
  facet normal 0 0 1
    outer loop
      vertex 5.1 45.1 1.2
      vertex 0 42.85 1.2
      vertex 0.371999 42.8256 1.2
    endloop
  endfacet
  facet normal -0 0 1
    outer loop
      vertex -5.1 45.1 1.2
      vertex 0 42.85 1.2
      vertex 5.1 45.1 1.2
    endloop
  endfacet
  facet normal 0 0 1
    outer loop
      vertex 0 42.85 1.2
      vertex -5.1 45.1 1.2
      vertex -0.371999 42.8256 1.2
    endloop
  endfacet
  facet normal 0 0 1
    outer loop
      vertex -0.371999 42.8256 1.2
      vertex -5.1 45.1 1.2
      vertex -0.737634 42.7529 1.2
    endloop
  endfacet
  facet normal 0 0 1
    outer loop
      vertex -2.82562 40.372 1.2
      vertex -5.1 45.1 1.2
      vertex -2.85 40 1.2
    endloop
  endfacet
  facet normal 0 0 1
    outer loop
      vertex -2.75289 40.7376 1.2
      vertex -5.1 45.1 1.2
      vertex -2.82562 40.372 1.2
    endloop
  endfacet
  facet normal 0 0 1
    outer loop
      vertex -2.63306 41.0906 1.2
      vertex -5.1 45.1 1.2
      vertex -2.75289 40.7376 1.2
    endloop
  endfacet
  facet normal 0 0 1
    outer loop
      vertex -2.46817 41.425 1.2
      vertex -5.1 45.1 1.2
      vertex -2.63306 41.0906 1.2
    endloop
  endfacet
  facet normal 0 0 1
    outer loop
      vertex -2.26106 41.735 1.2
      vertex -5.1 45.1 1.2
      vertex -2.46817 41.425 1.2
    endloop
  endfacet
  facet normal 0 0 1
    outer loop
      vertex -2.01525 42.0153 1.2
      vertex -5.1 45.1 1.2
      vertex -2.26106 41.735 1.2
    endloop
  endfacet
  facet normal 0 0 1
    outer loop
      vertex -1.73497 42.2611 1.2
      vertex -5.1 45.1 1.2
      vertex -2.01525 42.0153 1.2
    endloop
  endfacet
  facet normal 0 0 1
    outer loop
      vertex -1.425 42.4682 1.2
      vertex -5.1 45.1 1.2
      vertex -1.73497 42.2611 1.2
    endloop
  endfacet
  facet normal 0 0 1
    outer loop
      vertex -1.09065 42.6331 1.2
      vertex -5.1 45.1 1.2
      vertex -1.425 42.4682 1.2
    endloop
  endfacet
  facet normal 0 0 1
    outer loop
      vertex -0.737634 42.7529 1.2
      vertex -5.1 45.1 1.2
      vertex -1.09065 42.6331 1.2
    endloop
  endfacet
  facet normal -0 0 1
    outer loop
      vertex 2.82562 39.628 1.2
      vertex 5.1 34.9 1.2
      vertex 2.85 40 1.2
    endloop
  endfacet
  facet normal -0 0 1
    outer loop
      vertex 2.75289 39.2624 1.2
      vertex 5.1 34.9 1.2
      vertex 2.82562 39.628 1.2
    endloop
  endfacet
  facet normal -0 0 1
    outer loop
      vertex 2.63306 38.9094 1.2
      vertex 5.1 34.9 1.2
      vertex 2.75289 39.2624 1.2
    endloop
  endfacet
  facet normal -0 0 1
    outer loop
      vertex 2.46817 38.575 1.2
      vertex 5.1 34.9 1.2
      vertex 2.63306 38.9094 1.2
    endloop
  endfacet
  facet normal -0 0 1
    outer loop
      vertex 2.26106 38.265 1.2
      vertex 5.1 34.9 1.2
      vertex 2.46817 38.575 1.2
    endloop
  endfacet
  facet normal -0 0 1
    outer loop
      vertex 2.01525 37.9847 1.2
      vertex 5.1 34.9 1.2
      vertex 2.26106 38.265 1.2
    endloop
  endfacet
  facet normal -0 0 1
    outer loop
      vertex 1.73497 37.7389 1.2
      vertex 5.1 34.9 1.2
      vertex 2.01525 37.9847 1.2
    endloop
  endfacet
  facet normal -0 0 1
    outer loop
      vertex 1.425 37.5318 1.2
      vertex 5.1 34.9 1.2
      vertex 1.73497 37.7389 1.2
    endloop
  endfacet
  facet normal -0 0 1
    outer loop
      vertex 1.09065 37.3669 1.2
      vertex 5.1 34.9 1.2
      vertex 1.425 37.5318 1.2
    endloop
  endfacet
  facet normal -0 0 1
    outer loop
      vertex 0.737634 37.2471 1.2
      vertex 5.1 34.9 1.2
      vertex 1.09065 37.3669 1.2
    endloop
  endfacet
  facet normal -0 0 1
    outer loop
      vertex 0.371999 37.1744 1.2
      vertex 5.1 34.9 1.2
      vertex 0.737634 37.2471 1.2
    endloop
  endfacet
  facet normal -0 0 1
    outer loop
      vertex 0 37.15 1.2
      vertex 5.1 34.9 1.2
      vertex 0.371999 37.1744 1.2
    endloop
  endfacet
  facet normal 0 0 1
    outer loop
      vertex -5.1 34.9 1.2
      vertex 0 37.15 1.2
      vertex -0.371999 37.1744 1.2
    endloop
  endfacet
  facet normal 0 0 1
    outer loop
      vertex -5.1 34.9 1.2
      vertex -0.371999 37.1744 1.2
      vertex -0.737634 37.2471 1.2
    endloop
  endfacet
  facet normal 0 0 1
    outer loop
      vertex -5.1 34.9 1.2
      vertex -0.737634 37.2471 1.2
      vertex -1.09065 37.3669 1.2
    endloop
  endfacet
  facet normal 0 0 1
    outer loop
      vertex -5.1 34.9 1.2
      vertex -2.85 40 1.2
      vertex -5.1 45.1 1.2
    endloop
  endfacet
  facet normal 0 0 1
    outer loop
      vertex -2.85 40 1.2
      vertex -5.1 34.9 1.2
      vertex -2.82562 39.628 1.2
    endloop
  endfacet
  facet normal 0 0 1
    outer loop
      vertex -2.82562 39.628 1.2
      vertex -5.1 34.9 1.2
      vertex -2.75289 39.2624 1.2
    endloop
  endfacet
  facet normal 0 0 1
    outer loop
      vertex 0 37.15 1.2
      vertex -5.1 34.9 1.2
      vertex 5.1 34.9 1.2
    endloop
  endfacet
  facet normal 0 0 1
    outer loop
      vertex -1.425 37.5318 1.2
      vertex -5.1 34.9 1.2
      vertex -1.09065 37.3669 1.2
    endloop
  endfacet
  facet normal 0 0 1
    outer loop
      vertex -1.73497 37.7389 1.2
      vertex -5.1 34.9 1.2
      vertex -1.425 37.5318 1.2
    endloop
  endfacet
  facet normal 0 0 1
    outer loop
      vertex -2.01525 37.9847 1.2
      vertex -5.1 34.9 1.2
      vertex -1.73497 37.7389 1.2
    endloop
  endfacet
  facet normal 0 0 1
    outer loop
      vertex -2.26106 38.265 1.2
      vertex -5.1 34.9 1.2
      vertex -2.01525 37.9847 1.2
    endloop
  endfacet
  facet normal 0 0 1
    outer loop
      vertex -2.46817 38.575 1.2
      vertex -5.1 34.9 1.2
      vertex -2.26106 38.265 1.2
    endloop
  endfacet
  facet normal 0 0 1
    outer loop
      vertex -2.63306 38.9094 1.2
      vertex -5.1 34.9 1.2
      vertex -2.46817 38.575 1.2
    endloop
  endfacet
  facet normal 0 0 1
    outer loop
      vertex -2.75289 39.2624 1.2
      vertex -5.1 34.9 1.2
      vertex -2.63306 38.9094 1.2
    endloop
  endfacet
  facet normal 1 -0 0
    outer loop
      vertex -5.1 34.9 5.5
      vertex -5.1 45.1 1.2
      vertex -5.1 45.1 5.5
    endloop
  endfacet
  facet normal 1 0 0
    outer loop
      vertex -5.1 45.1 1.2
      vertex -5.1 34.9 5.5
      vertex -5.1 34.9 1.2
    endloop
  endfacet
  facet normal 0 -1 0
    outer loop
      vertex -5.1 45.1 1.2
      vertex 5.1 45.1 5.5
      vertex -5.1 45.1 5.5
    endloop
  endfacet
  facet normal 0 -1 -0
    outer loop
      vertex 5.1 45.1 5.5
      vertex -5.1 45.1 1.2
      vertex 5.1 45.1 1.2
    endloop
  endfacet
  facet normal 0 1 -0
    outer loop
      vertex 5.1 34.9 1.2
      vertex -5.1 34.9 5.5
      vertex 5.1 34.9 5.5
    endloop
  endfacet
  facet normal 0 1 0
    outer loop
      vertex -5.1 34.9 5.5
      vertex 5.1 34.9 1.2
      vertex -5.1 34.9 1.2
    endloop
  endfacet
  facet normal 0.896892 0.44225 0
    outer loop
      vertex -2.46817 38.575 1.2
      vertex -2.63306 38.9094 0
      vertex -2.63306 38.9094 1.2
    endloop
  endfacet
  facet normal 0.896892 0.44225 0
    outer loop
      vertex -2.63306 38.9094 0
      vertex -2.46817 38.575 1.2
      vertex -2.46817 38.575 0
    endloop
  endfacet
  facet normal -0.442325 0.896855 0
    outer loop
      vertex 1.425 37.5318 0
      vertex 1.09065 37.3669 1.2
      vertex 1.425 37.5318 1.2
    endloop
  endfacet
  facet normal -0.442325 0.896855 0
    outer loop
      vertex 1.09065 37.3669 1.2
      vertex 1.425 37.5318 0
      vertex 1.09065 37.3669 0
    endloop
  endfacet
  facet normal -0.980781 -0.19511 0
    outer loop
      vertex 2.82562 40.372 0
      vertex 2.75289 40.7376 1.2
      vertex 2.75289 40.7376 0
    endloop
  endfacet
  facet normal -0.980781 -0.19511 0
    outer loop
      vertex 2.75289 40.7376 1.2
      vertex 2.82562 40.372 0
      vertex 2.82562 40.372 1.2
    endloop
  endfacet
  facet normal -0.997859 -0.0653973 0
    outer loop
      vertex 2.85 40 0
      vertex 2.82562 40.372 1.2
      vertex 2.82562 40.372 0
    endloop
  endfacet
  facet normal -0.997859 -0.0653973 0
    outer loop
      vertex 2.82562 40.372 1.2
      vertex 2.85 40 0
      vertex 2.85 40 1.2
    endloop
  endfacet
  facet normal -0.946928 -0.321446 0
    outer loop
      vertex 2.75289 40.7376 0
      vertex 2.63306 41.0906 1.2
      vertex 2.63306 41.0906 0
    endloop
  endfacet
  facet normal -0.946928 -0.321446 0
    outer loop
      vertex 2.63306 41.0906 1.2
      vertex 2.75289 40.7376 0
      vertex 2.75289 40.7376 1.2
    endloop
  endfacet
  facet normal -0.751848 0.659336 0
    outer loop
      vertex 2.01525 37.9847 0
      vertex 2.26106 38.265 1.2
      vertex 2.26106 38.265 0
    endloop
  endfacet
  facet normal -0.751848 0.659336 0
    outer loop
      vertex 2.26106 38.265 1.2
      vertex 2.01525 37.9847 0
      vertex 2.01525 37.9847 1.2
    endloop
  endfacet
  facet normal 0.555542 -0.831489 0
    outer loop
      vertex -1.73497 42.2611 0
      vertex -1.425 42.4682 1.2
      vertex -1.73497 42.2611 1.2
    endloop
  endfacet
  facet normal 0.555542 -0.831489 0
    outer loop
      vertex -1.425 42.4682 1.2
      vertex -1.73497 42.2611 0
      vertex -1.425 42.4682 0
    endloop
  endfacet
  facet normal -0.321361 -0.946957 0
    outer loop
      vertex 0.737634 42.7529 0
      vertex 1.09065 42.6331 1.2
      vertex 0.737634 42.7529 1.2
    endloop
  endfacet
  facet normal -0.321361 -0.946957 -0
    outer loop
      vertex 1.09065 42.6331 1.2
      vertex 0.737634 42.7529 0
      vertex 1.09065 42.6331 0
    endloop
  endfacet
  facet normal -0.555542 -0.831489 0
    outer loop
      vertex 1.425 42.4682 0
      vertex 1.73497 42.2611 1.2
      vertex 1.425 42.4682 1.2
    endloop
  endfacet
  facet normal -0.555542 -0.831489 -0
    outer loop
      vertex 1.73497 42.2611 1.2
      vertex 1.425 42.4682 0
      vertex 1.73497 42.2611 0
    endloop
  endfacet
  facet normal -0.321361 0.946957 0
    outer loop
      vertex 1.09065 37.3669 0
      vertex 0.737634 37.2471 1.2
      vertex 1.09065 37.3669 1.2
    endloop
  endfacet
  facet normal -0.321361 0.946957 0
    outer loop
      vertex 0.737634 37.2471 1.2
      vertex 1.09065 37.3669 0
      vertex 0.737634 37.2471 0
    endloop
  endfacet
  facet normal -0.896892 -0.44225 0
    outer loop
      vertex 2.63306 41.0906 0
      vertex 2.46817 41.425 1.2
      vertex 2.46817 41.425 0
    endloop
  endfacet
  facet normal -0.896892 -0.44225 0
    outer loop
      vertex 2.46817 41.425 1.2
      vertex 2.63306 41.0906 0
      vertex 2.63306 41.0906 1.2
    endloop
  endfacet
  facet normal 0.195015 -0.9808 0
    outer loop
      vertex -0.737634 42.7529 0
      vertex -0.371999 42.8256 1.2
      vertex -0.737634 42.7529 1.2
    endloop
  endfacet
  facet normal 0.195015 -0.9808 0
    outer loop
      vertex -0.371999 42.8256 1.2
      vertex -0.737634 42.7529 0
      vertex -0.371999 42.8256 0
    endloop
  endfacet
  facet normal -0.946928 0.321446 0
    outer loop
      vertex 2.63306 38.9094 0
      vertex 2.75289 39.2624 1.2
      vertex 2.75289 39.2624 0
    endloop
  endfacet
  facet normal -0.946928 0.321446 0
    outer loop
      vertex 2.75289 39.2624 1.2
      vertex 2.63306 38.9094 0
      vertex 2.63306 38.9094 1.2
    endloop
  endfacet
  facet normal 0.555542 0.831489 -0
    outer loop
      vertex -1.425 37.5318 0
      vertex -1.73497 37.7389 1.2
      vertex -1.425 37.5318 1.2
    endloop
  endfacet
  facet normal 0.555542 0.831489 0
    outer loop
      vertex -1.73497 37.7389 1.2
      vertex -1.425 37.5318 0
      vertex -1.73497 37.7389 0
    endloop
  endfacet
  facet normal 0.659347 -0.751838 0
    outer loop
      vertex -2.01525 42.0153 0
      vertex -1.73497 42.2611 1.2
      vertex -2.01525 42.0153 1.2
    endloop
  endfacet
  facet normal 0.659347 -0.751838 0
    outer loop
      vertex -1.73497 42.2611 1.2
      vertex -2.01525 42.0153 0
      vertex -1.73497 42.2611 0
    endloop
  endfacet
  facet normal 0.980781 -0.19511 0
    outer loop
      vertex -2.82562 40.372 1.2
      vertex -2.75289 40.7376 0
      vertex -2.75289 40.7376 1.2
    endloop
  endfacet
  facet normal 0.980781 -0.19511 0
    outer loop
      vertex -2.75289 40.7376 0
      vertex -2.82562 40.372 1.2
      vertex -2.82562 40.372 0
    endloop
  endfacet
  facet normal 0.321361 -0.946957 0
    outer loop
      vertex -1.09065 42.6331 0
      vertex -0.737634 42.7529 1.2
      vertex -1.09065 42.6331 1.2
    endloop
  endfacet
  facet normal 0.321361 -0.946957 0
    outer loop
      vertex -0.737634 42.7529 1.2
      vertex -1.09065 42.6331 0
      vertex -0.737634 42.7529 0
    endloop
  endfacet
  facet normal -0.659347 0.751838 0
    outer loop
      vertex 2.01525 37.9847 0
      vertex 1.73497 37.7389 1.2
      vertex 2.01525 37.9847 1.2
    endloop
  endfacet
  facet normal -0.659347 0.751838 0
    outer loop
      vertex 1.73497 37.7389 1.2
      vertex 2.01525 37.9847 0
      vertex 1.73497 37.7389 0
    endloop
  endfacet
  facet normal 0.946928 0.321446 0
    outer loop
      vertex -2.63306 38.9094 1.2
      vertex -2.75289 39.2624 0
      vertex -2.75289 39.2624 1.2
    endloop
  endfacet
  facet normal 0.946928 0.321446 0
    outer loop
      vertex -2.75289 39.2624 0
      vertex -2.63306 38.9094 1.2
      vertex -2.63306 38.9094 0
    endloop
  endfacet
  facet normal -0.831501 -0.555523 0
    outer loop
      vertex 2.46817 41.425 0
      vertex 2.26106 41.735 1.2
      vertex 2.26106 41.735 0
    endloop
  endfacet
  facet normal -0.831501 -0.555523 0
    outer loop
      vertex 2.26106 41.735 1.2
      vertex 2.46817 41.425 0
      vertex 2.46817 41.425 1.2
    endloop
  endfacet
  facet normal -0.195015 0.9808 0
    outer loop
      vertex 0.737634 37.2471 0
      vertex 0.371999 37.1744 1.2
      vertex 0.737634 37.2471 1.2
    endloop
  endfacet
  facet normal -0.195015 0.9808 0
    outer loop
      vertex 0.371999 37.1744 1.2
      vertex 0.737634 37.2471 0
      vertex 0.371999 37.1744 0
    endloop
  endfacet
  facet normal 0.980781 0.19511 0
    outer loop
      vertex -2.75289 39.2624 1.2
      vertex -2.82562 39.628 0
      vertex -2.82562 39.628 1.2
    endloop
  endfacet
  facet normal 0.980781 0.19511 0
    outer loop
      vertex -2.82562 39.628 0
      vertex -2.75289 39.2624 1.2
      vertex -2.75289 39.2624 0
    endloop
  endfacet
  facet normal -0.659347 -0.751838 0
    outer loop
      vertex 1.73497 42.2611 0
      vertex 2.01525 42.0153 1.2
      vertex 1.73497 42.2611 1.2
    endloop
  endfacet
  facet normal -0.659347 -0.751838 -0
    outer loop
      vertex 2.01525 42.0153 1.2
      vertex 1.73497 42.2611 0
      vertex 2.01525 42.0153 0
    endloop
  endfacet
  facet normal -0.997859 0.0653973 0
    outer loop
      vertex 2.82562 39.628 0
      vertex 2.85 40 1.2
      vertex 2.85 40 0
    endloop
  endfacet
  facet normal -0.997859 0.0653973 0
    outer loop
      vertex 2.85 40 1.2
      vertex 2.82562 39.628 0
      vertex 2.82562 39.628 1.2
    endloop
  endfacet
  facet normal -0.980781 0.19511 0
    outer loop
      vertex 2.75289 39.2624 0
      vertex 2.82562 39.628 1.2
      vertex 2.82562 39.628 0
    endloop
  endfacet
  facet normal -0.980781 0.19511 0
    outer loop
      vertex 2.82562 39.628 1.2
      vertex 2.75289 39.2624 0
      vertex 2.75289 39.2624 1.2
    endloop
  endfacet
  facet normal -0.555542 0.831489 0
    outer loop
      vertex 1.73497 37.7389 0
      vertex 1.425 37.5318 1.2
      vertex 1.73497 37.7389 1.2
    endloop
  endfacet
  facet normal -0.555542 0.831489 0
    outer loop
      vertex 1.425 37.5318 1.2
      vertex 1.73497 37.7389 0
      vertex 1.425 37.5318 0
    endloop
  endfacet
  facet normal -0.195015 -0.9808 0
    outer loop
      vertex 0.371999 42.8256 0
      vertex 0.737634 42.7529 1.2
      vertex 0.371999 42.8256 1.2
    endloop
  endfacet
  facet normal -0.195015 -0.9808 -0
    outer loop
      vertex 0.737634 42.7529 1.2
      vertex 0.371999 42.8256 0
      vertex 0.737634 42.7529 0
    endloop
  endfacet
  facet normal -0.751848 -0.659336 0
    outer loop
      vertex 2.26106 41.735 0
      vertex 2.01525 42.0153 1.2
      vertex 2.01525 42.0153 0
    endloop
  endfacet
  facet normal -0.751848 -0.659336 0
    outer loop
      vertex 2.01525 42.0153 1.2
      vertex 2.26106 41.735 0
      vertex 2.26106 41.735 1.2
    endloop
  endfacet
  facet normal -0.0654509 -0.997856 0
    outer loop
      vertex 0 42.85 0
      vertex 0.371999 42.8256 1.2
      vertex 0 42.85 1.2
    endloop
  endfacet
  facet normal -0.0654509 -0.997856 -0
    outer loop
      vertex 0.371999 42.8256 1.2
      vertex 0 42.85 0
      vertex 0.371999 42.8256 0
    endloop
  endfacet
  facet normal 0.946928 -0.321446 0
    outer loop
      vertex -2.75289 40.7376 1.2
      vertex -2.63306 41.0906 0
      vertex -2.63306 41.0906 1.2
    endloop
  endfacet
  facet normal 0.946928 -0.321446 0
    outer loop
      vertex -2.63306 41.0906 0
      vertex -2.75289 40.7376 1.2
      vertex -2.75289 40.7376 0
    endloop
  endfacet
  facet normal 0.0654509 0.997856 -0
    outer loop
      vertex 0 37.15 0
      vertex -0.371999 37.1744 1.2
      vertex 0 37.15 1.2
    endloop
  endfacet
  facet normal 0.0654509 0.997856 0
    outer loop
      vertex -0.371999 37.1744 1.2
      vertex 0 37.15 0
      vertex -0.371999 37.1744 0
    endloop
  endfacet
  facet normal -0.442325 -0.896855 0
    outer loop
      vertex 1.09065 42.6331 0
      vertex 1.425 42.4682 1.2
      vertex 1.09065 42.6331 1.2
    endloop
  endfacet
  facet normal -0.442325 -0.896855 -0
    outer loop
      vertex 1.425 42.4682 1.2
      vertex 1.09065 42.6331 0
      vertex 1.425 42.4682 0
    endloop
  endfacet
  facet normal 0.997859 0.0653973 0
    outer loop
      vertex -2.82562 39.628 1.2
      vertex -2.85 40 0
      vertex -2.85 40 1.2
    endloop
  endfacet
  facet normal 0.997859 0.0653973 0
    outer loop
      vertex -2.85 40 0
      vertex -2.82562 39.628 1.2
      vertex -2.82562 39.628 0
    endloop
  endfacet
  facet normal 0.659347 0.751838 -0
    outer loop
      vertex -1.73497 37.7389 0
      vertex -2.01525 37.9847 1.2
      vertex -1.73497 37.7389 1.2
    endloop
  endfacet
  facet normal 0.659347 0.751838 0
    outer loop
      vertex -2.01525 37.9847 1.2
      vertex -1.73497 37.7389 0
      vertex -2.01525 37.9847 0
    endloop
  endfacet
  facet normal -0.831501 0.555523 0
    outer loop
      vertex 2.26106 38.265 0
      vertex 2.46817 38.575 1.2
      vertex 2.46817 38.575 0
    endloop
  endfacet
  facet normal -0.831501 0.555523 0
    outer loop
      vertex 2.46817 38.575 1.2
      vertex 2.26106 38.265 0
      vertex 2.26106 38.265 1.2
    endloop
  endfacet
  facet normal 0.751848 0.659336 0
    outer loop
      vertex -2.01525 37.9847 1.2
      vertex -2.26106 38.265 0
      vertex -2.26106 38.265 1.2
    endloop
  endfacet
  facet normal 0.751848 0.659336 0
    outer loop
      vertex -2.26106 38.265 0
      vertex -2.01525 37.9847 1.2
      vertex -2.01525 37.9847 0
    endloop
  endfacet
  facet normal 0.997859 -0.0653973 0
    outer loop
      vertex -2.85 40 1.2
      vertex -2.82562 40.372 0
      vertex -2.82562 40.372 1.2
    endloop
  endfacet
  facet normal 0.997859 -0.0653973 0
    outer loop
      vertex -2.82562 40.372 0
      vertex -2.85 40 1.2
      vertex -2.85 40 0
    endloop
  endfacet
  facet normal 0.195015 0.9808 -0
    outer loop
      vertex -0.371999 37.1744 0
      vertex -0.737634 37.2471 1.2
      vertex -0.371999 37.1744 1.2
    endloop
  endfacet
  facet normal 0.195015 0.9808 0
    outer loop
      vertex -0.737634 37.2471 1.2
      vertex -0.371999 37.1744 0
      vertex -0.737634 37.2471 0
    endloop
  endfacet
  facet normal -0.0654509 0.997856 0
    outer loop
      vertex 0.371999 37.1744 0
      vertex 0 37.15 1.2
      vertex 0.371999 37.1744 1.2
    endloop
  endfacet
  facet normal -0.0654509 0.997856 0
    outer loop
      vertex 0 37.15 1.2
      vertex 0.371999 37.1744 0
      vertex 0 37.15 0
    endloop
  endfacet
  facet normal 0.442325 -0.896855 0
    outer loop
      vertex -1.425 42.4682 0
      vertex -1.09065 42.6331 1.2
      vertex -1.425 42.4682 1.2
    endloop
  endfacet
  facet normal 0.442325 -0.896855 0
    outer loop
      vertex -1.09065 42.6331 1.2
      vertex -1.425 42.4682 0
      vertex -1.09065 42.6331 0
    endloop
  endfacet
  facet normal 0.321361 0.946957 -0
    outer loop
      vertex -0.737634 37.2471 0
      vertex -1.09065 37.3669 1.2
      vertex -0.737634 37.2471 1.2
    endloop
  endfacet
  facet normal 0.321361 0.946957 0
    outer loop
      vertex -1.09065 37.3669 1.2
      vertex -0.737634 37.2471 0
      vertex -1.09065 37.3669 0
    endloop
  endfacet
  facet normal 0.751848 -0.659336 0
    outer loop
      vertex -2.26106 41.735 1.2
      vertex -2.01525 42.0153 0
      vertex -2.01525 42.0153 1.2
    endloop
  endfacet
  facet normal 0.751848 -0.659336 0
    outer loop
      vertex -2.01525 42.0153 0
      vertex -2.26106 41.735 1.2
      vertex -2.26106 41.735 0
    endloop
  endfacet
  facet normal 0.831501 0.555523 0
    outer loop
      vertex -2.26106 38.265 1.2
      vertex -2.46817 38.575 0
      vertex -2.46817 38.575 1.2
    endloop
  endfacet
  facet normal 0.831501 0.555523 0
    outer loop
      vertex -2.46817 38.575 0
      vertex -2.26106 38.265 1.2
      vertex -2.26106 38.265 0
    endloop
  endfacet
  facet normal 0.0654509 -0.997856 0
    outer loop
      vertex -0.371999 42.8256 0
      vertex 0 42.85 1.2
      vertex -0.371999 42.8256 1.2
    endloop
  endfacet
  facet normal 0.0654509 -0.997856 0
    outer loop
      vertex 0 42.85 1.2
      vertex -0.371999 42.8256 0
      vertex 0 42.85 0
    endloop
  endfacet
  facet normal 0.442325 0.896855 -0
    outer loop
      vertex -1.09065 37.3669 0
      vertex -1.425 37.5318 1.2
      vertex -1.09065 37.3669 1.2
    endloop
  endfacet
  facet normal 0.442325 0.896855 0
    outer loop
      vertex -1.425 37.5318 1.2
      vertex -1.09065 37.3669 0
      vertex -1.425 37.5318 0
    endloop
  endfacet
  facet normal -0.896892 0.44225 0
    outer loop
      vertex 2.46817 38.575 0
      vertex 2.63306 38.9094 1.2
      vertex 2.63306 38.9094 0
    endloop
  endfacet
  facet normal -0.896892 0.44225 0
    outer loop
      vertex 2.63306 38.9094 1.2
      vertex 2.46817 38.575 0
      vertex 2.46817 38.575 1.2
    endloop
  endfacet
  facet normal 0.896892 -0.44225 0
    outer loop
      vertex -2.63306 41.0906 1.2
      vertex -2.46817 41.425 0
      vertex -2.46817 41.425 1.2
    endloop
  endfacet
  facet normal 0.896892 -0.44225 0
    outer loop
      vertex -2.46817 41.425 0
      vertex -2.63306 41.0906 1.2
      vertex -2.63306 41.0906 0
    endloop
  endfacet
  facet normal 0.831501 -0.555523 0
    outer loop
      vertex -2.46817 41.425 1.2
      vertex -2.26106 41.735 0
      vertex -2.26106 41.735 1.2
    endloop
  endfacet
  facet normal 0.831501 -0.555523 0
    outer loop
      vertex -2.26106 41.735 0
      vertex -2.46817 41.425 1.2
      vertex -2.46817 41.425 0
    endloop
  endfacet
  facet normal -0 0 1
    outer loop
      vertex 5.1 42 3
      vertex 6.3 38 3
      vertex 6.3 42 3
    endloop
  endfacet
  facet normal 0 0 1
    outer loop
      vertex 6.3 38 3
      vertex 5.1 42 3
      vertex 5.1 38 3
    endloop
  endfacet
  facet normal 0 -1 0
    outer loop
      vertex 5.1 42 3
      vertex 6.3 42 5.5
      vertex 5.1 42 5.5
    endloop
  endfacet
  facet normal 0 -1 -0
    outer loop
      vertex 6.3 42 5.5
      vertex 5.1 42 3
      vertex 6.3 42 3
    endloop
  endfacet
  facet normal 0 1 -0
    outer loop
      vertex 6.3 38 3
      vertex 5.1 38 5.5
      vertex 6.3 38 5.5
    endloop
  endfacet
  facet normal 0 1 0
    outer loop
      vertex 5.1 38 5.5
      vertex 6.3 38 3
      vertex 5.1 38 3
    endloop
  endfacet
  facet normal 1 0 0
    outer loop
      vertex 22.3 38 5.5
      vertex 22.3 33.7 5.5
      vertex 22.3 38 3
    endloop
  endfacet
  facet normal 1 0 0
    outer loop
      vertex 22.3 42 3
      vertex 22.3 46.3 5.5
      vertex 22.3 42 5.5
    endloop
  endfacet
  facet normal 1 0 0
    outer loop
      vertex 22.3 46.3 5.5
      vertex 22.3 42 3
      vertex 22.3 46.3 0
    endloop
  endfacet
  facet normal 1 -0 0
    outer loop
      vertex 22.3 38 3
      vertex 22.3 46.3 0
      vertex 22.3 42 3
    endloop
  endfacet
  facet normal 1 0 0
    outer loop
      vertex 22.3 38 3
      vertex 22.3 33.7 0
      vertex 22.3 46.3 0
    endloop
  endfacet
  facet normal 1 0 0
    outer loop
      vertex 22.3 33.7 0
      vertex 22.3 38 3
      vertex 22.3 33.7 5.5
    endloop
  endfacet
  facet normal 0 0 1
    outer loop
      vertex 22.3 46.3 5.5
      vertex 21.1 45.1 5.5
      vertex 22.3 42 5.5
    endloop
  endfacet
  facet normal 0 0 1
    outer loop
      vertex 22.3 46.3 5.5
      vertex 10.9 45.1 5.5
      vertex 21.1 45.1 5.5
    endloop
  endfacet
  facet normal 0 0 1
    outer loop
      vertex 10.9 45.1 5.5
      vertex 9.7 46.3 5.5
      vertex 10.9 34.9 5.5
    endloop
  endfacet
  facet normal -0 0 1
    outer loop
      vertex 9.7 46.3 5.5
      vertex 10.9 45.1 5.5
      vertex 22.3 46.3 5.5
    endloop
  endfacet
  facet normal 0 0 1
    outer loop
      vertex 22.3 42 5.5
      vertex 21.1 45.1 5.5
      vertex 21.1 42 5.5
    endloop
  endfacet
  facet normal 0 0 1
    outer loop
      vertex 21.1 34.9 5.5
      vertex 22.3 38 5.5
      vertex 21.1 38 5.5
    endloop
  endfacet
  facet normal 0 0 1
    outer loop
      vertex 22.3 38 5.5
      vertex 21.1 34.9 5.5
      vertex 22.3 33.7 5.5
    endloop
  endfacet
  facet normal -0 0 1
    outer loop
      vertex 10.9 34.9 5.5
      vertex 22.3 33.7 5.5
      vertex 21.1 34.9 5.5
    endloop
  endfacet
  facet normal 0 0 1
    outer loop
      vertex 10.9 34.9 5.5
      vertex 9.7 33.7 5.5
      vertex 22.3 33.7 5.5
    endloop
  endfacet
  facet normal 0 0 1
    outer loop
      vertex 9.7 33.7 5.5
      vertex 10.9 34.9 5.5
      vertex 9.7 46.3 5.5
    endloop
  endfacet
  facet normal 0 0 -1
    outer loop
      vertex 22.3 33.7 0
      vertex 18.85 40 0
      vertex 22.3 46.3 0
    endloop
  endfacet
  facet normal 0 0 -1
    outer loop
      vertex 22.3 33.7 0
      vertex 18.8256 39.628 0
      vertex 18.85 40 0
    endloop
  endfacet
  facet normal 0 0 -1
    outer loop
      vertex 22.3 33.7 0
      vertex 18.7529 39.2624 0
      vertex 18.8256 39.628 0
    endloop
  endfacet
  facet normal 0 0 -1
    outer loop
      vertex 22.3 33.7 0
      vertex 18.6331 38.9094 0
      vertex 18.7529 39.2624 0
    endloop
  endfacet
  facet normal 0 0 -1
    outer loop
      vertex 22.3 33.7 0
      vertex 18.4682 38.575 0
      vertex 18.6331 38.9094 0
    endloop
  endfacet
  facet normal 0 0 -1
    outer loop
      vertex 22.3 33.7 0
      vertex 18.2611 38.265 0
      vertex 18.4682 38.575 0
    endloop
  endfacet
  facet normal 0 0 -1
    outer loop
      vertex 22.3 33.7 0
      vertex 18.0153 37.9847 0
      vertex 18.2611 38.265 0
    endloop
  endfacet
  facet normal 0 0 -1
    outer loop
      vertex 22.3 33.7 0
      vertex 17.735 37.7389 0
      vertex 18.0153 37.9847 0
    endloop
  endfacet
  facet normal 0 0 -1
    outer loop
      vertex 22.3 33.7 0
      vertex 17.425 37.5318 0
      vertex 17.735 37.7389 0
    endloop
  endfacet
  facet normal 0 0 -1
    outer loop
      vertex 22.3 33.7 0
      vertex 17.0906 37.3669 0
      vertex 17.425 37.5318 0
    endloop
  endfacet
  facet normal 0 0 -1
    outer loop
      vertex 22.3 33.7 0
      vertex 16.7376 37.2471 0
      vertex 17.0906 37.3669 0
    endloop
  endfacet
  facet normal 0 0 -1
    outer loop
      vertex 22.3 33.7 0
      vertex 16.372 37.1744 0
      vertex 16.7376 37.2471 0
    endloop
  endfacet
  facet normal 0 0 -1
    outer loop
      vertex 22.3 33.7 0
      vertex 16 37.15 0
      vertex 16.372 37.1744 0
    endloop
  endfacet
  facet normal 0 0 -1
    outer loop
      vertex 9.7 33.7 0
      vertex 16 37.15 0
      vertex 22.3 33.7 0
    endloop
  endfacet
  facet normal -0 0 -1
    outer loop
      vertex 16 37.15 0
      vertex 9.7 33.7 0
      vertex 15.628 37.1744 0
    endloop
  endfacet
  facet normal -0 0 -1
    outer loop
      vertex 15.628 37.1744 0
      vertex 9.7 33.7 0
      vertex 15.2624 37.2471 0
    endloop
  endfacet
  facet normal -0 0 -1
    outer loop
      vertex 15.2624 37.2471 0
      vertex 9.7 33.7 0
      vertex 14.9094 37.3669 0
    endloop
  endfacet
  facet normal -0 0 -1
    outer loop
      vertex 13.1744 39.628 0
      vertex 9.7 33.7 0
      vertex 13.15 40 0
    endloop
  endfacet
  facet normal -0 0 -1
    outer loop
      vertex 13.2471 39.2624 0
      vertex 9.7 33.7 0
      vertex 13.1744 39.628 0
    endloop
  endfacet
  facet normal -0 0 -1
    outer loop
      vertex 13.3669 38.9094 0
      vertex 9.7 33.7 0
      vertex 13.2471 39.2624 0
    endloop
  endfacet
  facet normal -0 0 -1
    outer loop
      vertex 13.5318 38.575 0
      vertex 9.7 33.7 0
      vertex 13.3669 38.9094 0
    endloop
  endfacet
  facet normal -0 0 -1
    outer loop
      vertex 13.7389 38.265 0
      vertex 9.7 33.7 0
      vertex 13.5318 38.575 0
    endloop
  endfacet
  facet normal -0 0 -1
    outer loop
      vertex 13.9847 37.9847 0
      vertex 9.7 33.7 0
      vertex 13.7389 38.265 0
    endloop
  endfacet
  facet normal -0 0 -1
    outer loop
      vertex 14.265 37.7389 0
      vertex 9.7 33.7 0
      vertex 13.9847 37.9847 0
    endloop
  endfacet
  facet normal -0 0 -1
    outer loop
      vertex 14.575 37.5318 0
      vertex 9.7 33.7 0
      vertex 14.265 37.7389 0
    endloop
  endfacet
  facet normal -0 0 -1
    outer loop
      vertex 14.9094 37.3669 0
      vertex 9.7 33.7 0
      vertex 14.575 37.5318 0
    endloop
  endfacet
  facet normal 0 0 -1
    outer loop
      vertex 18.8256 40.372 0
      vertex 22.3 46.3 0
      vertex 18.85 40 0
    endloop
  endfacet
  facet normal 0 0 -1
    outer loop
      vertex 18.7529 40.7376 0
      vertex 22.3 46.3 0
      vertex 18.8256 40.372 0
    endloop
  endfacet
  facet normal 0 0 -1
    outer loop
      vertex 18.6331 41.0906 0
      vertex 22.3 46.3 0
      vertex 18.7529 40.7376 0
    endloop
  endfacet
  facet normal 0 0 -1
    outer loop
      vertex 18.4682 41.425 0
      vertex 22.3 46.3 0
      vertex 18.6331 41.0906 0
    endloop
  endfacet
  facet normal 0 0 -1
    outer loop
      vertex 18.2611 41.735 0
      vertex 22.3 46.3 0
      vertex 18.4682 41.425 0
    endloop
  endfacet
  facet normal 0 0 -1
    outer loop
      vertex 18.0153 42.0153 0
      vertex 22.3 46.3 0
      vertex 18.2611 41.735 0
    endloop
  endfacet
  facet normal 0 0 -1
    outer loop
      vertex 17.735 42.2611 0
      vertex 22.3 46.3 0
      vertex 18.0153 42.0153 0
    endloop
  endfacet
  facet normal 0 0 -1
    outer loop
      vertex 17.425 42.4682 0
      vertex 22.3 46.3 0
      vertex 17.735 42.2611 0
    endloop
  endfacet
  facet normal 0 0 -1
    outer loop
      vertex 17.0906 42.6331 0
      vertex 22.3 46.3 0
      vertex 17.425 42.4682 0
    endloop
  endfacet
  facet normal 0 0 -1
    outer loop
      vertex 16.7376 42.7529 0
      vertex 22.3 46.3 0
      vertex 17.0906 42.6331 0
    endloop
  endfacet
  facet normal 0 0 -1
    outer loop
      vertex 16.372 42.8256 0
      vertex 22.3 46.3 0
      vertex 16.7376 42.7529 0
    endloop
  endfacet
  facet normal 0 0 -1
    outer loop
      vertex 16 42.85 0
      vertex 22.3 46.3 0
      vertex 16.372 42.8256 0
    endloop
  endfacet
  facet normal 0 0 -1
    outer loop
      vertex 9.7 46.3 0
      vertex 16 42.85 0
      vertex 15.628 42.8256 0
    endloop
  endfacet
  facet normal 0 0 -1
    outer loop
      vertex 9.7 46.3 0
      vertex 15.628 42.8256 0
      vertex 15.2624 42.7529 0
    endloop
  endfacet
  facet normal 0 0 -1
    outer loop
      vertex 9.7 46.3 0
      vertex 15.2624 42.7529 0
      vertex 14.9094 42.6331 0
    endloop
  endfacet
  facet normal 0 0 -1
    outer loop
      vertex 9.7 46.3 0
      vertex 14.9094 42.6331 0
      vertex 14.575 42.4682 0
    endloop
  endfacet
  facet normal 0 0 -1
    outer loop
      vertex 9.7 46.3 0
      vertex 13.15 40 0
      vertex 9.7 33.7 0
    endloop
  endfacet
  facet normal 0 0 -1
    outer loop
      vertex 13.15 40 0
      vertex 9.7 46.3 0
      vertex 13.1744 40.372 0
    endloop
  endfacet
  facet normal 0 0 -1
    outer loop
      vertex 13.1744 40.372 0
      vertex 9.7 46.3 0
      vertex 13.2471 40.7376 0
    endloop
  endfacet
  facet normal 0 0 -1
    outer loop
      vertex 13.2471 40.7376 0
      vertex 9.7 46.3 0
      vertex 13.3669 41.0906 0
    endloop
  endfacet
  facet normal 0 0 -1
    outer loop
      vertex 16 42.85 0
      vertex 9.7 46.3 0
      vertex 22.3 46.3 0
    endloop
  endfacet
  facet normal 0 0 -1
    outer loop
      vertex 14.265 42.2611 0
      vertex 9.7 46.3 0
      vertex 14.575 42.4682 0
    endloop
  endfacet
  facet normal 0 0 -1
    outer loop
      vertex 13.9847 42.0153 0
      vertex 9.7 46.3 0
      vertex 14.265 42.2611 0
    endloop
  endfacet
  facet normal 0 0 -1
    outer loop
      vertex 13.7389 41.735 0
      vertex 9.7 46.3 0
      vertex 13.9847 42.0153 0
    endloop
  endfacet
  facet normal 0 0 -1
    outer loop
      vertex 13.5318 41.425 0
      vertex 9.7 46.3 0
      vertex 13.7389 41.735 0
    endloop
  endfacet
  facet normal 0 0 -1
    outer loop
      vertex 13.3669 41.0906 0
      vertex 9.7 46.3 0
      vertex 13.5318 41.425 0
    endloop
  endfacet
  facet normal -1 0 0
    outer loop
      vertex 9.7 33.7 0
      vertex 9.7 46.3 5.5
      vertex 9.7 46.3 0
    endloop
  endfacet
  facet normal -1 -0 0
    outer loop
      vertex 9.7 46.3 5.5
      vertex 9.7 33.7 0
      vertex 9.7 33.7 5.5
    endloop
  endfacet
  facet normal 0 1 -0
    outer loop
      vertex 22.3 46.3 0
      vertex 9.7 46.3 5.5
      vertex 22.3 46.3 5.5
    endloop
  endfacet
  facet normal 0 1 0
    outer loop
      vertex 9.7 46.3 5.5
      vertex 22.3 46.3 0
      vertex 9.7 46.3 0
    endloop
  endfacet
  facet normal 0 -1 0
    outer loop
      vertex 9.7 33.7 0
      vertex 22.3 33.7 5.5
      vertex 9.7 33.7 5.5
    endloop
  endfacet
  facet normal 0 -1 -0
    outer loop
      vertex 22.3 33.7 5.5
      vertex 9.7 33.7 0
      vertex 22.3 33.7 0
    endloop
  endfacet
  facet normal -1 0 0
    outer loop
      vertex 21.1 45.1 1.2
      vertex 21.1 42 3
      vertex 21.1 45.1 5.5
    endloop
  endfacet
  facet normal -1 0 0
    outer loop
      vertex 21.1 45.1 1.2
      vertex 21.1 38 3
      vertex 21.1 42 3
    endloop
  endfacet
  facet normal -1 0 0
    outer loop
      vertex 21.1 34.9 1.2
      vertex 21.1 38 3
      vertex 21.1 45.1 1.2
    endloop
  endfacet
  facet normal -1 0 0
    outer loop
      vertex 21.1 34.9 5.5
      vertex 21.1 38 3
      vertex 21.1 34.9 1.2
    endloop
  endfacet
  facet normal -1 0 0
    outer loop
      vertex 21.1 38 3
      vertex 21.1 34.9 5.5
      vertex 21.1 38 5.5
    endloop
  endfacet
  facet normal -1 -0 0
    outer loop
      vertex 21.1 45.1 5.5
      vertex 21.1 42 3
      vertex 21.1 42 5.5
    endloop
  endfacet
  facet normal 0 0 1
    outer loop
      vertex 21.1 45.1 1.2
      vertex 18.85 40 1.2
      vertex 21.1 34.9 1.2
    endloop
  endfacet
  facet normal 0 0 1
    outer loop
      vertex 21.1 45.1 1.2
      vertex 18.8256 40.372 1.2
      vertex 18.85 40 1.2
    endloop
  endfacet
  facet normal 0 0 1
    outer loop
      vertex 21.1 45.1 1.2
      vertex 18.7529 40.7376 1.2
      vertex 18.8256 40.372 1.2
    endloop
  endfacet
  facet normal 0 0 1
    outer loop
      vertex 21.1 45.1 1.2
      vertex 18.6331 41.0906 1.2
      vertex 18.7529 40.7376 1.2
    endloop
  endfacet
  facet normal 0 0 1
    outer loop
      vertex 21.1 45.1 1.2
      vertex 18.4682 41.425 1.2
      vertex 18.6331 41.0906 1.2
    endloop
  endfacet
  facet normal 0 0 1
    outer loop
      vertex 21.1 45.1 1.2
      vertex 18.2611 41.735 1.2
      vertex 18.4682 41.425 1.2
    endloop
  endfacet
  facet normal 0 0 1
    outer loop
      vertex 21.1 45.1 1.2
      vertex 18.0153 42.0153 1.2
      vertex 18.2611 41.735 1.2
    endloop
  endfacet
  facet normal 0 0 1
    outer loop
      vertex 21.1 45.1 1.2
      vertex 17.735 42.2611 1.2
      vertex 18.0153 42.0153 1.2
    endloop
  endfacet
  facet normal 0 0 1
    outer loop
      vertex 21.1 45.1 1.2
      vertex 17.425 42.4682 1.2
      vertex 17.735 42.2611 1.2
    endloop
  endfacet
  facet normal 0 0 1
    outer loop
      vertex 21.1 45.1 1.2
      vertex 17.0906 42.6331 1.2
      vertex 17.425 42.4682 1.2
    endloop
  endfacet
  facet normal 0 0 1
    outer loop
      vertex 21.1 45.1 1.2
      vertex 16.7376 42.7529 1.2
      vertex 17.0906 42.6331 1.2
    endloop
  endfacet
  facet normal 0 0 1
    outer loop
      vertex 21.1 45.1 1.2
      vertex 16.372 42.8256 1.2
      vertex 16.7376 42.7529 1.2
    endloop
  endfacet
  facet normal 0 0 1
    outer loop
      vertex 21.1 45.1 1.2
      vertex 16 42.85 1.2
      vertex 16.372 42.8256 1.2
    endloop
  endfacet
  facet normal -0 0 1
    outer loop
      vertex 10.9 45.1 1.2
      vertex 16 42.85 1.2
      vertex 21.1 45.1 1.2
    endloop
  endfacet
  facet normal 0 0 1
    outer loop
      vertex 16 42.85 1.2
      vertex 10.9 45.1 1.2
      vertex 15.628 42.8256 1.2
    endloop
  endfacet
  facet normal 0 0 1
    outer loop
      vertex 15.628 42.8256 1.2
      vertex 10.9 45.1 1.2
      vertex 15.2624 42.7529 1.2
    endloop
  endfacet
  facet normal 0 0 1
    outer loop
      vertex 13.1744 40.372 1.2
      vertex 10.9 45.1 1.2
      vertex 13.15 40 1.2
    endloop
  endfacet
  facet normal 0 0 1
    outer loop
      vertex 13.2471 40.7376 1.2
      vertex 10.9 45.1 1.2
      vertex 13.1744 40.372 1.2
    endloop
  endfacet
  facet normal 0 0 1
    outer loop
      vertex 13.3669 41.0906 1.2
      vertex 10.9 45.1 1.2
      vertex 13.2471 40.7376 1.2
    endloop
  endfacet
  facet normal 0 0 1
    outer loop
      vertex 13.5318 41.425 1.2
      vertex 10.9 45.1 1.2
      vertex 13.3669 41.0906 1.2
    endloop
  endfacet
  facet normal 0 0 1
    outer loop
      vertex 13.7389 41.735 1.2
      vertex 10.9 45.1 1.2
      vertex 13.5318 41.425 1.2
    endloop
  endfacet
  facet normal 0 0 1
    outer loop
      vertex 13.9847 42.0153 1.2
      vertex 10.9 45.1 1.2
      vertex 13.7389 41.735 1.2
    endloop
  endfacet
  facet normal 0 0 1
    outer loop
      vertex 14.265 42.2611 1.2
      vertex 10.9 45.1 1.2
      vertex 13.9847 42.0153 1.2
    endloop
  endfacet
  facet normal 0 0 1
    outer loop
      vertex 14.575 42.4682 1.2
      vertex 10.9 45.1 1.2
      vertex 14.265 42.2611 1.2
    endloop
  endfacet
  facet normal 0 0 1
    outer loop
      vertex 14.9094 42.6331 1.2
      vertex 10.9 45.1 1.2
      vertex 14.575 42.4682 1.2
    endloop
  endfacet
  facet normal 0 0 1
    outer loop
      vertex 15.2624 42.7529 1.2
      vertex 10.9 45.1 1.2
      vertex 14.9094 42.6331 1.2
    endloop
  endfacet
  facet normal -0 0 1
    outer loop
      vertex 18.8256 39.628 1.2
      vertex 21.1 34.9 1.2
      vertex 18.85 40 1.2
    endloop
  endfacet
  facet normal -0 0 1
    outer loop
      vertex 18.7529 39.2624 1.2
      vertex 21.1 34.9 1.2
      vertex 18.8256 39.628 1.2
    endloop
  endfacet
  facet normal -0 0 1
    outer loop
      vertex 18.6331 38.9094 1.2
      vertex 21.1 34.9 1.2
      vertex 18.7529 39.2624 1.2
    endloop
  endfacet
  facet normal -0 0 1
    outer loop
      vertex 18.4682 38.575 1.2
      vertex 21.1 34.9 1.2
      vertex 18.6331 38.9094 1.2
    endloop
  endfacet
  facet normal -0 0 1
    outer loop
      vertex 18.2611 38.265 1.2
      vertex 21.1 34.9 1.2
      vertex 18.4682 38.575 1.2
    endloop
  endfacet
  facet normal -0 0 1
    outer loop
      vertex 18.0153 37.9847 1.2
      vertex 21.1 34.9 1.2
      vertex 18.2611 38.265 1.2
    endloop
  endfacet
  facet normal -0 0 1
    outer loop
      vertex 17.735 37.7389 1.2
      vertex 21.1 34.9 1.2
      vertex 18.0153 37.9847 1.2
    endloop
  endfacet
  facet normal -0 0 1
    outer loop
      vertex 17.425 37.5318 1.2
      vertex 21.1 34.9 1.2
      vertex 17.735 37.7389 1.2
    endloop
  endfacet
  facet normal -0 0 1
    outer loop
      vertex 17.0906 37.3669 1.2
      vertex 21.1 34.9 1.2
      vertex 17.425 37.5318 1.2
    endloop
  endfacet
  facet normal -0 0 1
    outer loop
      vertex 16.7376 37.2471 1.2
      vertex 21.1 34.9 1.2
      vertex 17.0906 37.3669 1.2
    endloop
  endfacet
  facet normal -0 0 1
    outer loop
      vertex 16.372 37.1744 1.2
      vertex 21.1 34.9 1.2
      vertex 16.7376 37.2471 1.2
    endloop
  endfacet
  facet normal -0 0 1
    outer loop
      vertex 16 37.15 1.2
      vertex 21.1 34.9 1.2
      vertex 16.372 37.1744 1.2
    endloop
  endfacet
  facet normal 0 0 1
    outer loop
      vertex 10.9 34.9 1.2
      vertex 16 37.15 1.2
      vertex 15.628 37.1744 1.2
    endloop
  endfacet
  facet normal 0 0 1
    outer loop
      vertex 10.9 34.9 1.2
      vertex 15.628 37.1744 1.2
      vertex 15.2624 37.2471 1.2
    endloop
  endfacet
  facet normal 0 0 1
    outer loop
      vertex 10.9 34.9 1.2
      vertex 15.2624 37.2471 1.2
      vertex 14.9094 37.3669 1.2
    endloop
  endfacet
  facet normal 0 0 1
    outer loop
      vertex 10.9 34.9 1.2
      vertex 13.15 40 1.2
      vertex 10.9 45.1 1.2
    endloop
  endfacet
  facet normal 0 0 1
    outer loop
      vertex 13.15 40 1.2
      vertex 10.9 34.9 1.2
      vertex 13.1744 39.628 1.2
    endloop
  endfacet
  facet normal 0 0 1
    outer loop
      vertex 13.1744 39.628 1.2
      vertex 10.9 34.9 1.2
      vertex 13.2471 39.2624 1.2
    endloop
  endfacet
  facet normal 0 0 1
    outer loop
      vertex 16 37.15 1.2
      vertex 10.9 34.9 1.2
      vertex 21.1 34.9 1.2
    endloop
  endfacet
  facet normal 0 0 1
    outer loop
      vertex 14.575 37.5318 1.2
      vertex 10.9 34.9 1.2
      vertex 14.9094 37.3669 1.2
    endloop
  endfacet
  facet normal 0 0 1
    outer loop
      vertex 14.265 37.7389 1.2
      vertex 10.9 34.9 1.2
      vertex 14.575 37.5318 1.2
    endloop
  endfacet
  facet normal 0 0 1
    outer loop
      vertex 13.9847 37.9847 1.2
      vertex 10.9 34.9 1.2
      vertex 14.265 37.7389 1.2
    endloop
  endfacet
  facet normal 0 0 1
    outer loop
      vertex 13.7389 38.265 1.2
      vertex 10.9 34.9 1.2
      vertex 13.9847 37.9847 1.2
    endloop
  endfacet
  facet normal 0 0 1
    outer loop
      vertex 13.5318 38.575 1.2
      vertex 10.9 34.9 1.2
      vertex 13.7389 38.265 1.2
    endloop
  endfacet
  facet normal 0 0 1
    outer loop
      vertex 13.3669 38.9094 1.2
      vertex 10.9 34.9 1.2
      vertex 13.5318 38.575 1.2
    endloop
  endfacet
  facet normal 0 0 1
    outer loop
      vertex 13.2471 39.2624 1.2
      vertex 10.9 34.9 1.2
      vertex 13.3669 38.9094 1.2
    endloop
  endfacet
  facet normal 1 -0 0
    outer loop
      vertex 10.9 34.9 5.5
      vertex 10.9 45.1 1.2
      vertex 10.9 45.1 5.5
    endloop
  endfacet
  facet normal 1 0 0
    outer loop
      vertex 10.9 45.1 1.2
      vertex 10.9 34.9 5.5
      vertex 10.9 34.9 1.2
    endloop
  endfacet
  facet normal 0 -1 0
    outer loop
      vertex 10.9 45.1 1.2
      vertex 21.1 45.1 5.5
      vertex 10.9 45.1 5.5
    endloop
  endfacet
  facet normal 0 -1 -0
    outer loop
      vertex 21.1 45.1 5.5
      vertex 10.9 45.1 1.2
      vertex 21.1 45.1 1.2
    endloop
  endfacet
  facet normal 0 1 -0
    outer loop
      vertex 21.1 34.9 1.2
      vertex 10.9 34.9 5.5
      vertex 21.1 34.9 5.5
    endloop
  endfacet
  facet normal 0 1 0
    outer loop
      vertex 10.9 34.9 5.5
      vertex 21.1 34.9 1.2
      vertex 10.9 34.9 1.2
    endloop
  endfacet
  facet normal 0.896881 0.442272 0
    outer loop
      vertex 13.5318 38.575 1.2
      vertex 13.3669 38.9094 0
      vertex 13.3669 38.9094 1.2
    endloop
  endfacet
  facet normal 0.896881 0.442272 0
    outer loop
      vertex 13.3669 38.9094 0
      vertex 13.5318 38.575 1.2
      vertex 13.5318 38.575 0
    endloop
  endfacet
  facet normal -0.442272 0.896881 0
    outer loop
      vertex 17.425 37.5318 0
      vertex 17.0906 37.3669 1.2
      vertex 17.425 37.5318 1.2
    endloop
  endfacet
  facet normal -0.442272 0.896881 0
    outer loop
      vertex 17.0906 37.3669 1.2
      vertex 17.425 37.5318 0
      vertex 17.0906 37.3669 0
    endloop
  endfacet
  facet normal -0.980797 -0.195033 0
    outer loop
      vertex 18.8256 40.372 0
      vertex 18.7529 40.7376 1.2
      vertex 18.7529 40.7376 0
    endloop
  endfacet
  facet normal -0.980797 -0.195033 0
    outer loop
      vertex 18.7529 40.7376 1.2
      vertex 18.8256 40.372 0
      vertex 18.8256 40.372 1.2
    endloop
  endfacet
  facet normal -0.997856 -0.0654508 0
    outer loop
      vertex 18.85 40 0
      vertex 18.8256 40.372 1.2
      vertex 18.8256 40.372 0
    endloop
  endfacet
  facet normal -0.997856 -0.0654508 0
    outer loop
      vertex 18.8256 40.372 1.2
      vertex 18.85 40 0
      vertex 18.85 40 1.2
    endloop
  endfacet
  facet normal -0.946952 -0.321374 0
    outer loop
      vertex 18.7529 40.7376 0
      vertex 18.6331 41.0906 1.2
      vertex 18.6331 41.0906 0
    endloop
  endfacet
  facet normal -0.946952 -0.321374 0
    outer loop
      vertex 18.6331 41.0906 1.2
      vertex 18.7529 40.7376 0
      vertex 18.7529 40.7376 1.2
    endloop
  endfacet
  facet normal -0.751862 0.659321 0
    outer loop
      vertex 18.0153 37.9847 0
      vertex 18.2611 38.265 1.2
      vertex 18.2611 38.265 0
    endloop
  endfacet
  facet normal -0.751862 0.659321 0
    outer loop
      vertex 18.2611 38.265 1.2
      vertex 18.0153 37.9847 0
      vertex 18.0153 37.9847 1.2
    endloop
  endfacet
  facet normal 0.555505 -0.831513 0
    outer loop
      vertex 14.265 42.2611 0
      vertex 14.575 42.4682 1.2
      vertex 14.265 42.2611 1.2
    endloop
  endfacet
  facet normal 0.555505 -0.831513 0
    outer loop
      vertex 14.575 42.4682 1.2
      vertex 14.265 42.2611 0
      vertex 14.575 42.4682 0
    endloop
  endfacet
  facet normal -0.321374 -0.946952 0
    outer loop
      vertex 16.7376 42.7529 0
      vertex 17.0906 42.6331 1.2
      vertex 16.7376 42.7529 1.2
    endloop
  endfacet
  facet normal -0.321374 -0.946952 -0
    outer loop
      vertex 17.0906 42.6331 1.2
      vertex 16.7376 42.7529 0
      vertex 17.0906 42.6331 0
    endloop
  endfacet
  facet normal -0.555505 -0.831513 0
    outer loop
      vertex 17.425 42.4682 0
      vertex 17.735 42.2611 1.2
      vertex 17.425 42.4682 1.2
    endloop
  endfacet
  facet normal -0.555505 -0.831513 -0
    outer loop
      vertex 17.735 42.2611 1.2
      vertex 17.425 42.4682 0
      vertex 17.735 42.2611 0
    endloop
  endfacet
  facet normal -0.321374 0.946952 0
    outer loop
      vertex 17.0906 37.3669 0
      vertex 16.7376 37.2471 1.2
      vertex 17.0906 37.3669 1.2
    endloop
  endfacet
  facet normal -0.321374 0.946952 0
    outer loop
      vertex 16.7376 37.2471 1.2
      vertex 17.0906 37.3669 0
      vertex 16.7376 37.2471 0
    endloop
  endfacet
  facet normal -0.896881 -0.442272 0
    outer loop
      vertex 18.6331 41.0906 0
      vertex 18.4682 41.425 1.2
      vertex 18.4682 41.425 0
    endloop
  endfacet
  facet normal -0.896881 -0.442272 0
    outer loop
      vertex 18.4682 41.425 1.2
      vertex 18.6331 41.0906 0
      vertex 18.6331 41.0906 1.2
    endloop
  endfacet
  facet normal 0.195033 -0.980797 0
    outer loop
      vertex 15.2624 42.7529 0
      vertex 15.628 42.8256 1.2
      vertex 15.2624 42.7529 1.2
    endloop
  endfacet
  facet normal 0.195033 -0.980797 0
    outer loop
      vertex 15.628 42.8256 1.2
      vertex 15.2624 42.7529 0
      vertex 15.628 42.8256 0
    endloop
  endfacet
  facet normal -0.946952 0.321374 0
    outer loop
      vertex 18.6331 38.9094 0
      vertex 18.7529 39.2624 1.2
      vertex 18.7529 39.2624 0
    endloop
  endfacet
  facet normal -0.946952 0.321374 0
    outer loop
      vertex 18.7529 39.2624 1.2
      vertex 18.6331 38.9094 0
      vertex 18.6331 38.9094 1.2
    endloop
  endfacet
  facet normal 0.555505 0.831513 -0
    outer loop
      vertex 14.575 37.5318 0
      vertex 14.265 37.7389 1.2
      vertex 14.575 37.5318 1.2
    endloop
  endfacet
  facet normal 0.555505 0.831513 0
    outer loop
      vertex 14.265 37.7389 1.2
      vertex 14.575 37.5318 0
      vertex 14.265 37.7389 0
    endloop
  endfacet
  facet normal 0.659321 -0.751862 0
    outer loop
      vertex 13.9847 42.0153 0
      vertex 14.265 42.2611 1.2
      vertex 13.9847 42.0153 1.2
    endloop
  endfacet
  facet normal 0.659321 -0.751862 0
    outer loop
      vertex 14.265 42.2611 1.2
      vertex 13.9847 42.0153 0
      vertex 14.265 42.2611 0
    endloop
  endfacet
  facet normal 0.980797 -0.195033 0
    outer loop
      vertex 13.1744 40.372 1.2
      vertex 13.2471 40.7376 0
      vertex 13.2471 40.7376 1.2
    endloop
  endfacet
  facet normal 0.980797 -0.195033 0
    outer loop
      vertex 13.2471 40.7376 0
      vertex 13.1744 40.372 1.2
      vertex 13.1744 40.372 0
    endloop
  endfacet
  facet normal 0.321374 -0.946952 0
    outer loop
      vertex 14.9094 42.6331 0
      vertex 15.2624 42.7529 1.2
      vertex 14.9094 42.6331 1.2
    endloop
  endfacet
  facet normal 0.321374 -0.946952 0
    outer loop
      vertex 15.2624 42.7529 1.2
      vertex 14.9094 42.6331 0
      vertex 15.2624 42.7529 0
    endloop
  endfacet
  facet normal -0.659321 0.751862 0
    outer loop
      vertex 18.0153 37.9847 0
      vertex 17.735 37.7389 1.2
      vertex 18.0153 37.9847 1.2
    endloop
  endfacet
  facet normal -0.659321 0.751862 0
    outer loop
      vertex 17.735 37.7389 1.2
      vertex 18.0153 37.9847 0
      vertex 17.735 37.7389 0
    endloop
  endfacet
  facet normal 0.946952 0.321374 0
    outer loop
      vertex 13.3669 38.9094 1.2
      vertex 13.2471 39.2624 0
      vertex 13.2471 39.2624 1.2
    endloop
  endfacet
  facet normal 0.946952 0.321374 0
    outer loop
      vertex 13.2471 39.2624 0
      vertex 13.3669 38.9094 1.2
      vertex 13.3669 38.9094 0
    endloop
  endfacet
  facet normal -0.831513 -0.555505 0
    outer loop
      vertex 18.4682 41.425 0
      vertex 18.2611 41.735 1.2
      vertex 18.2611 41.735 0
    endloop
  endfacet
  facet normal -0.831513 -0.555505 0
    outer loop
      vertex 18.2611 41.735 1.2
      vertex 18.4682 41.425 0
      vertex 18.4682 41.425 1.2
    endloop
  endfacet
  facet normal -0.195033 0.980797 0
    outer loop
      vertex 16.7376 37.2471 0
      vertex 16.372 37.1744 1.2
      vertex 16.7376 37.2471 1.2
    endloop
  endfacet
  facet normal -0.195033 0.980797 0
    outer loop
      vertex 16.372 37.1744 1.2
      vertex 16.7376 37.2471 0
      vertex 16.372 37.1744 0
    endloop
  endfacet
  facet normal 0.980797 0.195033 0
    outer loop
      vertex 13.2471 39.2624 1.2
      vertex 13.1744 39.628 0
      vertex 13.1744 39.628 1.2
    endloop
  endfacet
  facet normal 0.980797 0.195033 0
    outer loop
      vertex 13.1744 39.628 0
      vertex 13.2471 39.2624 1.2
      vertex 13.2471 39.2624 0
    endloop
  endfacet
  facet normal -0.659321 -0.751862 0
    outer loop
      vertex 17.735 42.2611 0
      vertex 18.0153 42.0153 1.2
      vertex 17.735 42.2611 1.2
    endloop
  endfacet
  facet normal -0.659321 -0.751862 -0
    outer loop
      vertex 18.0153 42.0153 1.2
      vertex 17.735 42.2611 0
      vertex 18.0153 42.0153 0
    endloop
  endfacet
  facet normal -0.997856 0.0654508 0
    outer loop
      vertex 18.8256 39.628 0
      vertex 18.85 40 1.2
      vertex 18.85 40 0
    endloop
  endfacet
  facet normal -0.997856 0.0654508 0
    outer loop
      vertex 18.85 40 1.2
      vertex 18.8256 39.628 0
      vertex 18.8256 39.628 1.2
    endloop
  endfacet
  facet normal -0.980797 0.195033 0
    outer loop
      vertex 18.7529 39.2624 0
      vertex 18.8256 39.628 1.2
      vertex 18.8256 39.628 0
    endloop
  endfacet
  facet normal -0.980797 0.195033 0
    outer loop
      vertex 18.8256 39.628 1.2
      vertex 18.7529 39.2624 0
      vertex 18.7529 39.2624 1.2
    endloop
  endfacet
  facet normal -0.555505 0.831513 0
    outer loop
      vertex 17.735 37.7389 0
      vertex 17.425 37.5318 1.2
      vertex 17.735 37.7389 1.2
    endloop
  endfacet
  facet normal -0.555505 0.831513 0
    outer loop
      vertex 17.425 37.5318 1.2
      vertex 17.735 37.7389 0
      vertex 17.425 37.5318 0
    endloop
  endfacet
  facet normal -0.195033 -0.980797 0
    outer loop
      vertex 16.372 42.8256 0
      vertex 16.7376 42.7529 1.2
      vertex 16.372 42.8256 1.2
    endloop
  endfacet
  facet normal -0.195033 -0.980797 -0
    outer loop
      vertex 16.7376 42.7529 1.2
      vertex 16.372 42.8256 0
      vertex 16.7376 42.7529 0
    endloop
  endfacet
  facet normal -0.751862 -0.659321 0
    outer loop
      vertex 18.2611 41.735 0
      vertex 18.0153 42.0153 1.2
      vertex 18.0153 42.0153 0
    endloop
  endfacet
  facet normal -0.751862 -0.659321 0
    outer loop
      vertex 18.0153 42.0153 1.2
      vertex 18.2611 41.735 0
      vertex 18.2611 41.735 1.2
    endloop
  endfacet
  facet normal -0.0654508 -0.997856 0
    outer loop
      vertex 16 42.85 0
      vertex 16.372 42.8256 1.2
      vertex 16 42.85 1.2
    endloop
  endfacet
  facet normal -0.0654508 -0.997856 -0
    outer loop
      vertex 16.372 42.8256 1.2
      vertex 16 42.85 0
      vertex 16.372 42.8256 0
    endloop
  endfacet
  facet normal 0.946952 -0.321374 0
    outer loop
      vertex 13.2471 40.7376 1.2
      vertex 13.3669 41.0906 0
      vertex 13.3669 41.0906 1.2
    endloop
  endfacet
  facet normal 0.946952 -0.321374 0
    outer loop
      vertex 13.3669 41.0906 0
      vertex 13.2471 40.7376 1.2
      vertex 13.2471 40.7376 0
    endloop
  endfacet
  facet normal 0.0654508 0.997856 -0
    outer loop
      vertex 16 37.15 0
      vertex 15.628 37.1744 1.2
      vertex 16 37.15 1.2
    endloop
  endfacet
  facet normal 0.0654508 0.997856 0
    outer loop
      vertex 15.628 37.1744 1.2
      vertex 16 37.15 0
      vertex 15.628 37.1744 0
    endloop
  endfacet
  facet normal -0.442272 -0.896881 0
    outer loop
      vertex 17.0906 42.6331 0
      vertex 17.425 42.4682 1.2
      vertex 17.0906 42.6331 1.2
    endloop
  endfacet
  facet normal -0.442272 -0.896881 -0
    outer loop
      vertex 17.425 42.4682 1.2
      vertex 17.0906 42.6331 0
      vertex 17.425 42.4682 0
    endloop
  endfacet
  facet normal 0.997856 0.0654508 0
    outer loop
      vertex 13.1744 39.628 1.2
      vertex 13.15 40 0
      vertex 13.15 40 1.2
    endloop
  endfacet
  facet normal 0.997856 0.0654508 0
    outer loop
      vertex 13.15 40 0
      vertex 13.1744 39.628 1.2
      vertex 13.1744 39.628 0
    endloop
  endfacet
  facet normal 0.659321 0.751862 -0
    outer loop
      vertex 14.265 37.7389 0
      vertex 13.9847 37.9847 1.2
      vertex 14.265 37.7389 1.2
    endloop
  endfacet
  facet normal 0.659321 0.751862 0
    outer loop
      vertex 13.9847 37.9847 1.2
      vertex 14.265 37.7389 0
      vertex 13.9847 37.9847 0
    endloop
  endfacet
  facet normal -0.831513 0.555505 0
    outer loop
      vertex 18.2611 38.265 0
      vertex 18.4682 38.575 1.2
      vertex 18.4682 38.575 0
    endloop
  endfacet
  facet normal -0.831513 0.555505 0
    outer loop
      vertex 18.4682 38.575 1.2
      vertex 18.2611 38.265 0
      vertex 18.2611 38.265 1.2
    endloop
  endfacet
  facet normal 0.751862 0.659321 0
    outer loop
      vertex 13.9847 37.9847 1.2
      vertex 13.7389 38.265 0
      vertex 13.7389 38.265 1.2
    endloop
  endfacet
  facet normal 0.751862 0.659321 0
    outer loop
      vertex 13.7389 38.265 0
      vertex 13.9847 37.9847 1.2
      vertex 13.9847 37.9847 0
    endloop
  endfacet
  facet normal 0.997856 -0.0654508 0
    outer loop
      vertex 13.15 40 1.2
      vertex 13.1744 40.372 0
      vertex 13.1744 40.372 1.2
    endloop
  endfacet
  facet normal 0.997856 -0.0654508 0
    outer loop
      vertex 13.1744 40.372 0
      vertex 13.15 40 1.2
      vertex 13.15 40 0
    endloop
  endfacet
  facet normal 0.195033 0.980797 -0
    outer loop
      vertex 15.628 37.1744 0
      vertex 15.2624 37.2471 1.2
      vertex 15.628 37.1744 1.2
    endloop
  endfacet
  facet normal 0.195033 0.980797 0
    outer loop
      vertex 15.2624 37.2471 1.2
      vertex 15.628 37.1744 0
      vertex 15.2624 37.2471 0
    endloop
  endfacet
  facet normal -0.0654508 0.997856 0
    outer loop
      vertex 16.372 37.1744 0
      vertex 16 37.15 1.2
      vertex 16.372 37.1744 1.2
    endloop
  endfacet
  facet normal -0.0654508 0.997856 0
    outer loop
      vertex 16 37.15 1.2
      vertex 16.372 37.1744 0
      vertex 16 37.15 0
    endloop
  endfacet
  facet normal 0.442272 -0.896881 0
    outer loop
      vertex 14.575 42.4682 0
      vertex 14.9094 42.6331 1.2
      vertex 14.575 42.4682 1.2
    endloop
  endfacet
  facet normal 0.442272 -0.896881 0
    outer loop
      vertex 14.9094 42.6331 1.2
      vertex 14.575 42.4682 0
      vertex 14.9094 42.6331 0
    endloop
  endfacet
  facet normal 0.321374 0.946952 -0
    outer loop
      vertex 15.2624 37.2471 0
      vertex 14.9094 37.3669 1.2
      vertex 15.2624 37.2471 1.2
    endloop
  endfacet
  facet normal 0.321374 0.946952 0
    outer loop
      vertex 14.9094 37.3669 1.2
      vertex 15.2624 37.2471 0
      vertex 14.9094 37.3669 0
    endloop
  endfacet
  facet normal 0.751862 -0.659321 0
    outer loop
      vertex 13.7389 41.735 1.2
      vertex 13.9847 42.0153 0
      vertex 13.9847 42.0153 1.2
    endloop
  endfacet
  facet normal 0.751862 -0.659321 0
    outer loop
      vertex 13.9847 42.0153 0
      vertex 13.7389 41.735 1.2
      vertex 13.7389 41.735 0
    endloop
  endfacet
  facet normal 0.831513 0.555505 0
    outer loop
      vertex 13.7389 38.265 1.2
      vertex 13.5318 38.575 0
      vertex 13.5318 38.575 1.2
    endloop
  endfacet
  facet normal 0.831513 0.555505 0
    outer loop
      vertex 13.5318 38.575 0
      vertex 13.7389 38.265 1.2
      vertex 13.7389 38.265 0
    endloop
  endfacet
  facet normal 0.0654508 -0.997856 0
    outer loop
      vertex 15.628 42.8256 0
      vertex 16 42.85 1.2
      vertex 15.628 42.8256 1.2
    endloop
  endfacet
  facet normal 0.0654508 -0.997856 0
    outer loop
      vertex 16 42.85 1.2
      vertex 15.628 42.8256 0
      vertex 16 42.85 0
    endloop
  endfacet
  facet normal 0.442272 0.896881 -0
    outer loop
      vertex 14.9094 37.3669 0
      vertex 14.575 37.5318 1.2
      vertex 14.9094 37.3669 1.2
    endloop
  endfacet
  facet normal 0.442272 0.896881 0
    outer loop
      vertex 14.575 37.5318 1.2
      vertex 14.9094 37.3669 0
      vertex 14.575 37.5318 0
    endloop
  endfacet
  facet normal -0.896881 0.442272 0
    outer loop
      vertex 18.4682 38.575 0
      vertex 18.6331 38.9094 1.2
      vertex 18.6331 38.9094 0
    endloop
  endfacet
  facet normal -0.896881 0.442272 0
    outer loop
      vertex 18.6331 38.9094 1.2
      vertex 18.4682 38.575 0
      vertex 18.4682 38.575 1.2
    endloop
  endfacet
  facet normal 0.896881 -0.442272 0
    outer loop
      vertex 13.3669 41.0906 1.2
      vertex 13.5318 41.425 0
      vertex 13.5318 41.425 1.2
    endloop
  endfacet
  facet normal 0.896881 -0.442272 0
    outer loop
      vertex 13.5318 41.425 0
      vertex 13.3669 41.0906 1.2
      vertex 13.3669 41.0906 0
    endloop
  endfacet
  facet normal 0.831513 -0.555505 0
    outer loop
      vertex 13.5318 41.425 1.2
      vertex 13.7389 41.735 0
      vertex 13.7389 41.735 1.2
    endloop
  endfacet
  facet normal 0.831513 -0.555505 0
    outer loop
      vertex 13.7389 41.735 0
      vertex 13.5318 41.425 1.2
      vertex 13.5318 41.425 0
    endloop
  endfacet
  facet normal -0 0 1
    outer loop
      vertex 21.1 42 3
      vertex 22.3 38 3
      vertex 22.3 42 3
    endloop
  endfacet
  facet normal 0 0 1
    outer loop
      vertex 22.3 38 3
      vertex 21.1 42 3
      vertex 21.1 38 3
    endloop
  endfacet
  facet normal 0 -1 0
    outer loop
      vertex 21.1 42 3
      vertex 22.3 42 5.5
      vertex 21.1 42 5.5
    endloop
  endfacet
  facet normal 0 -1 -0
    outer loop
      vertex 22.3 42 5.5
      vertex 21.1 42 3
      vertex 22.3 42 3
    endloop
  endfacet
  facet normal 0 1 -0
    outer loop
      vertex 22.3 38 3
      vertex 21.1 38 5.5
      vertex 22.3 38 5.5
    endloop
  endfacet
  facet normal 0 1 0
    outer loop
      vertex 21.1 38 5.5
      vertex 22.3 38 3
      vertex 21.1 38 3
    endloop
  endfacet
  facet normal 1 0 0
    outer loop
      vertex 38.3 38 5.5
      vertex 38.3 33.7 5.5
      vertex 38.3 38 3
    endloop
  endfacet
  facet normal 1 0 0
    outer loop
      vertex 38.3 42 3
      vertex 38.3 46.3 5.5
      vertex 38.3 42 5.5
    endloop
  endfacet
  facet normal 1 0 0
    outer loop
      vertex 38.3 46.3 5.5
      vertex 38.3 42 3
      vertex 38.3 46.3 0
    endloop
  endfacet
  facet normal 1 -0 0
    outer loop
      vertex 38.3 38 3
      vertex 38.3 46.3 0
      vertex 38.3 42 3
    endloop
  endfacet
  facet normal 1 0 0
    outer loop
      vertex 38.3 38 3
      vertex 38.3 33.7 0
      vertex 38.3 46.3 0
    endloop
  endfacet
  facet normal 1 0 0
    outer loop
      vertex 38.3 33.7 0
      vertex 38.3 38 3
      vertex 38.3 33.7 5.5
    endloop
  endfacet
  facet normal 0 0 1
    outer loop
      vertex 38.3 46.3 5.5
      vertex 37.1 45.1 5.5
      vertex 38.3 42 5.5
    endloop
  endfacet
  facet normal 0 0 1
    outer loop
      vertex 38.3 46.3 5.5
      vertex 26.9 45.1 5.5
      vertex 37.1 45.1 5.5
    endloop
  endfacet
  facet normal 0 0 1
    outer loop
      vertex 26.9 45.1 5.5
      vertex 25.7 46.3 5.5
      vertex 26.9 34.9 5.5
    endloop
  endfacet
  facet normal -0 0 1
    outer loop
      vertex 25.7 46.3 5.5
      vertex 26.9 45.1 5.5
      vertex 38.3 46.3 5.5
    endloop
  endfacet
  facet normal 0 0 1
    outer loop
      vertex 38.3 42 5.5
      vertex 37.1 45.1 5.5
      vertex 37.1 42 5.5
    endloop
  endfacet
  facet normal 0 0 1
    outer loop
      vertex 37.1 34.9 5.5
      vertex 38.3 38 5.5
      vertex 37.1 38 5.5
    endloop
  endfacet
  facet normal 0 0 1
    outer loop
      vertex 38.3 38 5.5
      vertex 37.1 34.9 5.5
      vertex 38.3 33.7 5.5
    endloop
  endfacet
  facet normal -0 0 1
    outer loop
      vertex 26.9 34.9 5.5
      vertex 38.3 33.7 5.5
      vertex 37.1 34.9 5.5
    endloop
  endfacet
  facet normal 0 0 1
    outer loop
      vertex 26.9 34.9 5.5
      vertex 25.7 33.7 5.5
      vertex 38.3 33.7 5.5
    endloop
  endfacet
  facet normal 0 0 1
    outer loop
      vertex 25.7 33.7 5.5
      vertex 26.9 34.9 5.5
      vertex 25.7 46.3 5.5
    endloop
  endfacet
  facet normal 0 0 -1
    outer loop
      vertex 38.3 33.7 0
      vertex 34.85 40 0
      vertex 38.3 46.3 0
    endloop
  endfacet
  facet normal 0 0 -1
    outer loop
      vertex 38.3 33.7 0
      vertex 34.8256 39.628 0
      vertex 34.85 40 0
    endloop
  endfacet
  facet normal 0 0 -1
    outer loop
      vertex 38.3 33.7 0
      vertex 34.7529 39.2624 0
      vertex 34.8256 39.628 0
    endloop
  endfacet
  facet normal 0 0 -1
    outer loop
      vertex 38.3 33.7 0
      vertex 34.6331 38.9094 0
      vertex 34.7529 39.2624 0
    endloop
  endfacet
  facet normal 0 0 -1
    outer loop
      vertex 38.3 33.7 0
      vertex 34.4682 38.575 0
      vertex 34.6331 38.9094 0
    endloop
  endfacet
  facet normal 0 0 -1
    outer loop
      vertex 38.3 33.7 0
      vertex 34.2611 38.265 0
      vertex 34.4682 38.575 0
    endloop
  endfacet
  facet normal 0 0 -1
    outer loop
      vertex 38.3 33.7 0
      vertex 34.0153 37.9847 0
      vertex 34.2611 38.265 0
    endloop
  endfacet
  facet normal 0 0 -1
    outer loop
      vertex 38.3 33.7 0
      vertex 33.735 37.7389 0
      vertex 34.0153 37.9847 0
    endloop
  endfacet
  facet normal 0 0 -1
    outer loop
      vertex 38.3 33.7 0
      vertex 33.425 37.5318 0
      vertex 33.735 37.7389 0
    endloop
  endfacet
  facet normal 0 0 -1
    outer loop
      vertex 38.3 33.7 0
      vertex 33.0906 37.3669 0
      vertex 33.425 37.5318 0
    endloop
  endfacet
  facet normal 0 0 -1
    outer loop
      vertex 38.3 33.7 0
      vertex 32.7376 37.2471 0
      vertex 33.0906 37.3669 0
    endloop
  endfacet
  facet normal 0 0 -1
    outer loop
      vertex 38.3 33.7 0
      vertex 32.372 37.1744 0
      vertex 32.7376 37.2471 0
    endloop
  endfacet
  facet normal 0 0 -1
    outer loop
      vertex 38.3 33.7 0
      vertex 32 37.15 0
      vertex 32.372 37.1744 0
    endloop
  endfacet
  facet normal 0 0 -1
    outer loop
      vertex 25.7 33.7 0
      vertex 32 37.15 0
      vertex 38.3 33.7 0
    endloop
  endfacet
  facet normal -0 0 -1
    outer loop
      vertex 32 37.15 0
      vertex 25.7 33.7 0
      vertex 31.628 37.1744 0
    endloop
  endfacet
  facet normal -0 0 -1
    outer loop
      vertex 31.628 37.1744 0
      vertex 25.7 33.7 0
      vertex 31.2624 37.2471 0
    endloop
  endfacet
  facet normal -0 0 -1
    outer loop
      vertex 31.2624 37.2471 0
      vertex 25.7 33.7 0
      vertex 30.9094 37.3669 0
    endloop
  endfacet
  facet normal -0 0 -1
    outer loop
      vertex 29.1744 39.628 0
      vertex 25.7 33.7 0
      vertex 29.15 40 0
    endloop
  endfacet
  facet normal -0 0 -1
    outer loop
      vertex 29.2471 39.2624 0
      vertex 25.7 33.7 0
      vertex 29.1744 39.628 0
    endloop
  endfacet
  facet normal -0 0 -1
    outer loop
      vertex 29.3669 38.9094 0
      vertex 25.7 33.7 0
      vertex 29.2471 39.2624 0
    endloop
  endfacet
  facet normal -0 0 -1
    outer loop
      vertex 29.5318 38.575 0
      vertex 25.7 33.7 0
      vertex 29.3669 38.9094 0
    endloop
  endfacet
  facet normal -0 0 -1
    outer loop
      vertex 29.7389 38.265 0
      vertex 25.7 33.7 0
      vertex 29.5318 38.575 0
    endloop
  endfacet
  facet normal -0 0 -1
    outer loop
      vertex 29.9847 37.9847 0
      vertex 25.7 33.7 0
      vertex 29.7389 38.265 0
    endloop
  endfacet
  facet normal -0 0 -1
    outer loop
      vertex 30.265 37.7389 0
      vertex 25.7 33.7 0
      vertex 29.9847 37.9847 0
    endloop
  endfacet
  facet normal -0 0 -1
    outer loop
      vertex 30.575 37.5318 0
      vertex 25.7 33.7 0
      vertex 30.265 37.7389 0
    endloop
  endfacet
  facet normal -0 0 -1
    outer loop
      vertex 30.9094 37.3669 0
      vertex 25.7 33.7 0
      vertex 30.575 37.5318 0
    endloop
  endfacet
  facet normal 0 0 -1
    outer loop
      vertex 34.8256 40.372 0
      vertex 38.3 46.3 0
      vertex 34.85 40 0
    endloop
  endfacet
  facet normal 0 0 -1
    outer loop
      vertex 34.7529 40.7376 0
      vertex 38.3 46.3 0
      vertex 34.8256 40.372 0
    endloop
  endfacet
  facet normal 0 0 -1
    outer loop
      vertex 34.6331 41.0906 0
      vertex 38.3 46.3 0
      vertex 34.7529 40.7376 0
    endloop
  endfacet
  facet normal 0 0 -1
    outer loop
      vertex 34.4682 41.425 0
      vertex 38.3 46.3 0
      vertex 34.6331 41.0906 0
    endloop
  endfacet
  facet normal 0 0 -1
    outer loop
      vertex 34.2611 41.735 0
      vertex 38.3 46.3 0
      vertex 34.4682 41.425 0
    endloop
  endfacet
  facet normal 0 0 -1
    outer loop
      vertex 34.0153 42.0153 0
      vertex 38.3 46.3 0
      vertex 34.2611 41.735 0
    endloop
  endfacet
  facet normal 0 0 -1
    outer loop
      vertex 33.735 42.2611 0
      vertex 38.3 46.3 0
      vertex 34.0153 42.0153 0
    endloop
  endfacet
  facet normal 0 0 -1
    outer loop
      vertex 33.425 42.4682 0
      vertex 38.3 46.3 0
      vertex 33.735 42.2611 0
    endloop
  endfacet
  facet normal 0 0 -1
    outer loop
      vertex 33.0906 42.6331 0
      vertex 38.3 46.3 0
      vertex 33.425 42.4682 0
    endloop
  endfacet
  facet normal 0 0 -1
    outer loop
      vertex 32.7376 42.7529 0
      vertex 38.3 46.3 0
      vertex 33.0906 42.6331 0
    endloop
  endfacet
  facet normal 0 0 -1
    outer loop
      vertex 32.372 42.8256 0
      vertex 38.3 46.3 0
      vertex 32.7376 42.7529 0
    endloop
  endfacet
  facet normal 0 0 -1
    outer loop
      vertex 32 42.85 0
      vertex 38.3 46.3 0
      vertex 32.372 42.8256 0
    endloop
  endfacet
  facet normal 0 0 -1
    outer loop
      vertex 25.7 46.3 0
      vertex 32 42.85 0
      vertex 31.628 42.8256 0
    endloop
  endfacet
  facet normal 0 0 -1
    outer loop
      vertex 25.7 46.3 0
      vertex 31.628 42.8256 0
      vertex 31.2624 42.7529 0
    endloop
  endfacet
  facet normal 0 0 -1
    outer loop
      vertex 25.7 46.3 0
      vertex 31.2624 42.7529 0
      vertex 30.9094 42.6331 0
    endloop
  endfacet
  facet normal 0 0 -1
    outer loop
      vertex 25.7 46.3 0
      vertex 30.9094 42.6331 0
      vertex 30.575 42.4682 0
    endloop
  endfacet
  facet normal 0 0 -1
    outer loop
      vertex 25.7 46.3 0
      vertex 29.15 40 0
      vertex 25.7 33.7 0
    endloop
  endfacet
  facet normal 0 0 -1
    outer loop
      vertex 29.15 40 0
      vertex 25.7 46.3 0
      vertex 29.1744 40.372 0
    endloop
  endfacet
  facet normal 0 0 -1
    outer loop
      vertex 29.1744 40.372 0
      vertex 25.7 46.3 0
      vertex 29.2471 40.7376 0
    endloop
  endfacet
  facet normal 0 0 -1
    outer loop
      vertex 29.2471 40.7376 0
      vertex 25.7 46.3 0
      vertex 29.3669 41.0906 0
    endloop
  endfacet
  facet normal 0 0 -1
    outer loop
      vertex 32 42.85 0
      vertex 25.7 46.3 0
      vertex 38.3 46.3 0
    endloop
  endfacet
  facet normal 0 0 -1
    outer loop
      vertex 30.265 42.2611 0
      vertex 25.7 46.3 0
      vertex 30.575 42.4682 0
    endloop
  endfacet
  facet normal 0 0 -1
    outer loop
      vertex 29.9847 42.0153 0
      vertex 25.7 46.3 0
      vertex 30.265 42.2611 0
    endloop
  endfacet
  facet normal 0 0 -1
    outer loop
      vertex 29.7389 41.735 0
      vertex 25.7 46.3 0
      vertex 29.9847 42.0153 0
    endloop
  endfacet
  facet normal 0 0 -1
    outer loop
      vertex 29.5318 41.425 0
      vertex 25.7 46.3 0
      vertex 29.7389 41.735 0
    endloop
  endfacet
  facet normal 0 0 -1
    outer loop
      vertex 29.3669 41.0906 0
      vertex 25.7 46.3 0
      vertex 29.5318 41.425 0
    endloop
  endfacet
  facet normal -1 0 0
    outer loop
      vertex 25.7 33.7 0
      vertex 25.7 46.3 5.5
      vertex 25.7 46.3 0
    endloop
  endfacet
  facet normal -1 -0 0
    outer loop
      vertex 25.7 46.3 5.5
      vertex 25.7 33.7 0
      vertex 25.7 33.7 5.5
    endloop
  endfacet
  facet normal 0 1 -0
    outer loop
      vertex 38.3 46.3 0
      vertex 25.7 46.3 5.5
      vertex 38.3 46.3 5.5
    endloop
  endfacet
  facet normal 0 1 0
    outer loop
      vertex 25.7 46.3 5.5
      vertex 38.3 46.3 0
      vertex 25.7 46.3 0
    endloop
  endfacet
  facet normal 0 -1 0
    outer loop
      vertex 25.7 33.7 0
      vertex 38.3 33.7 5.5
      vertex 25.7 33.7 5.5
    endloop
  endfacet
  facet normal 0 -1 -0
    outer loop
      vertex 38.3 33.7 5.5
      vertex 25.7 33.7 0
      vertex 38.3 33.7 0
    endloop
  endfacet
  facet normal -1 0 0
    outer loop
      vertex 37.1 45.1 1.2
      vertex 37.1 42 3
      vertex 37.1 45.1 5.5
    endloop
  endfacet
  facet normal -1 0 0
    outer loop
      vertex 37.1 45.1 1.2
      vertex 37.1 38 3
      vertex 37.1 42 3
    endloop
  endfacet
  facet normal -1 0 0
    outer loop
      vertex 37.1 34.9 1.2
      vertex 37.1 38 3
      vertex 37.1 45.1 1.2
    endloop
  endfacet
  facet normal -1 0 0
    outer loop
      vertex 37.1 34.9 5.5
      vertex 37.1 38 3
      vertex 37.1 34.9 1.2
    endloop
  endfacet
  facet normal -1 0 0
    outer loop
      vertex 37.1 38 3
      vertex 37.1 34.9 5.5
      vertex 37.1 38 5.5
    endloop
  endfacet
  facet normal -1 -0 0
    outer loop
      vertex 37.1 45.1 5.5
      vertex 37.1 42 3
      vertex 37.1 42 5.5
    endloop
  endfacet
  facet normal 0 0 1
    outer loop
      vertex 37.1 45.1 1.2
      vertex 34.85 40 1.2
      vertex 37.1 34.9 1.2
    endloop
  endfacet
  facet normal 0 0 1
    outer loop
      vertex 37.1 45.1 1.2
      vertex 34.8256 40.372 1.2
      vertex 34.85 40 1.2
    endloop
  endfacet
  facet normal 0 0 1
    outer loop
      vertex 37.1 45.1 1.2
      vertex 34.7529 40.7376 1.2
      vertex 34.8256 40.372 1.2
    endloop
  endfacet
  facet normal 0 0 1
    outer loop
      vertex 37.1 45.1 1.2
      vertex 34.6331 41.0906 1.2
      vertex 34.7529 40.7376 1.2
    endloop
  endfacet
  facet normal 0 0 1
    outer loop
      vertex 37.1 45.1 1.2
      vertex 34.4682 41.425 1.2
      vertex 34.6331 41.0906 1.2
    endloop
  endfacet
  facet normal 0 0 1
    outer loop
      vertex 37.1 45.1 1.2
      vertex 34.2611 41.735 1.2
      vertex 34.4682 41.425 1.2
    endloop
  endfacet
  facet normal 0 0 1
    outer loop
      vertex 37.1 45.1 1.2
      vertex 34.0153 42.0153 1.2
      vertex 34.2611 41.735 1.2
    endloop
  endfacet
  facet normal 0 0 1
    outer loop
      vertex 37.1 45.1 1.2
      vertex 33.735 42.2611 1.2
      vertex 34.0153 42.0153 1.2
    endloop
  endfacet
  facet normal 0 0 1
    outer loop
      vertex 37.1 45.1 1.2
      vertex 33.425 42.4682 1.2
      vertex 33.735 42.2611 1.2
    endloop
  endfacet
  facet normal 0 0 1
    outer loop
      vertex 37.1 45.1 1.2
      vertex 33.0906 42.6331 1.2
      vertex 33.425 42.4682 1.2
    endloop
  endfacet
  facet normal 0 0 1
    outer loop
      vertex 37.1 45.1 1.2
      vertex 32.7376 42.7529 1.2
      vertex 33.0906 42.6331 1.2
    endloop
  endfacet
  facet normal 0 0 1
    outer loop
      vertex 37.1 45.1 1.2
      vertex 32.372 42.8256 1.2
      vertex 32.7376 42.7529 1.2
    endloop
  endfacet
  facet normal 0 0 1
    outer loop
      vertex 37.1 45.1 1.2
      vertex 32 42.85 1.2
      vertex 32.372 42.8256 1.2
    endloop
  endfacet
  facet normal -0 0 1
    outer loop
      vertex 26.9 45.1 1.2
      vertex 32 42.85 1.2
      vertex 37.1 45.1 1.2
    endloop
  endfacet
  facet normal 0 0 1
    outer loop
      vertex 32 42.85 1.2
      vertex 26.9 45.1 1.2
      vertex 31.628 42.8256 1.2
    endloop
  endfacet
  facet normal 0 0 1
    outer loop
      vertex 31.628 42.8256 1.2
      vertex 26.9 45.1 1.2
      vertex 31.2624 42.7529 1.2
    endloop
  endfacet
  facet normal 0 0 1
    outer loop
      vertex 29.1744 40.372 1.2
      vertex 26.9 45.1 1.2
      vertex 29.15 40 1.2
    endloop
  endfacet
  facet normal 0 0 1
    outer loop
      vertex 29.2471 40.7376 1.2
      vertex 26.9 45.1 1.2
      vertex 29.1744 40.372 1.2
    endloop
  endfacet
  facet normal 0 0 1
    outer loop
      vertex 29.3669 41.0906 1.2
      vertex 26.9 45.1 1.2
      vertex 29.2471 40.7376 1.2
    endloop
  endfacet
  facet normal 0 0 1
    outer loop
      vertex 29.5318 41.425 1.2
      vertex 26.9 45.1 1.2
      vertex 29.3669 41.0906 1.2
    endloop
  endfacet
  facet normal 0 0 1
    outer loop
      vertex 29.7389 41.735 1.2
      vertex 26.9 45.1 1.2
      vertex 29.5318 41.425 1.2
    endloop
  endfacet
  facet normal 0 0 1
    outer loop
      vertex 29.9847 42.0153 1.2
      vertex 26.9 45.1 1.2
      vertex 29.7389 41.735 1.2
    endloop
  endfacet
  facet normal 0 0 1
    outer loop
      vertex 30.265 42.2611 1.2
      vertex 26.9 45.1 1.2
      vertex 29.9847 42.0153 1.2
    endloop
  endfacet
  facet normal 0 0 1
    outer loop
      vertex 30.575 42.4682 1.2
      vertex 26.9 45.1 1.2
      vertex 30.265 42.2611 1.2
    endloop
  endfacet
  facet normal 0 0 1
    outer loop
      vertex 30.9094 42.6331 1.2
      vertex 26.9 45.1 1.2
      vertex 30.575 42.4682 1.2
    endloop
  endfacet
  facet normal 0 0 1
    outer loop
      vertex 31.2624 42.7529 1.2
      vertex 26.9 45.1 1.2
      vertex 30.9094 42.6331 1.2
    endloop
  endfacet
  facet normal -0 0 1
    outer loop
      vertex 34.8256 39.628 1.2
      vertex 37.1 34.9 1.2
      vertex 34.85 40 1.2
    endloop
  endfacet
  facet normal -0 0 1
    outer loop
      vertex 34.7529 39.2624 1.2
      vertex 37.1 34.9 1.2
      vertex 34.8256 39.628 1.2
    endloop
  endfacet
  facet normal -0 0 1
    outer loop
      vertex 34.6331 38.9094 1.2
      vertex 37.1 34.9 1.2
      vertex 34.7529 39.2624 1.2
    endloop
  endfacet
  facet normal -0 0 1
    outer loop
      vertex 34.4682 38.575 1.2
      vertex 37.1 34.9 1.2
      vertex 34.6331 38.9094 1.2
    endloop
  endfacet
  facet normal -0 0 1
    outer loop
      vertex 34.2611 38.265 1.2
      vertex 37.1 34.9 1.2
      vertex 34.4682 38.575 1.2
    endloop
  endfacet
  facet normal -0 0 1
    outer loop
      vertex 34.0153 37.9847 1.2
      vertex 37.1 34.9 1.2
      vertex 34.2611 38.265 1.2
    endloop
  endfacet
  facet normal -0 0 1
    outer loop
      vertex 33.735 37.7389 1.2
      vertex 37.1 34.9 1.2
      vertex 34.0153 37.9847 1.2
    endloop
  endfacet
  facet normal -0 0 1
    outer loop
      vertex 33.425 37.5318 1.2
      vertex 37.1 34.9 1.2
      vertex 33.735 37.7389 1.2
    endloop
  endfacet
  facet normal -0 0 1
    outer loop
      vertex 33.0906 37.3669 1.2
      vertex 37.1 34.9 1.2
      vertex 33.425 37.5318 1.2
    endloop
  endfacet
  facet normal -0 0 1
    outer loop
      vertex 32.7376 37.2471 1.2
      vertex 37.1 34.9 1.2
      vertex 33.0906 37.3669 1.2
    endloop
  endfacet
  facet normal -0 0 1
    outer loop
      vertex 32.372 37.1744 1.2
      vertex 37.1 34.9 1.2
      vertex 32.7376 37.2471 1.2
    endloop
  endfacet
  facet normal -0 0 1
    outer loop
      vertex 32 37.15 1.2
      vertex 37.1 34.9 1.2
      vertex 32.372 37.1744 1.2
    endloop
  endfacet
  facet normal 0 0 1
    outer loop
      vertex 26.9 34.9 1.2
      vertex 32 37.15 1.2
      vertex 31.628 37.1744 1.2
    endloop
  endfacet
  facet normal 0 0 1
    outer loop
      vertex 26.9 34.9 1.2
      vertex 31.628 37.1744 1.2
      vertex 31.2624 37.2471 1.2
    endloop
  endfacet
  facet normal 0 0 1
    outer loop
      vertex 26.9 34.9 1.2
      vertex 31.2624 37.2471 1.2
      vertex 30.9094 37.3669 1.2
    endloop
  endfacet
  facet normal 0 0 1
    outer loop
      vertex 26.9 34.9 1.2
      vertex 29.15 40 1.2
      vertex 26.9 45.1 1.2
    endloop
  endfacet
  facet normal 0 0 1
    outer loop
      vertex 29.15 40 1.2
      vertex 26.9 34.9 1.2
      vertex 29.1744 39.628 1.2
    endloop
  endfacet
  facet normal 0 0 1
    outer loop
      vertex 29.1744 39.628 1.2
      vertex 26.9 34.9 1.2
      vertex 29.2471 39.2624 1.2
    endloop
  endfacet
  facet normal 0 0 1
    outer loop
      vertex 32 37.15 1.2
      vertex 26.9 34.9 1.2
      vertex 37.1 34.9 1.2
    endloop
  endfacet
  facet normal 0 0 1
    outer loop
      vertex 30.575 37.5318 1.2
      vertex 26.9 34.9 1.2
      vertex 30.9094 37.3669 1.2
    endloop
  endfacet
  facet normal 0 0 1
    outer loop
      vertex 30.265 37.7389 1.2
      vertex 26.9 34.9 1.2
      vertex 30.575 37.5318 1.2
    endloop
  endfacet
  facet normal 0 0 1
    outer loop
      vertex 29.9847 37.9847 1.2
      vertex 26.9 34.9 1.2
      vertex 30.265 37.7389 1.2
    endloop
  endfacet
  facet normal 0 0 1
    outer loop
      vertex 29.7389 38.265 1.2
      vertex 26.9 34.9 1.2
      vertex 29.9847 37.9847 1.2
    endloop
  endfacet
  facet normal 0 0 1
    outer loop
      vertex 29.5318 38.575 1.2
      vertex 26.9 34.9 1.2
      vertex 29.7389 38.265 1.2
    endloop
  endfacet
  facet normal 0 0 1
    outer loop
      vertex 29.3669 38.9094 1.2
      vertex 26.9 34.9 1.2
      vertex 29.5318 38.575 1.2
    endloop
  endfacet
  facet normal 0 0 1
    outer loop
      vertex 29.2471 39.2624 1.2
      vertex 26.9 34.9 1.2
      vertex 29.3669 38.9094 1.2
    endloop
  endfacet
  facet normal 1 -0 0
    outer loop
      vertex 26.9 34.9 5.5
      vertex 26.9 45.1 1.2
      vertex 26.9 45.1 5.5
    endloop
  endfacet
  facet normal 1 0 0
    outer loop
      vertex 26.9 45.1 1.2
      vertex 26.9 34.9 5.5
      vertex 26.9 34.9 1.2
    endloop
  endfacet
  facet normal 0 -1 0
    outer loop
      vertex 26.9 45.1 1.2
      vertex 37.1 45.1 5.5
      vertex 26.9 45.1 5.5
    endloop
  endfacet
  facet normal 0 -1 -0
    outer loop
      vertex 37.1 45.1 5.5
      vertex 26.9 45.1 1.2
      vertex 37.1 45.1 1.2
    endloop
  endfacet
  facet normal 0 1 -0
    outer loop
      vertex 37.1 34.9 1.2
      vertex 26.9 34.9 5.5
      vertex 37.1 34.9 5.5
    endloop
  endfacet
  facet normal 0 1 0
    outer loop
      vertex 26.9 34.9 5.5
      vertex 37.1 34.9 1.2
      vertex 26.9 34.9 1.2
    endloop
  endfacet
  facet normal 0.896881 0.442272 0
    outer loop
      vertex 29.5318 38.575 1.2
      vertex 29.3669 38.9094 0
      vertex 29.3669 38.9094 1.2
    endloop
  endfacet
  facet normal 0.896881 0.442272 0
    outer loop
      vertex 29.3669 38.9094 0
      vertex 29.5318 38.575 1.2
      vertex 29.5318 38.575 0
    endloop
  endfacet
  facet normal -0.442272 0.896881 0
    outer loop
      vertex 33.425 37.5318 0
      vertex 33.0906 37.3669 1.2
      vertex 33.425 37.5318 1.2
    endloop
  endfacet
  facet normal -0.442272 0.896881 0
    outer loop
      vertex 33.0906 37.3669 1.2
      vertex 33.425 37.5318 0
      vertex 33.0906 37.3669 0
    endloop
  endfacet
  facet normal -0.980797 -0.195033 0
    outer loop
      vertex 34.8256 40.372 0
      vertex 34.7529 40.7376 1.2
      vertex 34.7529 40.7376 0
    endloop
  endfacet
  facet normal -0.980797 -0.195033 0
    outer loop
      vertex 34.7529 40.7376 1.2
      vertex 34.8256 40.372 0
      vertex 34.8256 40.372 1.2
    endloop
  endfacet
  facet normal -0.997856 -0.0654508 0
    outer loop
      vertex 34.85 40 0
      vertex 34.8256 40.372 1.2
      vertex 34.8256 40.372 0
    endloop
  endfacet
  facet normal -0.997856 -0.0654508 0
    outer loop
      vertex 34.8256 40.372 1.2
      vertex 34.85 40 0
      vertex 34.85 40 1.2
    endloop
  endfacet
  facet normal -0.946952 -0.321374 0
    outer loop
      vertex 34.7529 40.7376 0
      vertex 34.6331 41.0906 1.2
      vertex 34.6331 41.0906 0
    endloop
  endfacet
  facet normal -0.946952 -0.321374 0
    outer loop
      vertex 34.6331 41.0906 1.2
      vertex 34.7529 40.7376 0
      vertex 34.7529 40.7376 1.2
    endloop
  endfacet
  facet normal -0.751862 0.659321 0
    outer loop
      vertex 34.0153 37.9847 0
      vertex 34.2611 38.265 1.2
      vertex 34.2611 38.265 0
    endloop
  endfacet
  facet normal -0.751862 0.659321 0
    outer loop
      vertex 34.2611 38.265 1.2
      vertex 34.0153 37.9847 0
      vertex 34.0153 37.9847 1.2
    endloop
  endfacet
  facet normal 0.555505 -0.831513 0
    outer loop
      vertex 30.265 42.2611 0
      vertex 30.575 42.4682 1.2
      vertex 30.265 42.2611 1.2
    endloop
  endfacet
  facet normal 0.555505 -0.831513 0
    outer loop
      vertex 30.575 42.4682 1.2
      vertex 30.265 42.2611 0
      vertex 30.575 42.4682 0
    endloop
  endfacet
  facet normal -0.321374 -0.946952 0
    outer loop
      vertex 32.7376 42.7529 0
      vertex 33.0906 42.6331 1.2
      vertex 32.7376 42.7529 1.2
    endloop
  endfacet
  facet normal -0.321374 -0.946952 -0
    outer loop
      vertex 33.0906 42.6331 1.2
      vertex 32.7376 42.7529 0
      vertex 33.0906 42.6331 0
    endloop
  endfacet
  facet normal -0.555505 -0.831513 0
    outer loop
      vertex 33.425 42.4682 0
      vertex 33.735 42.2611 1.2
      vertex 33.425 42.4682 1.2
    endloop
  endfacet
  facet normal -0.555505 -0.831513 -0
    outer loop
      vertex 33.735 42.2611 1.2
      vertex 33.425 42.4682 0
      vertex 33.735 42.2611 0
    endloop
  endfacet
  facet normal -0.321374 0.946952 0
    outer loop
      vertex 33.0906 37.3669 0
      vertex 32.7376 37.2471 1.2
      vertex 33.0906 37.3669 1.2
    endloop
  endfacet
  facet normal -0.321374 0.946952 0
    outer loop
      vertex 32.7376 37.2471 1.2
      vertex 33.0906 37.3669 0
      vertex 32.7376 37.2471 0
    endloop
  endfacet
  facet normal -0.896881 -0.442272 0
    outer loop
      vertex 34.6331 41.0906 0
      vertex 34.4682 41.425 1.2
      vertex 34.4682 41.425 0
    endloop
  endfacet
  facet normal -0.896881 -0.442272 0
    outer loop
      vertex 34.4682 41.425 1.2
      vertex 34.6331 41.0906 0
      vertex 34.6331 41.0906 1.2
    endloop
  endfacet
  facet normal 0.195033 -0.980797 0
    outer loop
      vertex 31.2624 42.7529 0
      vertex 31.628 42.8256 1.2
      vertex 31.2624 42.7529 1.2
    endloop
  endfacet
  facet normal 0.195033 -0.980797 0
    outer loop
      vertex 31.628 42.8256 1.2
      vertex 31.2624 42.7529 0
      vertex 31.628 42.8256 0
    endloop
  endfacet
  facet normal -0.946952 0.321374 0
    outer loop
      vertex 34.6331 38.9094 0
      vertex 34.7529 39.2624 1.2
      vertex 34.7529 39.2624 0
    endloop
  endfacet
  facet normal -0.946952 0.321374 0
    outer loop
      vertex 34.7529 39.2624 1.2
      vertex 34.6331 38.9094 0
      vertex 34.6331 38.9094 1.2
    endloop
  endfacet
  facet normal 0.555505 0.831513 -0
    outer loop
      vertex 30.575 37.5318 0
      vertex 30.265 37.7389 1.2
      vertex 30.575 37.5318 1.2
    endloop
  endfacet
  facet normal 0.555505 0.831513 0
    outer loop
      vertex 30.265 37.7389 1.2
      vertex 30.575 37.5318 0
      vertex 30.265 37.7389 0
    endloop
  endfacet
  facet normal 0.659321 -0.751862 0
    outer loop
      vertex 29.9847 42.0153 0
      vertex 30.265 42.2611 1.2
      vertex 29.9847 42.0153 1.2
    endloop
  endfacet
  facet normal 0.659321 -0.751862 0
    outer loop
      vertex 30.265 42.2611 1.2
      vertex 29.9847 42.0153 0
      vertex 30.265 42.2611 0
    endloop
  endfacet
  facet normal 0.980797 -0.195033 0
    outer loop
      vertex 29.1744 40.372 1.2
      vertex 29.2471 40.7376 0
      vertex 29.2471 40.7376 1.2
    endloop
  endfacet
  facet normal 0.980797 -0.195033 0
    outer loop
      vertex 29.2471 40.7376 0
      vertex 29.1744 40.372 1.2
      vertex 29.1744 40.372 0
    endloop
  endfacet
  facet normal 0.321374 -0.946952 0
    outer loop
      vertex 30.9094 42.6331 0
      vertex 31.2624 42.7529 1.2
      vertex 30.9094 42.6331 1.2
    endloop
  endfacet
  facet normal 0.321374 -0.946952 0
    outer loop
      vertex 31.2624 42.7529 1.2
      vertex 30.9094 42.6331 0
      vertex 31.2624 42.7529 0
    endloop
  endfacet
  facet normal -0.659321 0.751862 0
    outer loop
      vertex 34.0153 37.9847 0
      vertex 33.735 37.7389 1.2
      vertex 34.0153 37.9847 1.2
    endloop
  endfacet
  facet normal -0.659321 0.751862 0
    outer loop
      vertex 33.735 37.7389 1.2
      vertex 34.0153 37.9847 0
      vertex 33.735 37.7389 0
    endloop
  endfacet
  facet normal 0.946952 0.321374 0
    outer loop
      vertex 29.3669 38.9094 1.2
      vertex 29.2471 39.2624 0
      vertex 29.2471 39.2624 1.2
    endloop
  endfacet
  facet normal 0.946952 0.321374 0
    outer loop
      vertex 29.2471 39.2624 0
      vertex 29.3669 38.9094 1.2
      vertex 29.3669 38.9094 0
    endloop
  endfacet
  facet normal -0.831513 -0.555505 0
    outer loop
      vertex 34.4682 41.425 0
      vertex 34.2611 41.735 1.2
      vertex 34.2611 41.735 0
    endloop
  endfacet
  facet normal -0.831513 -0.555505 0
    outer loop
      vertex 34.2611 41.735 1.2
      vertex 34.4682 41.425 0
      vertex 34.4682 41.425 1.2
    endloop
  endfacet
  facet normal -0.195033 0.980797 0
    outer loop
      vertex 32.7376 37.2471 0
      vertex 32.372 37.1744 1.2
      vertex 32.7376 37.2471 1.2
    endloop
  endfacet
  facet normal -0.195033 0.980797 0
    outer loop
      vertex 32.372 37.1744 1.2
      vertex 32.7376 37.2471 0
      vertex 32.372 37.1744 0
    endloop
  endfacet
  facet normal 0.980797 0.195033 0
    outer loop
      vertex 29.2471 39.2624 1.2
      vertex 29.1744 39.628 0
      vertex 29.1744 39.628 1.2
    endloop
  endfacet
  facet normal 0.980797 0.195033 0
    outer loop
      vertex 29.1744 39.628 0
      vertex 29.2471 39.2624 1.2
      vertex 29.2471 39.2624 0
    endloop
  endfacet
  facet normal -0.659321 -0.751862 0
    outer loop
      vertex 33.735 42.2611 0
      vertex 34.0153 42.0153 1.2
      vertex 33.735 42.2611 1.2
    endloop
  endfacet
  facet normal -0.659321 -0.751862 -0
    outer loop
      vertex 34.0153 42.0153 1.2
      vertex 33.735 42.2611 0
      vertex 34.0153 42.0153 0
    endloop
  endfacet
  facet normal -0.997856 0.0654508 0
    outer loop
      vertex 34.8256 39.628 0
      vertex 34.85 40 1.2
      vertex 34.85 40 0
    endloop
  endfacet
  facet normal -0.997856 0.0654508 0
    outer loop
      vertex 34.85 40 1.2
      vertex 34.8256 39.628 0
      vertex 34.8256 39.628 1.2
    endloop
  endfacet
  facet normal -0.980797 0.195033 0
    outer loop
      vertex 34.7529 39.2624 0
      vertex 34.8256 39.628 1.2
      vertex 34.8256 39.628 0
    endloop
  endfacet
  facet normal -0.980797 0.195033 0
    outer loop
      vertex 34.8256 39.628 1.2
      vertex 34.7529 39.2624 0
      vertex 34.7529 39.2624 1.2
    endloop
  endfacet
  facet normal -0.555505 0.831513 0
    outer loop
      vertex 33.735 37.7389 0
      vertex 33.425 37.5318 1.2
      vertex 33.735 37.7389 1.2
    endloop
  endfacet
  facet normal -0.555505 0.831513 0
    outer loop
      vertex 33.425 37.5318 1.2
      vertex 33.735 37.7389 0
      vertex 33.425 37.5318 0
    endloop
  endfacet
  facet normal -0.195033 -0.980797 0
    outer loop
      vertex 32.372 42.8256 0
      vertex 32.7376 42.7529 1.2
      vertex 32.372 42.8256 1.2
    endloop
  endfacet
  facet normal -0.195033 -0.980797 -0
    outer loop
      vertex 32.7376 42.7529 1.2
      vertex 32.372 42.8256 0
      vertex 32.7376 42.7529 0
    endloop
  endfacet
  facet normal -0.751862 -0.659321 0
    outer loop
      vertex 34.2611 41.735 0
      vertex 34.0153 42.0153 1.2
      vertex 34.0153 42.0153 0
    endloop
  endfacet
  facet normal -0.751862 -0.659321 0
    outer loop
      vertex 34.0153 42.0153 1.2
      vertex 34.2611 41.735 0
      vertex 34.2611 41.735 1.2
    endloop
  endfacet
  facet normal -0.0654508 -0.997856 0
    outer loop
      vertex 32 42.85 0
      vertex 32.372 42.8256 1.2
      vertex 32 42.85 1.2
    endloop
  endfacet
  facet normal -0.0654508 -0.997856 -0
    outer loop
      vertex 32.372 42.8256 1.2
      vertex 32 42.85 0
      vertex 32.372 42.8256 0
    endloop
  endfacet
  facet normal 0.946952 -0.321374 0
    outer loop
      vertex 29.2471 40.7376 1.2
      vertex 29.3669 41.0906 0
      vertex 29.3669 41.0906 1.2
    endloop
  endfacet
  facet normal 0.946952 -0.321374 0
    outer loop
      vertex 29.3669 41.0906 0
      vertex 29.2471 40.7376 1.2
      vertex 29.2471 40.7376 0
    endloop
  endfacet
  facet normal 0.0654508 0.997856 -0
    outer loop
      vertex 32 37.15 0
      vertex 31.628 37.1744 1.2
      vertex 32 37.15 1.2
    endloop
  endfacet
  facet normal 0.0654508 0.997856 0
    outer loop
      vertex 31.628 37.1744 1.2
      vertex 32 37.15 0
      vertex 31.628 37.1744 0
    endloop
  endfacet
  facet normal -0.442272 -0.896881 0
    outer loop
      vertex 33.0906 42.6331 0
      vertex 33.425 42.4682 1.2
      vertex 33.0906 42.6331 1.2
    endloop
  endfacet
  facet normal -0.442272 -0.896881 -0
    outer loop
      vertex 33.425 42.4682 1.2
      vertex 33.0906 42.6331 0
      vertex 33.425 42.4682 0
    endloop
  endfacet
  facet normal 0.997856 0.0654508 0
    outer loop
      vertex 29.1744 39.628 1.2
      vertex 29.15 40 0
      vertex 29.15 40 1.2
    endloop
  endfacet
  facet normal 0.997856 0.0654508 0
    outer loop
      vertex 29.15 40 0
      vertex 29.1744 39.628 1.2
      vertex 29.1744 39.628 0
    endloop
  endfacet
  facet normal 0.659321 0.751862 -0
    outer loop
      vertex 30.265 37.7389 0
      vertex 29.9847 37.9847 1.2
      vertex 30.265 37.7389 1.2
    endloop
  endfacet
  facet normal 0.659321 0.751862 0
    outer loop
      vertex 29.9847 37.9847 1.2
      vertex 30.265 37.7389 0
      vertex 29.9847 37.9847 0
    endloop
  endfacet
  facet normal -0.831513 0.555505 0
    outer loop
      vertex 34.2611 38.265 0
      vertex 34.4682 38.575 1.2
      vertex 34.4682 38.575 0
    endloop
  endfacet
  facet normal -0.831513 0.555505 0
    outer loop
      vertex 34.4682 38.575 1.2
      vertex 34.2611 38.265 0
      vertex 34.2611 38.265 1.2
    endloop
  endfacet
  facet normal 0.751862 0.659321 0
    outer loop
      vertex 29.9847 37.9847 1.2
      vertex 29.7389 38.265 0
      vertex 29.7389 38.265 1.2
    endloop
  endfacet
  facet normal 0.751862 0.659321 0
    outer loop
      vertex 29.7389 38.265 0
      vertex 29.9847 37.9847 1.2
      vertex 29.9847 37.9847 0
    endloop
  endfacet
  facet normal 0.997856 -0.0654508 0
    outer loop
      vertex 29.15 40 1.2
      vertex 29.1744 40.372 0
      vertex 29.1744 40.372 1.2
    endloop
  endfacet
  facet normal 0.997856 -0.0654508 0
    outer loop
      vertex 29.1744 40.372 0
      vertex 29.15 40 1.2
      vertex 29.15 40 0
    endloop
  endfacet
  facet normal 0.195033 0.980797 -0
    outer loop
      vertex 31.628 37.1744 0
      vertex 31.2624 37.2471 1.2
      vertex 31.628 37.1744 1.2
    endloop
  endfacet
  facet normal 0.195033 0.980797 0
    outer loop
      vertex 31.2624 37.2471 1.2
      vertex 31.628 37.1744 0
      vertex 31.2624 37.2471 0
    endloop
  endfacet
  facet normal -0.0654508 0.997856 0
    outer loop
      vertex 32.372 37.1744 0
      vertex 32 37.15 1.2
      vertex 32.372 37.1744 1.2
    endloop
  endfacet
  facet normal -0.0654508 0.997856 0
    outer loop
      vertex 32 37.15 1.2
      vertex 32.372 37.1744 0
      vertex 32 37.15 0
    endloop
  endfacet
  facet normal 0.442272 -0.896881 0
    outer loop
      vertex 30.575 42.4682 0
      vertex 30.9094 42.6331 1.2
      vertex 30.575 42.4682 1.2
    endloop
  endfacet
  facet normal 0.442272 -0.896881 0
    outer loop
      vertex 30.9094 42.6331 1.2
      vertex 30.575 42.4682 0
      vertex 30.9094 42.6331 0
    endloop
  endfacet
  facet normal 0.321374 0.946952 -0
    outer loop
      vertex 31.2624 37.2471 0
      vertex 30.9094 37.3669 1.2
      vertex 31.2624 37.2471 1.2
    endloop
  endfacet
  facet normal 0.321374 0.946952 0
    outer loop
      vertex 30.9094 37.3669 1.2
      vertex 31.2624 37.2471 0
      vertex 30.9094 37.3669 0
    endloop
  endfacet
  facet normal 0.751862 -0.659321 0
    outer loop
      vertex 29.7389 41.735 1.2
      vertex 29.9847 42.0153 0
      vertex 29.9847 42.0153 1.2
    endloop
  endfacet
  facet normal 0.751862 -0.659321 0
    outer loop
      vertex 29.9847 42.0153 0
      vertex 29.7389 41.735 1.2
      vertex 29.7389 41.735 0
    endloop
  endfacet
  facet normal 0.831513 0.555505 0
    outer loop
      vertex 29.7389 38.265 1.2
      vertex 29.5318 38.575 0
      vertex 29.5318 38.575 1.2
    endloop
  endfacet
  facet normal 0.831513 0.555505 0
    outer loop
      vertex 29.5318 38.575 0
      vertex 29.7389 38.265 1.2
      vertex 29.7389 38.265 0
    endloop
  endfacet
  facet normal 0.0654508 -0.997856 0
    outer loop
      vertex 31.628 42.8256 0
      vertex 32 42.85 1.2
      vertex 31.628 42.8256 1.2
    endloop
  endfacet
  facet normal 0.0654508 -0.997856 0
    outer loop
      vertex 32 42.85 1.2
      vertex 31.628 42.8256 0
      vertex 32 42.85 0
    endloop
  endfacet
  facet normal 0.442272 0.896881 -0
    outer loop
      vertex 30.9094 37.3669 0
      vertex 30.575 37.5318 1.2
      vertex 30.9094 37.3669 1.2
    endloop
  endfacet
  facet normal 0.442272 0.896881 0
    outer loop
      vertex 30.575 37.5318 1.2
      vertex 30.9094 37.3669 0
      vertex 30.575 37.5318 0
    endloop
  endfacet
  facet normal -0.896881 0.442272 0
    outer loop
      vertex 34.4682 38.575 0
      vertex 34.6331 38.9094 1.2
      vertex 34.6331 38.9094 0
    endloop
  endfacet
  facet normal -0.896881 0.442272 0
    outer loop
      vertex 34.6331 38.9094 1.2
      vertex 34.4682 38.575 0
      vertex 34.4682 38.575 1.2
    endloop
  endfacet
  facet normal 0.896881 -0.442272 0
    outer loop
      vertex 29.3669 41.0906 1.2
      vertex 29.5318 41.425 0
      vertex 29.5318 41.425 1.2
    endloop
  endfacet
  facet normal 0.896881 -0.442272 0
    outer loop
      vertex 29.5318 41.425 0
      vertex 29.3669 41.0906 1.2
      vertex 29.3669 41.0906 0
    endloop
  endfacet
  facet normal 0.831513 -0.555505 0
    outer loop
      vertex 29.5318 41.425 1.2
      vertex 29.7389 41.735 0
      vertex 29.7389 41.735 1.2
    endloop
  endfacet
  facet normal 0.831513 -0.555505 0
    outer loop
      vertex 29.7389 41.735 0
      vertex 29.5318 41.425 1.2
      vertex 29.5318 41.425 0
    endloop
  endfacet
  facet normal -0 0 1
    outer loop
      vertex 37.1 42 3
      vertex 38.3 38 3
      vertex 38.3 42 3
    endloop
  endfacet
  facet normal 0 0 1
    outer loop
      vertex 38.3 38 3
      vertex 37.1 42 3
      vertex 37.1 38 3
    endloop
  endfacet
  facet normal 0 -1 0
    outer loop
      vertex 37.1 42 3
      vertex 38.3 42 5.5
      vertex 37.1 42 5.5
    endloop
  endfacet
  facet normal 0 -1 -0
    outer loop
      vertex 38.3 42 5.5
      vertex 37.1 42 3
      vertex 38.3 42 3
    endloop
  endfacet
  facet normal 0 1 -0
    outer loop
      vertex 38.3 38 3
      vertex 37.1 38 5.5
      vertex 38.3 38 5.5
    endloop
  endfacet
  facet normal 0 1 0
    outer loop
      vertex 37.1 38 5.5
      vertex 38.3 38 3
      vertex 37.1 38 3
    endloop
  endfacet
  facet normal 1 0 0
    outer loop
      vertex 54.3 38 5.5
      vertex 54.3 33.7 5.5
      vertex 54.3 38 3
    endloop
  endfacet
  facet normal 1 0 0
    outer loop
      vertex 54.3 42 3
      vertex 54.3 46.3 5.5
      vertex 54.3 42 5.5
    endloop
  endfacet
  facet normal 1 0 0
    outer loop
      vertex 54.3 46.3 5.5
      vertex 54.3 42 3
      vertex 54.3 46.3 0
    endloop
  endfacet
  facet normal 1 -0 0
    outer loop
      vertex 54.3 38 3
      vertex 54.3 46.3 0
      vertex 54.3 42 3
    endloop
  endfacet
  facet normal 1 0 0
    outer loop
      vertex 54.3 38 3
      vertex 54.3 33.7 0
      vertex 54.3 46.3 0
    endloop
  endfacet
  facet normal 1 0 0
    outer loop
      vertex 54.3 33.7 0
      vertex 54.3 38 3
      vertex 54.3 33.7 5.5
    endloop
  endfacet
  facet normal 0 0 1
    outer loop
      vertex 54.3 46.3 5.5
      vertex 53.1 45.1 5.5
      vertex 54.3 42 5.5
    endloop
  endfacet
  facet normal 0 0 1
    outer loop
      vertex 54.3 46.3 5.5
      vertex 42.9 45.1 5.5
      vertex 53.1 45.1 5.5
    endloop
  endfacet
  facet normal 0 0 1
    outer loop
      vertex 42.9 45.1 5.5
      vertex 41.7 46.3 5.5
      vertex 42.9 34.9 5.5
    endloop
  endfacet
  facet normal -0 0 1
    outer loop
      vertex 41.7 46.3 5.5
      vertex 42.9 45.1 5.5
      vertex 54.3 46.3 5.5
    endloop
  endfacet
  facet normal 0 0 1
    outer loop
      vertex 54.3 42 5.5
      vertex 53.1 45.1 5.5
      vertex 53.1 42 5.5
    endloop
  endfacet
  facet normal 0 0 1
    outer loop
      vertex 53.1 34.9 5.5
      vertex 54.3 38 5.5
      vertex 53.1 38 5.5
    endloop
  endfacet
  facet normal 0 0 1
    outer loop
      vertex 54.3 38 5.5
      vertex 53.1 34.9 5.5
      vertex 54.3 33.7 5.5
    endloop
  endfacet
  facet normal -0 0 1
    outer loop
      vertex 42.9 34.9 5.5
      vertex 54.3 33.7 5.5
      vertex 53.1 34.9 5.5
    endloop
  endfacet
  facet normal 0 0 1
    outer loop
      vertex 42.9 34.9 5.5
      vertex 41.7 33.7 5.5
      vertex 54.3 33.7 5.5
    endloop
  endfacet
  facet normal 0 0 1
    outer loop
      vertex 41.7 33.7 5.5
      vertex 42.9 34.9 5.5
      vertex 41.7 46.3 5.5
    endloop
  endfacet
  facet normal 0 0 -1
    outer loop
      vertex 54.3 33.7 0
      vertex 50.85 40 0
      vertex 54.3 46.3 0
    endloop
  endfacet
  facet normal 0 0 -1
    outer loop
      vertex 54.3 33.7 0
      vertex 50.8256 39.628 0
      vertex 50.85 40 0
    endloop
  endfacet
  facet normal 0 0 -1
    outer loop
      vertex 54.3 33.7 0
      vertex 50.7529 39.2624 0
      vertex 50.8256 39.628 0
    endloop
  endfacet
  facet normal 0 0 -1
    outer loop
      vertex 54.3 33.7 0
      vertex 50.6331 38.9094 0
      vertex 50.7529 39.2624 0
    endloop
  endfacet
  facet normal 0 0 -1
    outer loop
      vertex 54.3 33.7 0
      vertex 50.4682 38.575 0
      vertex 50.6331 38.9094 0
    endloop
  endfacet
  facet normal 0 0 -1
    outer loop
      vertex 54.3 33.7 0
      vertex 50.2611 38.265 0
      vertex 50.4682 38.575 0
    endloop
  endfacet
  facet normal 0 0 -1
    outer loop
      vertex 54.3 33.7 0
      vertex 50.0153 37.9847 0
      vertex 50.2611 38.265 0
    endloop
  endfacet
  facet normal 0 0 -1
    outer loop
      vertex 54.3 33.7 0
      vertex 49.735 37.7389 0
      vertex 50.0153 37.9847 0
    endloop
  endfacet
  facet normal 0 0 -1
    outer loop
      vertex 54.3 33.7 0
      vertex 49.425 37.5318 0
      vertex 49.735 37.7389 0
    endloop
  endfacet
  facet normal 0 0 -1
    outer loop
      vertex 54.3 33.7 0
      vertex 49.0906 37.3669 0
      vertex 49.425 37.5318 0
    endloop
  endfacet
  facet normal 0 0 -1
    outer loop
      vertex 54.3 33.7 0
      vertex 48.7376 37.2471 0
      vertex 49.0906 37.3669 0
    endloop
  endfacet
  facet normal 0 0 -1
    outer loop
      vertex 54.3 33.7 0
      vertex 48.372 37.1744 0
      vertex 48.7376 37.2471 0
    endloop
  endfacet
  facet normal 0 0 -1
    outer loop
      vertex 54.3 33.7 0
      vertex 48 37.15 0
      vertex 48.372 37.1744 0
    endloop
  endfacet
  facet normal 0 0 -1
    outer loop
      vertex 41.7 33.7 0
      vertex 48 37.15 0
      vertex 54.3 33.7 0
    endloop
  endfacet
  facet normal -0 0 -1
    outer loop
      vertex 48 37.15 0
      vertex 41.7 33.7 0
      vertex 47.628 37.1744 0
    endloop
  endfacet
  facet normal -0 0 -1
    outer loop
      vertex 47.628 37.1744 0
      vertex 41.7 33.7 0
      vertex 47.2624 37.2471 0
    endloop
  endfacet
  facet normal -0 0 -1
    outer loop
      vertex 47.2624 37.2471 0
      vertex 41.7 33.7 0
      vertex 46.9094 37.3669 0
    endloop
  endfacet
  facet normal -0 0 -1
    outer loop
      vertex 45.1744 39.628 0
      vertex 41.7 33.7 0
      vertex 45.15 40 0
    endloop
  endfacet
  facet normal -0 0 -1
    outer loop
      vertex 45.2471 39.2624 0
      vertex 41.7 33.7 0
      vertex 45.1744 39.628 0
    endloop
  endfacet
  facet normal -0 0 -1
    outer loop
      vertex 45.3669 38.9094 0
      vertex 41.7 33.7 0
      vertex 45.2471 39.2624 0
    endloop
  endfacet
  facet normal -0 0 -1
    outer loop
      vertex 45.5318 38.575 0
      vertex 41.7 33.7 0
      vertex 45.3669 38.9094 0
    endloop
  endfacet
  facet normal -0 0 -1
    outer loop
      vertex 45.7389 38.265 0
      vertex 41.7 33.7 0
      vertex 45.5318 38.575 0
    endloop
  endfacet
  facet normal -0 0 -1
    outer loop
      vertex 45.9847 37.9847 0
      vertex 41.7 33.7 0
      vertex 45.7389 38.265 0
    endloop
  endfacet
  facet normal -0 0 -1
    outer loop
      vertex 46.265 37.7389 0
      vertex 41.7 33.7 0
      vertex 45.9847 37.9847 0
    endloop
  endfacet
  facet normal -0 0 -1
    outer loop
      vertex 46.575 37.5318 0
      vertex 41.7 33.7 0
      vertex 46.265 37.7389 0
    endloop
  endfacet
  facet normal -0 0 -1
    outer loop
      vertex 46.9094 37.3669 0
      vertex 41.7 33.7 0
      vertex 46.575 37.5318 0
    endloop
  endfacet
  facet normal 0 0 -1
    outer loop
      vertex 50.8256 40.372 0
      vertex 54.3 46.3 0
      vertex 50.85 40 0
    endloop
  endfacet
  facet normal 0 0 -1
    outer loop
      vertex 50.7529 40.7376 0
      vertex 54.3 46.3 0
      vertex 50.8256 40.372 0
    endloop
  endfacet
  facet normal 0 0 -1
    outer loop
      vertex 50.6331 41.0906 0
      vertex 54.3 46.3 0
      vertex 50.7529 40.7376 0
    endloop
  endfacet
  facet normal 0 0 -1
    outer loop
      vertex 50.4682 41.425 0
      vertex 54.3 46.3 0
      vertex 50.6331 41.0906 0
    endloop
  endfacet
  facet normal 0 0 -1
    outer loop
      vertex 50.2611 41.735 0
      vertex 54.3 46.3 0
      vertex 50.4682 41.425 0
    endloop
  endfacet
  facet normal 0 0 -1
    outer loop
      vertex 50.0153 42.0153 0
      vertex 54.3 46.3 0
      vertex 50.2611 41.735 0
    endloop
  endfacet
  facet normal 0 0 -1
    outer loop
      vertex 49.735 42.2611 0
      vertex 54.3 46.3 0
      vertex 50.0153 42.0153 0
    endloop
  endfacet
  facet normal 0 0 -1
    outer loop
      vertex 49.425 42.4682 0
      vertex 54.3 46.3 0
      vertex 49.735 42.2611 0
    endloop
  endfacet
  facet normal 0 0 -1
    outer loop
      vertex 49.0906 42.6331 0
      vertex 54.3 46.3 0
      vertex 49.425 42.4682 0
    endloop
  endfacet
  facet normal 0 0 -1
    outer loop
      vertex 48.7376 42.7529 0
      vertex 54.3 46.3 0
      vertex 49.0906 42.6331 0
    endloop
  endfacet
  facet normal 0 0 -1
    outer loop
      vertex 48.372 42.8256 0
      vertex 54.3 46.3 0
      vertex 48.7376 42.7529 0
    endloop
  endfacet
  facet normal 0 0 -1
    outer loop
      vertex 48 42.85 0
      vertex 54.3 46.3 0
      vertex 48.372 42.8256 0
    endloop
  endfacet
  facet normal 0 0 -1
    outer loop
      vertex 41.7 46.3 0
      vertex 48 42.85 0
      vertex 47.628 42.8256 0
    endloop
  endfacet
  facet normal 0 0 -1
    outer loop
      vertex 41.7 46.3 0
      vertex 47.628 42.8256 0
      vertex 47.2624 42.7529 0
    endloop
  endfacet
  facet normal 0 0 -1
    outer loop
      vertex 41.7 46.3 0
      vertex 47.2624 42.7529 0
      vertex 46.9094 42.6331 0
    endloop
  endfacet
  facet normal 0 0 -1
    outer loop
      vertex 41.7 46.3 0
      vertex 46.9094 42.6331 0
      vertex 46.575 42.4682 0
    endloop
  endfacet
  facet normal 0 0 -1
    outer loop
      vertex 41.7 46.3 0
      vertex 45.15 40 0
      vertex 41.7 33.7 0
    endloop
  endfacet
  facet normal 0 0 -1
    outer loop
      vertex 45.15 40 0
      vertex 41.7 46.3 0
      vertex 45.1744 40.372 0
    endloop
  endfacet
  facet normal 0 0 -1
    outer loop
      vertex 45.1744 40.372 0
      vertex 41.7 46.3 0
      vertex 45.2471 40.7376 0
    endloop
  endfacet
  facet normal 0 0 -1
    outer loop
      vertex 45.2471 40.7376 0
      vertex 41.7 46.3 0
      vertex 45.3669 41.0906 0
    endloop
  endfacet
  facet normal 0 0 -1
    outer loop
      vertex 48 42.85 0
      vertex 41.7 46.3 0
      vertex 54.3 46.3 0
    endloop
  endfacet
  facet normal 0 0 -1
    outer loop
      vertex 46.265 42.2611 0
      vertex 41.7 46.3 0
      vertex 46.575 42.4682 0
    endloop
  endfacet
  facet normal 0 0 -1
    outer loop
      vertex 45.9847 42.0153 0
      vertex 41.7 46.3 0
      vertex 46.265 42.2611 0
    endloop
  endfacet
  facet normal 0 0 -1
    outer loop
      vertex 45.7389 41.735 0
      vertex 41.7 46.3 0
      vertex 45.9847 42.0153 0
    endloop
  endfacet
  facet normal 0 0 -1
    outer loop
      vertex 45.5318 41.425 0
      vertex 41.7 46.3 0
      vertex 45.7389 41.735 0
    endloop
  endfacet
  facet normal 0 0 -1
    outer loop
      vertex 45.3669 41.0906 0
      vertex 41.7 46.3 0
      vertex 45.5318 41.425 0
    endloop
  endfacet
  facet normal -1 0 0
    outer loop
      vertex 41.7 33.7 0
      vertex 41.7 46.3 5.5
      vertex 41.7 46.3 0
    endloop
  endfacet
  facet normal -1 -0 0
    outer loop
      vertex 41.7 46.3 5.5
      vertex 41.7 33.7 0
      vertex 41.7 33.7 5.5
    endloop
  endfacet
  facet normal 0 1 -0
    outer loop
      vertex 54.3 46.3 0
      vertex 41.7 46.3 5.5
      vertex 54.3 46.3 5.5
    endloop
  endfacet
  facet normal 0 1 0
    outer loop
      vertex 41.7 46.3 5.5
      vertex 54.3 46.3 0
      vertex 41.7 46.3 0
    endloop
  endfacet
  facet normal 0 -1 0
    outer loop
      vertex 41.7 33.7 0
      vertex 54.3 33.7 5.5
      vertex 41.7 33.7 5.5
    endloop
  endfacet
  facet normal 0 -1 -0
    outer loop
      vertex 54.3 33.7 5.5
      vertex 41.7 33.7 0
      vertex 54.3 33.7 0
    endloop
  endfacet
  facet normal -1 0 0
    outer loop
      vertex 53.1 45.1 1.2
      vertex 53.1 42 3
      vertex 53.1 45.1 5.5
    endloop
  endfacet
  facet normal -1 0 0
    outer loop
      vertex 53.1 45.1 1.2
      vertex 53.1 38 3
      vertex 53.1 42 3
    endloop
  endfacet
  facet normal -1 0 0
    outer loop
      vertex 53.1 34.9 1.2
      vertex 53.1 38 3
      vertex 53.1 45.1 1.2
    endloop
  endfacet
  facet normal -1 0 0
    outer loop
      vertex 53.1 34.9 5.5
      vertex 53.1 38 3
      vertex 53.1 34.9 1.2
    endloop
  endfacet
  facet normal -1 0 0
    outer loop
      vertex 53.1 38 3
      vertex 53.1 34.9 5.5
      vertex 53.1 38 5.5
    endloop
  endfacet
  facet normal -1 -0 0
    outer loop
      vertex 53.1 45.1 5.5
      vertex 53.1 42 3
      vertex 53.1 42 5.5
    endloop
  endfacet
  facet normal 0 0 1
    outer loop
      vertex 53.1 45.1 1.2
      vertex 50.85 40 1.2
      vertex 53.1 34.9 1.2
    endloop
  endfacet
  facet normal 0 0 1
    outer loop
      vertex 53.1 45.1 1.2
      vertex 50.8256 40.372 1.2
      vertex 50.85 40 1.2
    endloop
  endfacet
  facet normal 0 0 1
    outer loop
      vertex 53.1 45.1 1.2
      vertex 50.7529 40.7376 1.2
      vertex 50.8256 40.372 1.2
    endloop
  endfacet
  facet normal 0 0 1
    outer loop
      vertex 53.1 45.1 1.2
      vertex 50.6331 41.0906 1.2
      vertex 50.7529 40.7376 1.2
    endloop
  endfacet
  facet normal 0 0 1
    outer loop
      vertex 53.1 45.1 1.2
      vertex 50.4682 41.425 1.2
      vertex 50.6331 41.0906 1.2
    endloop
  endfacet
  facet normal 0 0 1
    outer loop
      vertex 53.1 45.1 1.2
      vertex 50.2611 41.735 1.2
      vertex 50.4682 41.425 1.2
    endloop
  endfacet
  facet normal 0 0 1
    outer loop
      vertex 53.1 45.1 1.2
      vertex 50.0153 42.0153 1.2
      vertex 50.2611 41.735 1.2
    endloop
  endfacet
  facet normal 0 0 1
    outer loop
      vertex 53.1 45.1 1.2
      vertex 49.735 42.2611 1.2
      vertex 50.0153 42.0153 1.2
    endloop
  endfacet
  facet normal 0 0 1
    outer loop
      vertex 53.1 45.1 1.2
      vertex 49.425 42.4682 1.2
      vertex 49.735 42.2611 1.2
    endloop
  endfacet
  facet normal 0 0 1
    outer loop
      vertex 53.1 45.1 1.2
      vertex 49.0906 42.6331 1.2
      vertex 49.425 42.4682 1.2
    endloop
  endfacet
  facet normal 0 0 1
    outer loop
      vertex 53.1 45.1 1.2
      vertex 48.7376 42.7529 1.2
      vertex 49.0906 42.6331 1.2
    endloop
  endfacet
  facet normal 0 0 1
    outer loop
      vertex 53.1 45.1 1.2
      vertex 48.372 42.8256 1.2
      vertex 48.7376 42.7529 1.2
    endloop
  endfacet
  facet normal 0 0 1
    outer loop
      vertex 53.1 45.1 1.2
      vertex 48 42.85 1.2
      vertex 48.372 42.8256 1.2
    endloop
  endfacet
  facet normal -0 0 1
    outer loop
      vertex 42.9 45.1 1.2
      vertex 48 42.85 1.2
      vertex 53.1 45.1 1.2
    endloop
  endfacet
  facet normal 0 0 1
    outer loop
      vertex 48 42.85 1.2
      vertex 42.9 45.1 1.2
      vertex 47.628 42.8256 1.2
    endloop
  endfacet
  facet normal 0 0 1
    outer loop
      vertex 47.628 42.8256 1.2
      vertex 42.9 45.1 1.2
      vertex 47.2624 42.7529 1.2
    endloop
  endfacet
  facet normal 0 0 1
    outer loop
      vertex 45.1744 40.372 1.2
      vertex 42.9 45.1 1.2
      vertex 45.15 40 1.2
    endloop
  endfacet
  facet normal 0 0 1
    outer loop
      vertex 45.2471 40.7376 1.2
      vertex 42.9 45.1 1.2
      vertex 45.1744 40.372 1.2
    endloop
  endfacet
  facet normal 0 0 1
    outer loop
      vertex 45.3669 41.0906 1.2
      vertex 42.9 45.1 1.2
      vertex 45.2471 40.7376 1.2
    endloop
  endfacet
  facet normal 0 0 1
    outer loop
      vertex 45.5318 41.425 1.2
      vertex 42.9 45.1 1.2
      vertex 45.3669 41.0906 1.2
    endloop
  endfacet
  facet normal 0 0 1
    outer loop
      vertex 45.7389 41.735 1.2
      vertex 42.9 45.1 1.2
      vertex 45.5318 41.425 1.2
    endloop
  endfacet
  facet normal 0 0 1
    outer loop
      vertex 45.9847 42.0153 1.2
      vertex 42.9 45.1 1.2
      vertex 45.7389 41.735 1.2
    endloop
  endfacet
  facet normal 0 0 1
    outer loop
      vertex 46.265 42.2611 1.2
      vertex 42.9 45.1 1.2
      vertex 45.9847 42.0153 1.2
    endloop
  endfacet
  facet normal 0 0 1
    outer loop
      vertex 46.575 42.4682 1.2
      vertex 42.9 45.1 1.2
      vertex 46.265 42.2611 1.2
    endloop
  endfacet
  facet normal 0 0 1
    outer loop
      vertex 46.9094 42.6331 1.2
      vertex 42.9 45.1 1.2
      vertex 46.575 42.4682 1.2
    endloop
  endfacet
  facet normal 0 0 1
    outer loop
      vertex 47.2624 42.7529 1.2
      vertex 42.9 45.1 1.2
      vertex 46.9094 42.6331 1.2
    endloop
  endfacet
  facet normal -0 0 1
    outer loop
      vertex 50.8256 39.628 1.2
      vertex 53.1 34.9 1.2
      vertex 50.85 40 1.2
    endloop
  endfacet
  facet normal -0 0 1
    outer loop
      vertex 50.7529 39.2624 1.2
      vertex 53.1 34.9 1.2
      vertex 50.8256 39.628 1.2
    endloop
  endfacet
  facet normal -0 0 1
    outer loop
      vertex 50.6331 38.9094 1.2
      vertex 53.1 34.9 1.2
      vertex 50.7529 39.2624 1.2
    endloop
  endfacet
  facet normal -0 0 1
    outer loop
      vertex 50.4682 38.575 1.2
      vertex 53.1 34.9 1.2
      vertex 50.6331 38.9094 1.2
    endloop
  endfacet
  facet normal -0 0 1
    outer loop
      vertex 50.2611 38.265 1.2
      vertex 53.1 34.9 1.2
      vertex 50.4682 38.575 1.2
    endloop
  endfacet
  facet normal -0 0 1
    outer loop
      vertex 50.0153 37.9847 1.2
      vertex 53.1 34.9 1.2
      vertex 50.2611 38.265 1.2
    endloop
  endfacet
  facet normal -0 0 1
    outer loop
      vertex 49.735 37.7389 1.2
      vertex 53.1 34.9 1.2
      vertex 50.0153 37.9847 1.2
    endloop
  endfacet
  facet normal -0 0 1
    outer loop
      vertex 49.425 37.5318 1.2
      vertex 53.1 34.9 1.2
      vertex 49.735 37.7389 1.2
    endloop
  endfacet
  facet normal -0 0 1
    outer loop
      vertex 49.0906 37.3669 1.2
      vertex 53.1 34.9 1.2
      vertex 49.425 37.5318 1.2
    endloop
  endfacet
  facet normal -0 0 1
    outer loop
      vertex 48.7376 37.2471 1.2
      vertex 53.1 34.9 1.2
      vertex 49.0906 37.3669 1.2
    endloop
  endfacet
  facet normal -0 0 1
    outer loop
      vertex 48.372 37.1744 1.2
      vertex 53.1 34.9 1.2
      vertex 48.7376 37.2471 1.2
    endloop
  endfacet
  facet normal -0 0 1
    outer loop
      vertex 48 37.15 1.2
      vertex 53.1 34.9 1.2
      vertex 48.372 37.1744 1.2
    endloop
  endfacet
  facet normal 0 0 1
    outer loop
      vertex 42.9 34.9 1.2
      vertex 48 37.15 1.2
      vertex 47.628 37.1744 1.2
    endloop
  endfacet
  facet normal 0 0 1
    outer loop
      vertex 42.9 34.9 1.2
      vertex 47.628 37.1744 1.2
      vertex 47.2624 37.2471 1.2
    endloop
  endfacet
  facet normal 0 0 1
    outer loop
      vertex 42.9 34.9 1.2
      vertex 47.2624 37.2471 1.2
      vertex 46.9094 37.3669 1.2
    endloop
  endfacet
  facet normal 0 0 1
    outer loop
      vertex 42.9 34.9 1.2
      vertex 45.15 40 1.2
      vertex 42.9 45.1 1.2
    endloop
  endfacet
  facet normal 0 0 1
    outer loop
      vertex 45.15 40 1.2
      vertex 42.9 34.9 1.2
      vertex 45.1744 39.628 1.2
    endloop
  endfacet
  facet normal 0 0 1
    outer loop
      vertex 45.1744 39.628 1.2
      vertex 42.9 34.9 1.2
      vertex 45.2471 39.2624 1.2
    endloop
  endfacet
  facet normal 0 0 1
    outer loop
      vertex 48 37.15 1.2
      vertex 42.9 34.9 1.2
      vertex 53.1 34.9 1.2
    endloop
  endfacet
  facet normal 0 0 1
    outer loop
      vertex 46.575 37.5318 1.2
      vertex 42.9 34.9 1.2
      vertex 46.9094 37.3669 1.2
    endloop
  endfacet
  facet normal 0 0 1
    outer loop
      vertex 46.265 37.7389 1.2
      vertex 42.9 34.9 1.2
      vertex 46.575 37.5318 1.2
    endloop
  endfacet
  facet normal 0 0 1
    outer loop
      vertex 45.9847 37.9847 1.2
      vertex 42.9 34.9 1.2
      vertex 46.265 37.7389 1.2
    endloop
  endfacet
  facet normal 0 0 1
    outer loop
      vertex 45.7389 38.265 1.2
      vertex 42.9 34.9 1.2
      vertex 45.9847 37.9847 1.2
    endloop
  endfacet
  facet normal 0 0 1
    outer loop
      vertex 45.5318 38.575 1.2
      vertex 42.9 34.9 1.2
      vertex 45.7389 38.265 1.2
    endloop
  endfacet
  facet normal 0 0 1
    outer loop
      vertex 45.3669 38.9094 1.2
      vertex 42.9 34.9 1.2
      vertex 45.5318 38.575 1.2
    endloop
  endfacet
  facet normal 0 0 1
    outer loop
      vertex 45.2471 39.2624 1.2
      vertex 42.9 34.9 1.2
      vertex 45.3669 38.9094 1.2
    endloop
  endfacet
  facet normal 1 -0 0
    outer loop
      vertex 42.9 34.9 5.5
      vertex 42.9 45.1 1.2
      vertex 42.9 45.1 5.5
    endloop
  endfacet
  facet normal 1 0 0
    outer loop
      vertex 42.9 45.1 1.2
      vertex 42.9 34.9 5.5
      vertex 42.9 34.9 1.2
    endloop
  endfacet
  facet normal 0 -1 0
    outer loop
      vertex 42.9 45.1 1.2
      vertex 53.1 45.1 5.5
      vertex 42.9 45.1 5.5
    endloop
  endfacet
  facet normal 0 -1 -0
    outer loop
      vertex 53.1 45.1 5.5
      vertex 42.9 45.1 1.2
      vertex 53.1 45.1 1.2
    endloop
  endfacet
  facet normal 0 1 -0
    outer loop
      vertex 53.1 34.9 1.2
      vertex 42.9 34.9 5.5
      vertex 53.1 34.9 5.5
    endloop
  endfacet
  facet normal 0 1 0
    outer loop
      vertex 42.9 34.9 5.5
      vertex 53.1 34.9 1.2
      vertex 42.9 34.9 1.2
    endloop
  endfacet
  facet normal 0.896881 0.442272 0
    outer loop
      vertex 45.5318 38.575 1.2
      vertex 45.3669 38.9094 0
      vertex 45.3669 38.9094 1.2
    endloop
  endfacet
  facet normal 0.896881 0.442272 0
    outer loop
      vertex 45.3669 38.9094 0
      vertex 45.5318 38.575 1.2
      vertex 45.5318 38.575 0
    endloop
  endfacet
  facet normal -0.442272 0.896881 0
    outer loop
      vertex 49.425 37.5318 0
      vertex 49.0906 37.3669 1.2
      vertex 49.425 37.5318 1.2
    endloop
  endfacet
  facet normal -0.442272 0.896881 0
    outer loop
      vertex 49.0906 37.3669 1.2
      vertex 49.425 37.5318 0
      vertex 49.0906 37.3669 0
    endloop
  endfacet
  facet normal -0.980797 -0.195033 0
    outer loop
      vertex 50.8256 40.372 0
      vertex 50.7529 40.7376 1.2
      vertex 50.7529 40.7376 0
    endloop
  endfacet
  facet normal -0.980797 -0.195033 0
    outer loop
      vertex 50.7529 40.7376 1.2
      vertex 50.8256 40.372 0
      vertex 50.8256 40.372 1.2
    endloop
  endfacet
  facet normal -0.997856 -0.0654508 0
    outer loop
      vertex 50.85 40 0
      vertex 50.8256 40.372 1.2
      vertex 50.8256 40.372 0
    endloop
  endfacet
  facet normal -0.997856 -0.0654508 0
    outer loop
      vertex 50.8256 40.372 1.2
      vertex 50.85 40 0
      vertex 50.85 40 1.2
    endloop
  endfacet
  facet normal -0.946952 -0.321374 0
    outer loop
      vertex 50.7529 40.7376 0
      vertex 50.6331 41.0906 1.2
      vertex 50.6331 41.0906 0
    endloop
  endfacet
  facet normal -0.946952 -0.321374 0
    outer loop
      vertex 50.6331 41.0906 1.2
      vertex 50.7529 40.7376 0
      vertex 50.7529 40.7376 1.2
    endloop
  endfacet
  facet normal -0.751862 0.659321 0
    outer loop
      vertex 50.0153 37.9847 0
      vertex 50.2611 38.265 1.2
      vertex 50.2611 38.265 0
    endloop
  endfacet
  facet normal -0.751862 0.659321 0
    outer loop
      vertex 50.2611 38.265 1.2
      vertex 50.0153 37.9847 0
      vertex 50.0153 37.9847 1.2
    endloop
  endfacet
  facet normal 0.555505 -0.831513 0
    outer loop
      vertex 46.265 42.2611 0
      vertex 46.575 42.4682 1.2
      vertex 46.265 42.2611 1.2
    endloop
  endfacet
  facet normal 0.555505 -0.831513 0
    outer loop
      vertex 46.575 42.4682 1.2
      vertex 46.265 42.2611 0
      vertex 46.575 42.4682 0
    endloop
  endfacet
  facet normal -0.321374 -0.946952 0
    outer loop
      vertex 48.7376 42.7529 0
      vertex 49.0906 42.6331 1.2
      vertex 48.7376 42.7529 1.2
    endloop
  endfacet
  facet normal -0.321374 -0.946952 -0
    outer loop
      vertex 49.0906 42.6331 1.2
      vertex 48.7376 42.7529 0
      vertex 49.0906 42.6331 0
    endloop
  endfacet
  facet normal -0.555505 -0.831513 0
    outer loop
      vertex 49.425 42.4682 0
      vertex 49.735 42.2611 1.2
      vertex 49.425 42.4682 1.2
    endloop
  endfacet
  facet normal -0.555505 -0.831513 -0
    outer loop
      vertex 49.735 42.2611 1.2
      vertex 49.425 42.4682 0
      vertex 49.735 42.2611 0
    endloop
  endfacet
  facet normal -0.321374 0.946952 0
    outer loop
      vertex 49.0906 37.3669 0
      vertex 48.7376 37.2471 1.2
      vertex 49.0906 37.3669 1.2
    endloop
  endfacet
  facet normal -0.321374 0.946952 0
    outer loop
      vertex 48.7376 37.2471 1.2
      vertex 49.0906 37.3669 0
      vertex 48.7376 37.2471 0
    endloop
  endfacet
  facet normal -0.896881 -0.442272 0
    outer loop
      vertex 50.6331 41.0906 0
      vertex 50.4682 41.425 1.2
      vertex 50.4682 41.425 0
    endloop
  endfacet
  facet normal -0.896881 -0.442272 0
    outer loop
      vertex 50.4682 41.425 1.2
      vertex 50.6331 41.0906 0
      vertex 50.6331 41.0906 1.2
    endloop
  endfacet
  facet normal 0.195033 -0.980797 0
    outer loop
      vertex 47.2624 42.7529 0
      vertex 47.628 42.8256 1.2
      vertex 47.2624 42.7529 1.2
    endloop
  endfacet
  facet normal 0.195033 -0.980797 0
    outer loop
      vertex 47.628 42.8256 1.2
      vertex 47.2624 42.7529 0
      vertex 47.628 42.8256 0
    endloop
  endfacet
  facet normal -0.946952 0.321374 0
    outer loop
      vertex 50.6331 38.9094 0
      vertex 50.7529 39.2624 1.2
      vertex 50.7529 39.2624 0
    endloop
  endfacet
  facet normal -0.946952 0.321374 0
    outer loop
      vertex 50.7529 39.2624 1.2
      vertex 50.6331 38.9094 0
      vertex 50.6331 38.9094 1.2
    endloop
  endfacet
  facet normal 0.555505 0.831513 -0
    outer loop
      vertex 46.575 37.5318 0
      vertex 46.265 37.7389 1.2
      vertex 46.575 37.5318 1.2
    endloop
  endfacet
  facet normal 0.555505 0.831513 0
    outer loop
      vertex 46.265 37.7389 1.2
      vertex 46.575 37.5318 0
      vertex 46.265 37.7389 0
    endloop
  endfacet
  facet normal 0.659321 -0.751862 0
    outer loop
      vertex 45.9847 42.0153 0
      vertex 46.265 42.2611 1.2
      vertex 45.9847 42.0153 1.2
    endloop
  endfacet
  facet normal 0.659321 -0.751862 0
    outer loop
      vertex 46.265 42.2611 1.2
      vertex 45.9847 42.0153 0
      vertex 46.265 42.2611 0
    endloop
  endfacet
  facet normal 0.980797 -0.195033 0
    outer loop
      vertex 45.1744 40.372 1.2
      vertex 45.2471 40.7376 0
      vertex 45.2471 40.7376 1.2
    endloop
  endfacet
  facet normal 0.980797 -0.195033 0
    outer loop
      vertex 45.2471 40.7376 0
      vertex 45.1744 40.372 1.2
      vertex 45.1744 40.372 0
    endloop
  endfacet
  facet normal 0.321374 -0.946952 0
    outer loop
      vertex 46.9094 42.6331 0
      vertex 47.2624 42.7529 1.2
      vertex 46.9094 42.6331 1.2
    endloop
  endfacet
  facet normal 0.321374 -0.946952 0
    outer loop
      vertex 47.2624 42.7529 1.2
      vertex 46.9094 42.6331 0
      vertex 47.2624 42.7529 0
    endloop
  endfacet
  facet normal -0.659321 0.751862 0
    outer loop
      vertex 50.0153 37.9847 0
      vertex 49.735 37.7389 1.2
      vertex 50.0153 37.9847 1.2
    endloop
  endfacet
  facet normal -0.659321 0.751862 0
    outer loop
      vertex 49.735 37.7389 1.2
      vertex 50.0153 37.9847 0
      vertex 49.735 37.7389 0
    endloop
  endfacet
  facet normal 0.946952 0.321374 0
    outer loop
      vertex 45.3669 38.9094 1.2
      vertex 45.2471 39.2624 0
      vertex 45.2471 39.2624 1.2
    endloop
  endfacet
  facet normal 0.946952 0.321374 0
    outer loop
      vertex 45.2471 39.2624 0
      vertex 45.3669 38.9094 1.2
      vertex 45.3669 38.9094 0
    endloop
  endfacet
  facet normal -0.831513 -0.555505 0
    outer loop
      vertex 50.4682 41.425 0
      vertex 50.2611 41.735 1.2
      vertex 50.2611 41.735 0
    endloop
  endfacet
  facet normal -0.831513 -0.555505 0
    outer loop
      vertex 50.2611 41.735 1.2
      vertex 50.4682 41.425 0
      vertex 50.4682 41.425 1.2
    endloop
  endfacet
  facet normal -0.195033 0.980797 0
    outer loop
      vertex 48.7376 37.2471 0
      vertex 48.372 37.1744 1.2
      vertex 48.7376 37.2471 1.2
    endloop
  endfacet
  facet normal -0.195033 0.980797 0
    outer loop
      vertex 48.372 37.1744 1.2
      vertex 48.7376 37.2471 0
      vertex 48.372 37.1744 0
    endloop
  endfacet
  facet normal 0.980797 0.195033 0
    outer loop
      vertex 45.2471 39.2624 1.2
      vertex 45.1744 39.628 0
      vertex 45.1744 39.628 1.2
    endloop
  endfacet
  facet normal 0.980797 0.195033 0
    outer loop
      vertex 45.1744 39.628 0
      vertex 45.2471 39.2624 1.2
      vertex 45.2471 39.2624 0
    endloop
  endfacet
  facet normal -0.659321 -0.751862 0
    outer loop
      vertex 49.735 42.2611 0
      vertex 50.0153 42.0153 1.2
      vertex 49.735 42.2611 1.2
    endloop
  endfacet
  facet normal -0.659321 -0.751862 -0
    outer loop
      vertex 50.0153 42.0153 1.2
      vertex 49.735 42.2611 0
      vertex 50.0153 42.0153 0
    endloop
  endfacet
  facet normal -0.997856 0.0654508 0
    outer loop
      vertex 50.8256 39.628 0
      vertex 50.85 40 1.2
      vertex 50.85 40 0
    endloop
  endfacet
  facet normal -0.997856 0.0654508 0
    outer loop
      vertex 50.85 40 1.2
      vertex 50.8256 39.628 0
      vertex 50.8256 39.628 1.2
    endloop
  endfacet
  facet normal -0.980797 0.195033 0
    outer loop
      vertex 50.7529 39.2624 0
      vertex 50.8256 39.628 1.2
      vertex 50.8256 39.628 0
    endloop
  endfacet
  facet normal -0.980797 0.195033 0
    outer loop
      vertex 50.8256 39.628 1.2
      vertex 50.7529 39.2624 0
      vertex 50.7529 39.2624 1.2
    endloop
  endfacet
  facet normal -0.555505 0.831513 0
    outer loop
      vertex 49.735 37.7389 0
      vertex 49.425 37.5318 1.2
      vertex 49.735 37.7389 1.2
    endloop
  endfacet
  facet normal -0.555505 0.831513 0
    outer loop
      vertex 49.425 37.5318 1.2
      vertex 49.735 37.7389 0
      vertex 49.425 37.5318 0
    endloop
  endfacet
  facet normal -0.195033 -0.980797 0
    outer loop
      vertex 48.372 42.8256 0
      vertex 48.7376 42.7529 1.2
      vertex 48.372 42.8256 1.2
    endloop
  endfacet
  facet normal -0.195033 -0.980797 -0
    outer loop
      vertex 48.7376 42.7529 1.2
      vertex 48.372 42.8256 0
      vertex 48.7376 42.7529 0
    endloop
  endfacet
  facet normal -0.751862 -0.659321 0
    outer loop
      vertex 50.2611 41.735 0
      vertex 50.0153 42.0153 1.2
      vertex 50.0153 42.0153 0
    endloop
  endfacet
  facet normal -0.751862 -0.659321 0
    outer loop
      vertex 50.0153 42.0153 1.2
      vertex 50.2611 41.735 0
      vertex 50.2611 41.735 1.2
    endloop
  endfacet
  facet normal -0.0654508 -0.997856 0
    outer loop
      vertex 48 42.85 0
      vertex 48.372 42.8256 1.2
      vertex 48 42.85 1.2
    endloop
  endfacet
  facet normal -0.0654508 -0.997856 -0
    outer loop
      vertex 48.372 42.8256 1.2
      vertex 48 42.85 0
      vertex 48.372 42.8256 0
    endloop
  endfacet
  facet normal 0.946952 -0.321374 0
    outer loop
      vertex 45.2471 40.7376 1.2
      vertex 45.3669 41.0906 0
      vertex 45.3669 41.0906 1.2
    endloop
  endfacet
  facet normal 0.946952 -0.321374 0
    outer loop
      vertex 45.3669 41.0906 0
      vertex 45.2471 40.7376 1.2
      vertex 45.2471 40.7376 0
    endloop
  endfacet
  facet normal 0.0654508 0.997856 -0
    outer loop
      vertex 48 37.15 0
      vertex 47.628 37.1744 1.2
      vertex 48 37.15 1.2
    endloop
  endfacet
  facet normal 0.0654508 0.997856 0
    outer loop
      vertex 47.628 37.1744 1.2
      vertex 48 37.15 0
      vertex 47.628 37.1744 0
    endloop
  endfacet
  facet normal -0.442272 -0.896881 0
    outer loop
      vertex 49.0906 42.6331 0
      vertex 49.425 42.4682 1.2
      vertex 49.0906 42.6331 1.2
    endloop
  endfacet
  facet normal -0.442272 -0.896881 -0
    outer loop
      vertex 49.425 42.4682 1.2
      vertex 49.0906 42.6331 0
      vertex 49.425 42.4682 0
    endloop
  endfacet
  facet normal 0.997856 0.0654508 0
    outer loop
      vertex 45.1744 39.628 1.2
      vertex 45.15 40 0
      vertex 45.15 40 1.2
    endloop
  endfacet
  facet normal 0.997856 0.0654508 0
    outer loop
      vertex 45.15 40 0
      vertex 45.1744 39.628 1.2
      vertex 45.1744 39.628 0
    endloop
  endfacet
  facet normal 0.659321 0.751862 -0
    outer loop
      vertex 46.265 37.7389 0
      vertex 45.9847 37.9847 1.2
      vertex 46.265 37.7389 1.2
    endloop
  endfacet
  facet normal 0.659321 0.751862 0
    outer loop
      vertex 45.9847 37.9847 1.2
      vertex 46.265 37.7389 0
      vertex 45.9847 37.9847 0
    endloop
  endfacet
  facet normal -0.831513 0.555505 0
    outer loop
      vertex 50.2611 38.265 0
      vertex 50.4682 38.575 1.2
      vertex 50.4682 38.575 0
    endloop
  endfacet
  facet normal -0.831513 0.555505 0
    outer loop
      vertex 50.4682 38.575 1.2
      vertex 50.2611 38.265 0
      vertex 50.2611 38.265 1.2
    endloop
  endfacet
  facet normal 0.751862 0.659321 0
    outer loop
      vertex 45.9847 37.9847 1.2
      vertex 45.7389 38.265 0
      vertex 45.7389 38.265 1.2
    endloop
  endfacet
  facet normal 0.751862 0.659321 0
    outer loop
      vertex 45.7389 38.265 0
      vertex 45.9847 37.9847 1.2
      vertex 45.9847 37.9847 0
    endloop
  endfacet
  facet normal 0.997856 -0.0654508 0
    outer loop
      vertex 45.15 40 1.2
      vertex 45.1744 40.372 0
      vertex 45.1744 40.372 1.2
    endloop
  endfacet
  facet normal 0.997856 -0.0654508 0
    outer loop
      vertex 45.1744 40.372 0
      vertex 45.15 40 1.2
      vertex 45.15 40 0
    endloop
  endfacet
  facet normal 0.195033 0.980797 -0
    outer loop
      vertex 47.628 37.1744 0
      vertex 47.2624 37.2471 1.2
      vertex 47.628 37.1744 1.2
    endloop
  endfacet
  facet normal 0.195033 0.980797 0
    outer loop
      vertex 47.2624 37.2471 1.2
      vertex 47.628 37.1744 0
      vertex 47.2624 37.2471 0
    endloop
  endfacet
  facet normal -0.0654508 0.997856 0
    outer loop
      vertex 48.372 37.1744 0
      vertex 48 37.15 1.2
      vertex 48.372 37.1744 1.2
    endloop
  endfacet
  facet normal -0.0654508 0.997856 0
    outer loop
      vertex 48 37.15 1.2
      vertex 48.372 37.1744 0
      vertex 48 37.15 0
    endloop
  endfacet
  facet normal 0.442272 -0.896881 0
    outer loop
      vertex 46.575 42.4682 0
      vertex 46.9094 42.6331 1.2
      vertex 46.575 42.4682 1.2
    endloop
  endfacet
  facet normal 0.442272 -0.896881 0
    outer loop
      vertex 46.9094 42.6331 1.2
      vertex 46.575 42.4682 0
      vertex 46.9094 42.6331 0
    endloop
  endfacet
  facet normal 0.321374 0.946952 -0
    outer loop
      vertex 47.2624 37.2471 0
      vertex 46.9094 37.3669 1.2
      vertex 47.2624 37.2471 1.2
    endloop
  endfacet
  facet normal 0.321374 0.946952 0
    outer loop
      vertex 46.9094 37.3669 1.2
      vertex 47.2624 37.2471 0
      vertex 46.9094 37.3669 0
    endloop
  endfacet
  facet normal 0.751862 -0.659321 0
    outer loop
      vertex 45.7389 41.735 1.2
      vertex 45.9847 42.0153 0
      vertex 45.9847 42.0153 1.2
    endloop
  endfacet
  facet normal 0.751862 -0.659321 0
    outer loop
      vertex 45.9847 42.0153 0
      vertex 45.7389 41.735 1.2
      vertex 45.7389 41.735 0
    endloop
  endfacet
  facet normal 0.831513 0.555505 0
    outer loop
      vertex 45.7389 38.265 1.2
      vertex 45.5318 38.575 0
      vertex 45.5318 38.575 1.2
    endloop
  endfacet
  facet normal 0.831513 0.555505 0
    outer loop
      vertex 45.5318 38.575 0
      vertex 45.7389 38.265 1.2
      vertex 45.7389 38.265 0
    endloop
  endfacet
  facet normal 0.0654508 -0.997856 0
    outer loop
      vertex 47.628 42.8256 0
      vertex 48 42.85 1.2
      vertex 47.628 42.8256 1.2
    endloop
  endfacet
  facet normal 0.0654508 -0.997856 0
    outer loop
      vertex 48 42.85 1.2
      vertex 47.628 42.8256 0
      vertex 48 42.85 0
    endloop
  endfacet
  facet normal 0.442272 0.896881 -0
    outer loop
      vertex 46.9094 37.3669 0
      vertex 46.575 37.5318 1.2
      vertex 46.9094 37.3669 1.2
    endloop
  endfacet
  facet normal 0.442272 0.896881 0
    outer loop
      vertex 46.575 37.5318 1.2
      vertex 46.9094 37.3669 0
      vertex 46.575 37.5318 0
    endloop
  endfacet
  facet normal -0.896881 0.442272 0
    outer loop
      vertex 50.4682 38.575 0
      vertex 50.6331 38.9094 1.2
      vertex 50.6331 38.9094 0
    endloop
  endfacet
  facet normal -0.896881 0.442272 0
    outer loop
      vertex 50.6331 38.9094 1.2
      vertex 50.4682 38.575 0
      vertex 50.4682 38.575 1.2
    endloop
  endfacet
  facet normal 0.896881 -0.442272 0
    outer loop
      vertex 45.3669 41.0906 1.2
      vertex 45.5318 41.425 0
      vertex 45.5318 41.425 1.2
    endloop
  endfacet
  facet normal 0.896881 -0.442272 0
    outer loop
      vertex 45.5318 41.425 0
      vertex 45.3669 41.0906 1.2
      vertex 45.3669 41.0906 0
    endloop
  endfacet
  facet normal 0.831513 -0.555505 0
    outer loop
      vertex 45.5318 41.425 1.2
      vertex 45.7389 41.735 0
      vertex 45.7389 41.735 1.2
    endloop
  endfacet
  facet normal 0.831513 -0.555505 0
    outer loop
      vertex 45.7389 41.735 0
      vertex 45.5318 41.425 1.2
      vertex 45.5318 41.425 0
    endloop
  endfacet
  facet normal -0 0 1
    outer loop
      vertex 53.1 42 3
      vertex 54.3 38 3
      vertex 54.3 42 3
    endloop
  endfacet
  facet normal 0 0 1
    outer loop
      vertex 54.3 38 3
      vertex 53.1 42 3
      vertex 53.1 38 3
    endloop
  endfacet
  facet normal 0 -1 0
    outer loop
      vertex 53.1 42 3
      vertex 54.3 42 5.5
      vertex 53.1 42 5.5
    endloop
  endfacet
  facet normal 0 -1 -0
    outer loop
      vertex 54.3 42 5.5
      vertex 53.1 42 3
      vertex 54.3 42 3
    endloop
  endfacet
  facet normal 0 1 -0
    outer loop
      vertex 54.3 38 3
      vertex 53.1 38 5.5
      vertex 54.3 38 5.5
    endloop
  endfacet
  facet normal 0 1 0
    outer loop
      vertex 53.1 38 5.5
      vertex 54.3 38 3
      vertex 53.1 38 3
    endloop
  endfacet
  facet normal 1 0 0
    outer loop
      vertex 70.3 38 5.5
      vertex 70.3 33.7 5.5
      vertex 70.3 38 3
    endloop
  endfacet
  facet normal 1 0 0
    outer loop
      vertex 70.3 42 3
      vertex 70.3 46.3 5.5
      vertex 70.3 42 5.5
    endloop
  endfacet
  facet normal 1 0 0
    outer loop
      vertex 70.3 46.3 5.5
      vertex 70.3 42 3
      vertex 70.3 46.3 0
    endloop
  endfacet
  facet normal 1 -0 0
    outer loop
      vertex 70.3 38 3
      vertex 70.3 46.3 0
      vertex 70.3 42 3
    endloop
  endfacet
  facet normal 1 0 0
    outer loop
      vertex 70.3 38 3
      vertex 70.3 33.7 0
      vertex 70.3 46.3 0
    endloop
  endfacet
  facet normal 1 0 0
    outer loop
      vertex 70.3 33.7 0
      vertex 70.3 38 3
      vertex 70.3 33.7 5.5
    endloop
  endfacet
  facet normal 0 0 1
    outer loop
      vertex 70.3 46.3 5.5
      vertex 69.1 45.1 5.5
      vertex 70.3 42 5.5
    endloop
  endfacet
  facet normal 0 0 1
    outer loop
      vertex 70.3 46.3 5.5
      vertex 58.9 45.1 5.5
      vertex 69.1 45.1 5.5
    endloop
  endfacet
  facet normal 0 0 1
    outer loop
      vertex 58.9 45.1 5.5
      vertex 57.7 46.3 5.5
      vertex 58.9 34.9 5.5
    endloop
  endfacet
  facet normal -0 0 1
    outer loop
      vertex 57.7 46.3 5.5
      vertex 58.9 45.1 5.5
      vertex 70.3 46.3 5.5
    endloop
  endfacet
  facet normal 0 0 1
    outer loop
      vertex 70.3 42 5.5
      vertex 69.1 45.1 5.5
      vertex 69.1 42 5.5
    endloop
  endfacet
  facet normal 0 0 1
    outer loop
      vertex 69.1 34.9 5.5
      vertex 70.3 38 5.5
      vertex 69.1 38 5.5
    endloop
  endfacet
  facet normal 0 0 1
    outer loop
      vertex 70.3 38 5.5
      vertex 69.1 34.9 5.5
      vertex 70.3 33.7 5.5
    endloop
  endfacet
  facet normal -0 0 1
    outer loop
      vertex 58.9 34.9 5.5
      vertex 70.3 33.7 5.5
      vertex 69.1 34.9 5.5
    endloop
  endfacet
  facet normal 0 0 1
    outer loop
      vertex 58.9 34.9 5.5
      vertex 57.7 33.7 5.5
      vertex 70.3 33.7 5.5
    endloop
  endfacet
  facet normal 0 0 1
    outer loop
      vertex 57.7 33.7 5.5
      vertex 58.9 34.9 5.5
      vertex 57.7 46.3 5.5
    endloop
  endfacet
  facet normal 0 0 -1
    outer loop
      vertex 70.3 33.7 0
      vertex 66.85 40 0
      vertex 70.3 46.3 0
    endloop
  endfacet
  facet normal 0 0 -1
    outer loop
      vertex 70.3 33.7 0
      vertex 66.8256 39.628 0
      vertex 66.85 40 0
    endloop
  endfacet
  facet normal 0 0 -1
    outer loop
      vertex 70.3 33.7 0
      vertex 66.7529 39.2624 0
      vertex 66.8256 39.628 0
    endloop
  endfacet
  facet normal 0 0 -1
    outer loop
      vertex 70.3 33.7 0
      vertex 66.6331 38.9094 0
      vertex 66.7529 39.2624 0
    endloop
  endfacet
  facet normal 0 0 -1
    outer loop
      vertex 70.3 33.7 0
      vertex 66.4682 38.575 0
      vertex 66.6331 38.9094 0
    endloop
  endfacet
  facet normal 0 0 -1
    outer loop
      vertex 70.3 33.7 0
      vertex 66.2611 38.265 0
      vertex 66.4682 38.575 0
    endloop
  endfacet
  facet normal 0 0 -1
    outer loop
      vertex 70.3 33.7 0
      vertex 66.0153 37.9847 0
      vertex 66.2611 38.265 0
    endloop
  endfacet
  facet normal 0 0 -1
    outer loop
      vertex 70.3 33.7 0
      vertex 65.735 37.7389 0
      vertex 66.0153 37.9847 0
    endloop
  endfacet
  facet normal 0 0 -1
    outer loop
      vertex 70.3 33.7 0
      vertex 65.425 37.5318 0
      vertex 65.735 37.7389 0
    endloop
  endfacet
  facet normal 0 0 -1
    outer loop
      vertex 70.3 33.7 0
      vertex 65.0906 37.3669 0
      vertex 65.425 37.5318 0
    endloop
  endfacet
  facet normal 0 0 -1
    outer loop
      vertex 70.3 33.7 0
      vertex 64.7376 37.2471 0
      vertex 65.0906 37.3669 0
    endloop
  endfacet
  facet normal 0 0 -1
    outer loop
      vertex 70.3 33.7 0
      vertex 64.372 37.1744 0
      vertex 64.7376 37.2471 0
    endloop
  endfacet
  facet normal 0 0 -1
    outer loop
      vertex 70.3 33.7 0
      vertex 64 37.15 0
      vertex 64.372 37.1744 0
    endloop
  endfacet
  facet normal 0 0 -1
    outer loop
      vertex 57.7 33.7 0
      vertex 64 37.15 0
      vertex 70.3 33.7 0
    endloop
  endfacet
  facet normal -0 0 -1
    outer loop
      vertex 64 37.15 0
      vertex 57.7 33.7 0
      vertex 63.628 37.1744 0
    endloop
  endfacet
  facet normal -0 0 -1
    outer loop
      vertex 63.628 37.1744 0
      vertex 57.7 33.7 0
      vertex 63.2624 37.2471 0
    endloop
  endfacet
  facet normal -0 0 -1
    outer loop
      vertex 63.2624 37.2471 0
      vertex 57.7 33.7 0
      vertex 62.9094 37.3669 0
    endloop
  endfacet
  facet normal -0 0 -1
    outer loop
      vertex 61.1744 39.628 0
      vertex 57.7 33.7 0
      vertex 61.15 40 0
    endloop
  endfacet
  facet normal -0 0 -1
    outer loop
      vertex 61.2471 39.2624 0
      vertex 57.7 33.7 0
      vertex 61.1744 39.628 0
    endloop
  endfacet
  facet normal -0 0 -1
    outer loop
      vertex 61.3669 38.9094 0
      vertex 57.7 33.7 0
      vertex 61.2471 39.2624 0
    endloop
  endfacet
  facet normal -0 0 -1
    outer loop
      vertex 61.5318 38.575 0
      vertex 57.7 33.7 0
      vertex 61.3669 38.9094 0
    endloop
  endfacet
  facet normal -0 0 -1
    outer loop
      vertex 61.7389 38.265 0
      vertex 57.7 33.7 0
      vertex 61.5318 38.575 0
    endloop
  endfacet
  facet normal -0 0 -1
    outer loop
      vertex 61.9847 37.9847 0
      vertex 57.7 33.7 0
      vertex 61.7389 38.265 0
    endloop
  endfacet
  facet normal -0 0 -1
    outer loop
      vertex 62.265 37.7389 0
      vertex 57.7 33.7 0
      vertex 61.9847 37.9847 0
    endloop
  endfacet
  facet normal -0 0 -1
    outer loop
      vertex 62.575 37.5318 0
      vertex 57.7 33.7 0
      vertex 62.265 37.7389 0
    endloop
  endfacet
  facet normal -0 0 -1
    outer loop
      vertex 62.9094 37.3669 0
      vertex 57.7 33.7 0
      vertex 62.575 37.5318 0
    endloop
  endfacet
  facet normal 0 0 -1
    outer loop
      vertex 66.8256 40.372 0
      vertex 70.3 46.3 0
      vertex 66.85 40 0
    endloop
  endfacet
  facet normal 0 0 -1
    outer loop
      vertex 66.7529 40.7376 0
      vertex 70.3 46.3 0
      vertex 66.8256 40.372 0
    endloop
  endfacet
  facet normal 0 0 -1
    outer loop
      vertex 66.6331 41.0906 0
      vertex 70.3 46.3 0
      vertex 66.7529 40.7376 0
    endloop
  endfacet
  facet normal 0 0 -1
    outer loop
      vertex 66.4682 41.425 0
      vertex 70.3 46.3 0
      vertex 66.6331 41.0906 0
    endloop
  endfacet
  facet normal 0 0 -1
    outer loop
      vertex 66.2611 41.735 0
      vertex 70.3 46.3 0
      vertex 66.4682 41.425 0
    endloop
  endfacet
  facet normal 0 0 -1
    outer loop
      vertex 66.0153 42.0153 0
      vertex 70.3 46.3 0
      vertex 66.2611 41.735 0
    endloop
  endfacet
  facet normal 0 0 -1
    outer loop
      vertex 65.735 42.2611 0
      vertex 70.3 46.3 0
      vertex 66.0153 42.0153 0
    endloop
  endfacet
  facet normal 0 0 -1
    outer loop
      vertex 65.425 42.4682 0
      vertex 70.3 46.3 0
      vertex 65.735 42.2611 0
    endloop
  endfacet
  facet normal 0 0 -1
    outer loop
      vertex 65.0906 42.6331 0
      vertex 70.3 46.3 0
      vertex 65.425 42.4682 0
    endloop
  endfacet
  facet normal 0 0 -1
    outer loop
      vertex 64.7376 42.7529 0
      vertex 70.3 46.3 0
      vertex 65.0906 42.6331 0
    endloop
  endfacet
  facet normal 0 0 -1
    outer loop
      vertex 64.372 42.8256 0
      vertex 70.3 46.3 0
      vertex 64.7376 42.7529 0
    endloop
  endfacet
  facet normal 0 0 -1
    outer loop
      vertex 64 42.85 0
      vertex 70.3 46.3 0
      vertex 64.372 42.8256 0
    endloop
  endfacet
  facet normal 0 0 -1
    outer loop
      vertex 57.7 46.3 0
      vertex 64 42.85 0
      vertex 63.628 42.8256 0
    endloop
  endfacet
  facet normal 0 0 -1
    outer loop
      vertex 57.7 46.3 0
      vertex 63.628 42.8256 0
      vertex 63.2624 42.7529 0
    endloop
  endfacet
  facet normal 0 0 -1
    outer loop
      vertex 57.7 46.3 0
      vertex 63.2624 42.7529 0
      vertex 62.9094 42.6331 0
    endloop
  endfacet
  facet normal 0 0 -1
    outer loop
      vertex 57.7 46.3 0
      vertex 62.9094 42.6331 0
      vertex 62.575 42.4682 0
    endloop
  endfacet
  facet normal 0 0 -1
    outer loop
      vertex 57.7 46.3 0
      vertex 61.15 40 0
      vertex 57.7 33.7 0
    endloop
  endfacet
  facet normal 0 0 -1
    outer loop
      vertex 61.15 40 0
      vertex 57.7 46.3 0
      vertex 61.1744 40.372 0
    endloop
  endfacet
  facet normal 0 0 -1
    outer loop
      vertex 61.1744 40.372 0
      vertex 57.7 46.3 0
      vertex 61.2471 40.7376 0
    endloop
  endfacet
  facet normal 0 0 -1
    outer loop
      vertex 61.2471 40.7376 0
      vertex 57.7 46.3 0
      vertex 61.3669 41.0906 0
    endloop
  endfacet
  facet normal 0 0 -1
    outer loop
      vertex 64 42.85 0
      vertex 57.7 46.3 0
      vertex 70.3 46.3 0
    endloop
  endfacet
  facet normal 0 0 -1
    outer loop
      vertex 62.265 42.2611 0
      vertex 57.7 46.3 0
      vertex 62.575 42.4682 0
    endloop
  endfacet
  facet normal 0 0 -1
    outer loop
      vertex 61.9847 42.0153 0
      vertex 57.7 46.3 0
      vertex 62.265 42.2611 0
    endloop
  endfacet
  facet normal 0 0 -1
    outer loop
      vertex 61.7389 41.735 0
      vertex 57.7 46.3 0
      vertex 61.9847 42.0153 0
    endloop
  endfacet
  facet normal 0 0 -1
    outer loop
      vertex 61.5318 41.425 0
      vertex 57.7 46.3 0
      vertex 61.7389 41.735 0
    endloop
  endfacet
  facet normal 0 0 -1
    outer loop
      vertex 61.3669 41.0906 0
      vertex 57.7 46.3 0
      vertex 61.5318 41.425 0
    endloop
  endfacet
  facet normal -1 0 0
    outer loop
      vertex 57.7 33.7 0
      vertex 57.7 46.3 5.5
      vertex 57.7 46.3 0
    endloop
  endfacet
  facet normal -1 -0 0
    outer loop
      vertex 57.7 46.3 5.5
      vertex 57.7 33.7 0
      vertex 57.7 33.7 5.5
    endloop
  endfacet
  facet normal 0 1 -0
    outer loop
      vertex 70.3 46.3 0
      vertex 57.7 46.3 5.5
      vertex 70.3 46.3 5.5
    endloop
  endfacet
  facet normal 0 1 0
    outer loop
      vertex 57.7 46.3 5.5
      vertex 70.3 46.3 0
      vertex 57.7 46.3 0
    endloop
  endfacet
  facet normal 0 -1 0
    outer loop
      vertex 57.7 33.7 0
      vertex 70.3 33.7 5.5
      vertex 57.7 33.7 5.5
    endloop
  endfacet
  facet normal 0 -1 -0
    outer loop
      vertex 70.3 33.7 5.5
      vertex 57.7 33.7 0
      vertex 70.3 33.7 0
    endloop
  endfacet
  facet normal -1 0 0
    outer loop
      vertex 69.1 45.1 1.2
      vertex 69.1 42 3
      vertex 69.1 45.1 5.5
    endloop
  endfacet
  facet normal -1 0 0
    outer loop
      vertex 69.1 45.1 1.2
      vertex 69.1 38 3
      vertex 69.1 42 3
    endloop
  endfacet
  facet normal -1 0 0
    outer loop
      vertex 69.1 34.9 1.2
      vertex 69.1 38 3
      vertex 69.1 45.1 1.2
    endloop
  endfacet
  facet normal -1 0 0
    outer loop
      vertex 69.1 34.9 5.5
      vertex 69.1 38 3
      vertex 69.1 34.9 1.2
    endloop
  endfacet
  facet normal -1 0 0
    outer loop
      vertex 69.1 38 3
      vertex 69.1 34.9 5.5
      vertex 69.1 38 5.5
    endloop
  endfacet
  facet normal -1 -0 0
    outer loop
      vertex 69.1 45.1 5.5
      vertex 69.1 42 3
      vertex 69.1 42 5.5
    endloop
  endfacet
  facet normal 0 0 1
    outer loop
      vertex 69.1 45.1 1.2
      vertex 66.85 40 1.2
      vertex 69.1 34.9 1.2
    endloop
  endfacet
  facet normal 0 0 1
    outer loop
      vertex 69.1 45.1 1.2
      vertex 66.8256 40.372 1.2
      vertex 66.85 40 1.2
    endloop
  endfacet
  facet normal 0 0 1
    outer loop
      vertex 69.1 45.1 1.2
      vertex 66.7529 40.7376 1.2
      vertex 66.8256 40.372 1.2
    endloop
  endfacet
  facet normal 0 0 1
    outer loop
      vertex 69.1 45.1 1.2
      vertex 66.6331 41.0906 1.2
      vertex 66.7529 40.7376 1.2
    endloop
  endfacet
  facet normal 0 0 1
    outer loop
      vertex 69.1 45.1 1.2
      vertex 66.4682 41.425 1.2
      vertex 66.6331 41.0906 1.2
    endloop
  endfacet
  facet normal 0 0 1
    outer loop
      vertex 69.1 45.1 1.2
      vertex 66.2611 41.735 1.2
      vertex 66.4682 41.425 1.2
    endloop
  endfacet
  facet normal 0 0 1
    outer loop
      vertex 69.1 45.1 1.2
      vertex 66.0153 42.0153 1.2
      vertex 66.2611 41.735 1.2
    endloop
  endfacet
  facet normal 0 0 1
    outer loop
      vertex 69.1 45.1 1.2
      vertex 65.735 42.2611 1.2
      vertex 66.0153 42.0153 1.2
    endloop
  endfacet
  facet normal 0 0 1
    outer loop
      vertex 69.1 45.1 1.2
      vertex 65.425 42.4682 1.2
      vertex 65.735 42.2611 1.2
    endloop
  endfacet
  facet normal 0 0 1
    outer loop
      vertex 69.1 45.1 1.2
      vertex 65.0906 42.6331 1.2
      vertex 65.425 42.4682 1.2
    endloop
  endfacet
  facet normal 0 0 1
    outer loop
      vertex 69.1 45.1 1.2
      vertex 64.7376 42.7529 1.2
      vertex 65.0906 42.6331 1.2
    endloop
  endfacet
  facet normal 0 0 1
    outer loop
      vertex 69.1 45.1 1.2
      vertex 64.372 42.8256 1.2
      vertex 64.7376 42.7529 1.2
    endloop
  endfacet
  facet normal 0 0 1
    outer loop
      vertex 69.1 45.1 1.2
      vertex 64 42.85 1.2
      vertex 64.372 42.8256 1.2
    endloop
  endfacet
  facet normal -0 0 1
    outer loop
      vertex 58.9 45.1 1.2
      vertex 64 42.85 1.2
      vertex 69.1 45.1 1.2
    endloop
  endfacet
  facet normal 0 0 1
    outer loop
      vertex 64 42.85 1.2
      vertex 58.9 45.1 1.2
      vertex 63.628 42.8256 1.2
    endloop
  endfacet
  facet normal 0 0 1
    outer loop
      vertex 63.628 42.8256 1.2
      vertex 58.9 45.1 1.2
      vertex 63.2624 42.7529 1.2
    endloop
  endfacet
  facet normal 0 0 1
    outer loop
      vertex 61.1744 40.372 1.2
      vertex 58.9 45.1 1.2
      vertex 61.15 40 1.2
    endloop
  endfacet
  facet normal 0 0 1
    outer loop
      vertex 61.2471 40.7376 1.2
      vertex 58.9 45.1 1.2
      vertex 61.1744 40.372 1.2
    endloop
  endfacet
  facet normal 0 0 1
    outer loop
      vertex 61.3669 41.0906 1.2
      vertex 58.9 45.1 1.2
      vertex 61.2471 40.7376 1.2
    endloop
  endfacet
  facet normal 0 0 1
    outer loop
      vertex 61.5318 41.425 1.2
      vertex 58.9 45.1 1.2
      vertex 61.3669 41.0906 1.2
    endloop
  endfacet
  facet normal 0 0 1
    outer loop
      vertex 61.7389 41.735 1.2
      vertex 58.9 45.1 1.2
      vertex 61.5318 41.425 1.2
    endloop
  endfacet
  facet normal 0 0 1
    outer loop
      vertex 61.9847 42.0153 1.2
      vertex 58.9 45.1 1.2
      vertex 61.7389 41.735 1.2
    endloop
  endfacet
  facet normal 0 0 1
    outer loop
      vertex 62.265 42.2611 1.2
      vertex 58.9 45.1 1.2
      vertex 61.9847 42.0153 1.2
    endloop
  endfacet
  facet normal 0 0 1
    outer loop
      vertex 62.575 42.4682 1.2
      vertex 58.9 45.1 1.2
      vertex 62.265 42.2611 1.2
    endloop
  endfacet
  facet normal 0 0 1
    outer loop
      vertex 62.9094 42.6331 1.2
      vertex 58.9 45.1 1.2
      vertex 62.575 42.4682 1.2
    endloop
  endfacet
  facet normal 0 0 1
    outer loop
      vertex 63.2624 42.7529 1.2
      vertex 58.9 45.1 1.2
      vertex 62.9094 42.6331 1.2
    endloop
  endfacet
  facet normal -0 0 1
    outer loop
      vertex 66.8256 39.628 1.2
      vertex 69.1 34.9 1.2
      vertex 66.85 40 1.2
    endloop
  endfacet
  facet normal -0 0 1
    outer loop
      vertex 66.7529 39.2624 1.2
      vertex 69.1 34.9 1.2
      vertex 66.8256 39.628 1.2
    endloop
  endfacet
  facet normal -0 0 1
    outer loop
      vertex 66.6331 38.9094 1.2
      vertex 69.1 34.9 1.2
      vertex 66.7529 39.2624 1.2
    endloop
  endfacet
  facet normal -0 0 1
    outer loop
      vertex 66.4682 38.575 1.2
      vertex 69.1 34.9 1.2
      vertex 66.6331 38.9094 1.2
    endloop
  endfacet
  facet normal -0 0 1
    outer loop
      vertex 66.2611 38.265 1.2
      vertex 69.1 34.9 1.2
      vertex 66.4682 38.575 1.2
    endloop
  endfacet
  facet normal -0 0 1
    outer loop
      vertex 66.0153 37.9847 1.2
      vertex 69.1 34.9 1.2
      vertex 66.2611 38.265 1.2
    endloop
  endfacet
  facet normal -0 0 1
    outer loop
      vertex 65.735 37.7389 1.2
      vertex 69.1 34.9 1.2
      vertex 66.0153 37.9847 1.2
    endloop
  endfacet
  facet normal -0 0 1
    outer loop
      vertex 65.425 37.5318 1.2
      vertex 69.1 34.9 1.2
      vertex 65.735 37.7389 1.2
    endloop
  endfacet
  facet normal -0 0 1
    outer loop
      vertex 65.0906 37.3669 1.2
      vertex 69.1 34.9 1.2
      vertex 65.425 37.5318 1.2
    endloop
  endfacet
  facet normal -0 0 1
    outer loop
      vertex 64.7376 37.2471 1.2
      vertex 69.1 34.9 1.2
      vertex 65.0906 37.3669 1.2
    endloop
  endfacet
  facet normal -0 0 1
    outer loop
      vertex 64.372 37.1744 1.2
      vertex 69.1 34.9 1.2
      vertex 64.7376 37.2471 1.2
    endloop
  endfacet
  facet normal -0 0 1
    outer loop
      vertex 64 37.15 1.2
      vertex 69.1 34.9 1.2
      vertex 64.372 37.1744 1.2
    endloop
  endfacet
  facet normal 0 0 1
    outer loop
      vertex 58.9 34.9 1.2
      vertex 64 37.15 1.2
      vertex 63.628 37.1744 1.2
    endloop
  endfacet
  facet normal 0 0 1
    outer loop
      vertex 58.9 34.9 1.2
      vertex 63.628 37.1744 1.2
      vertex 63.2624 37.2471 1.2
    endloop
  endfacet
  facet normal 0 0 1
    outer loop
      vertex 58.9 34.9 1.2
      vertex 63.2624 37.2471 1.2
      vertex 62.9094 37.3669 1.2
    endloop
  endfacet
  facet normal 0 0 1
    outer loop
      vertex 58.9 34.9 1.2
      vertex 61.15 40 1.2
      vertex 58.9 45.1 1.2
    endloop
  endfacet
  facet normal 0 0 1
    outer loop
      vertex 61.15 40 1.2
      vertex 58.9 34.9 1.2
      vertex 61.1744 39.628 1.2
    endloop
  endfacet
  facet normal 0 0 1
    outer loop
      vertex 61.1744 39.628 1.2
      vertex 58.9 34.9 1.2
      vertex 61.2471 39.2624 1.2
    endloop
  endfacet
  facet normal 0 0 1
    outer loop
      vertex 64 37.15 1.2
      vertex 58.9 34.9 1.2
      vertex 69.1 34.9 1.2
    endloop
  endfacet
  facet normal 0 0 1
    outer loop
      vertex 62.575 37.5318 1.2
      vertex 58.9 34.9 1.2
      vertex 62.9094 37.3669 1.2
    endloop
  endfacet
  facet normal 0 0 1
    outer loop
      vertex 62.265 37.7389 1.2
      vertex 58.9 34.9 1.2
      vertex 62.575 37.5318 1.2
    endloop
  endfacet
  facet normal 0 0 1
    outer loop
      vertex 61.9847 37.9847 1.2
      vertex 58.9 34.9 1.2
      vertex 62.265 37.7389 1.2
    endloop
  endfacet
  facet normal 0 0 1
    outer loop
      vertex 61.7389 38.265 1.2
      vertex 58.9 34.9 1.2
      vertex 61.9847 37.9847 1.2
    endloop
  endfacet
  facet normal 0 0 1
    outer loop
      vertex 61.5318 38.575 1.2
      vertex 58.9 34.9 1.2
      vertex 61.7389 38.265 1.2
    endloop
  endfacet
  facet normal 0 0 1
    outer loop
      vertex 61.3669 38.9094 1.2
      vertex 58.9 34.9 1.2
      vertex 61.5318 38.575 1.2
    endloop
  endfacet
  facet normal 0 0 1
    outer loop
      vertex 61.2471 39.2624 1.2
      vertex 58.9 34.9 1.2
      vertex 61.3669 38.9094 1.2
    endloop
  endfacet
  facet normal 1 -0 0
    outer loop
      vertex 58.9 34.9 5.5
      vertex 58.9 45.1 1.2
      vertex 58.9 45.1 5.5
    endloop
  endfacet
  facet normal 1 0 0
    outer loop
      vertex 58.9 45.1 1.2
      vertex 58.9 34.9 5.5
      vertex 58.9 34.9 1.2
    endloop
  endfacet
  facet normal 0 -1 0
    outer loop
      vertex 58.9 45.1 1.2
      vertex 69.1 45.1 5.5
      vertex 58.9 45.1 5.5
    endloop
  endfacet
  facet normal 0 -1 -0
    outer loop
      vertex 69.1 45.1 5.5
      vertex 58.9 45.1 1.2
      vertex 69.1 45.1 1.2
    endloop
  endfacet
  facet normal 0 1 -0
    outer loop
      vertex 69.1 34.9 1.2
      vertex 58.9 34.9 5.5
      vertex 69.1 34.9 5.5
    endloop
  endfacet
  facet normal 0 1 0
    outer loop
      vertex 58.9 34.9 5.5
      vertex 69.1 34.9 1.2
      vertex 58.9 34.9 1.2
    endloop
  endfacet
  facet normal 0.896881 0.442272 0
    outer loop
      vertex 61.5318 38.575 1.2
      vertex 61.3669 38.9094 0
      vertex 61.3669 38.9094 1.2
    endloop
  endfacet
  facet normal 0.896881 0.442272 0
    outer loop
      vertex 61.3669 38.9094 0
      vertex 61.5318 38.575 1.2
      vertex 61.5318 38.575 0
    endloop
  endfacet
  facet normal -0.442272 0.896881 0
    outer loop
      vertex 65.425 37.5318 0
      vertex 65.0906 37.3669 1.2
      vertex 65.425 37.5318 1.2
    endloop
  endfacet
  facet normal -0.442272 0.896881 0
    outer loop
      vertex 65.0906 37.3669 1.2
      vertex 65.425 37.5318 0
      vertex 65.0906 37.3669 0
    endloop
  endfacet
  facet normal -0.980797 -0.195033 0
    outer loop
      vertex 66.8256 40.372 0
      vertex 66.7529 40.7376 1.2
      vertex 66.7529 40.7376 0
    endloop
  endfacet
  facet normal -0.980797 -0.195033 0
    outer loop
      vertex 66.7529 40.7376 1.2
      vertex 66.8256 40.372 0
      vertex 66.8256 40.372 1.2
    endloop
  endfacet
  facet normal -0.997856 -0.0654508 0
    outer loop
      vertex 66.85 40 0
      vertex 66.8256 40.372 1.2
      vertex 66.8256 40.372 0
    endloop
  endfacet
  facet normal -0.997856 -0.0654508 0
    outer loop
      vertex 66.8256 40.372 1.2
      vertex 66.85 40 0
      vertex 66.85 40 1.2
    endloop
  endfacet
  facet normal -0.946952 -0.321374 0
    outer loop
      vertex 66.7529 40.7376 0
      vertex 66.6331 41.0906 1.2
      vertex 66.6331 41.0906 0
    endloop
  endfacet
  facet normal -0.946952 -0.321374 0
    outer loop
      vertex 66.6331 41.0906 1.2
      vertex 66.7529 40.7376 0
      vertex 66.7529 40.7376 1.2
    endloop
  endfacet
  facet normal -0.751862 0.659321 0
    outer loop
      vertex 66.0153 37.9847 0
      vertex 66.2611 38.265 1.2
      vertex 66.2611 38.265 0
    endloop
  endfacet
  facet normal -0.751862 0.659321 0
    outer loop
      vertex 66.2611 38.265 1.2
      vertex 66.0153 37.9847 0
      vertex 66.0153 37.9847 1.2
    endloop
  endfacet
  facet normal 0.555505 -0.831513 0
    outer loop
      vertex 62.265 42.2611 0
      vertex 62.575 42.4682 1.2
      vertex 62.265 42.2611 1.2
    endloop
  endfacet
  facet normal 0.555505 -0.831513 0
    outer loop
      vertex 62.575 42.4682 1.2
      vertex 62.265 42.2611 0
      vertex 62.575 42.4682 0
    endloop
  endfacet
  facet normal -0.321374 -0.946952 0
    outer loop
      vertex 64.7376 42.7529 0
      vertex 65.0906 42.6331 1.2
      vertex 64.7376 42.7529 1.2
    endloop
  endfacet
  facet normal -0.321374 -0.946952 -0
    outer loop
      vertex 65.0906 42.6331 1.2
      vertex 64.7376 42.7529 0
      vertex 65.0906 42.6331 0
    endloop
  endfacet
  facet normal -0.555505 -0.831513 0
    outer loop
      vertex 65.425 42.4682 0
      vertex 65.735 42.2611 1.2
      vertex 65.425 42.4682 1.2
    endloop
  endfacet
  facet normal -0.555505 -0.831513 -0
    outer loop
      vertex 65.735 42.2611 1.2
      vertex 65.425 42.4682 0
      vertex 65.735 42.2611 0
    endloop
  endfacet
  facet normal -0.321374 0.946952 0
    outer loop
      vertex 65.0906 37.3669 0
      vertex 64.7376 37.2471 1.2
      vertex 65.0906 37.3669 1.2
    endloop
  endfacet
  facet normal -0.321374 0.946952 0
    outer loop
      vertex 64.7376 37.2471 1.2
      vertex 65.0906 37.3669 0
      vertex 64.7376 37.2471 0
    endloop
  endfacet
  facet normal -0.896881 -0.442272 0
    outer loop
      vertex 66.6331 41.0906 0
      vertex 66.4682 41.425 1.2
      vertex 66.4682 41.425 0
    endloop
  endfacet
  facet normal -0.896881 -0.442272 0
    outer loop
      vertex 66.4682 41.425 1.2
      vertex 66.6331 41.0906 0
      vertex 66.6331 41.0906 1.2
    endloop
  endfacet
  facet normal 0.195033 -0.980797 0
    outer loop
      vertex 63.2624 42.7529 0
      vertex 63.628 42.8256 1.2
      vertex 63.2624 42.7529 1.2
    endloop
  endfacet
  facet normal 0.195033 -0.980797 0
    outer loop
      vertex 63.628 42.8256 1.2
      vertex 63.2624 42.7529 0
      vertex 63.628 42.8256 0
    endloop
  endfacet
  facet normal -0.946952 0.321374 0
    outer loop
      vertex 66.6331 38.9094 0
      vertex 66.7529 39.2624 1.2
      vertex 66.7529 39.2624 0
    endloop
  endfacet
  facet normal -0.946952 0.321374 0
    outer loop
      vertex 66.7529 39.2624 1.2
      vertex 66.6331 38.9094 0
      vertex 66.6331 38.9094 1.2
    endloop
  endfacet
  facet normal 0.555505 0.831513 -0
    outer loop
      vertex 62.575 37.5318 0
      vertex 62.265 37.7389 1.2
      vertex 62.575 37.5318 1.2
    endloop
  endfacet
  facet normal 0.555505 0.831513 0
    outer loop
      vertex 62.265 37.7389 1.2
      vertex 62.575 37.5318 0
      vertex 62.265 37.7389 0
    endloop
  endfacet
  facet normal 0.659321 -0.751862 0
    outer loop
      vertex 61.9847 42.0153 0
      vertex 62.265 42.2611 1.2
      vertex 61.9847 42.0153 1.2
    endloop
  endfacet
  facet normal 0.659321 -0.751862 0
    outer loop
      vertex 62.265 42.2611 1.2
      vertex 61.9847 42.0153 0
      vertex 62.265 42.2611 0
    endloop
  endfacet
  facet normal 0.980797 -0.195033 0
    outer loop
      vertex 61.1744 40.372 1.2
      vertex 61.2471 40.7376 0
      vertex 61.2471 40.7376 1.2
    endloop
  endfacet
  facet normal 0.980797 -0.195033 0
    outer loop
      vertex 61.2471 40.7376 0
      vertex 61.1744 40.372 1.2
      vertex 61.1744 40.372 0
    endloop
  endfacet
  facet normal 0.321374 -0.946952 0
    outer loop
      vertex 62.9094 42.6331 0
      vertex 63.2624 42.7529 1.2
      vertex 62.9094 42.6331 1.2
    endloop
  endfacet
  facet normal 0.321374 -0.946952 0
    outer loop
      vertex 63.2624 42.7529 1.2
      vertex 62.9094 42.6331 0
      vertex 63.2624 42.7529 0
    endloop
  endfacet
  facet normal -0.659321 0.751862 0
    outer loop
      vertex 66.0153 37.9847 0
      vertex 65.735 37.7389 1.2
      vertex 66.0153 37.9847 1.2
    endloop
  endfacet
  facet normal -0.659321 0.751862 0
    outer loop
      vertex 65.735 37.7389 1.2
      vertex 66.0153 37.9847 0
      vertex 65.735 37.7389 0
    endloop
  endfacet
  facet normal 0.946952 0.321374 0
    outer loop
      vertex 61.3669 38.9094 1.2
      vertex 61.2471 39.2624 0
      vertex 61.2471 39.2624 1.2
    endloop
  endfacet
  facet normal 0.946952 0.321374 0
    outer loop
      vertex 61.2471 39.2624 0
      vertex 61.3669 38.9094 1.2
      vertex 61.3669 38.9094 0
    endloop
  endfacet
  facet normal -0.831513 -0.555505 0
    outer loop
      vertex 66.4682 41.425 0
      vertex 66.2611 41.735 1.2
      vertex 66.2611 41.735 0
    endloop
  endfacet
  facet normal -0.831513 -0.555505 0
    outer loop
      vertex 66.2611 41.735 1.2
      vertex 66.4682 41.425 0
      vertex 66.4682 41.425 1.2
    endloop
  endfacet
  facet normal -0.195033 0.980797 0
    outer loop
      vertex 64.7376 37.2471 0
      vertex 64.372 37.1744 1.2
      vertex 64.7376 37.2471 1.2
    endloop
  endfacet
  facet normal -0.195033 0.980797 0
    outer loop
      vertex 64.372 37.1744 1.2
      vertex 64.7376 37.2471 0
      vertex 64.372 37.1744 0
    endloop
  endfacet
  facet normal 0.980797 0.195033 0
    outer loop
      vertex 61.2471 39.2624 1.2
      vertex 61.1744 39.628 0
      vertex 61.1744 39.628 1.2
    endloop
  endfacet
  facet normal 0.980797 0.195033 0
    outer loop
      vertex 61.1744 39.628 0
      vertex 61.2471 39.2624 1.2
      vertex 61.2471 39.2624 0
    endloop
  endfacet
  facet normal -0.659321 -0.751862 0
    outer loop
      vertex 65.735 42.2611 0
      vertex 66.0153 42.0153 1.2
      vertex 65.735 42.2611 1.2
    endloop
  endfacet
  facet normal -0.659321 -0.751862 -0
    outer loop
      vertex 66.0153 42.0153 1.2
      vertex 65.735 42.2611 0
      vertex 66.0153 42.0153 0
    endloop
  endfacet
  facet normal -0.997856 0.0654508 0
    outer loop
      vertex 66.8256 39.628 0
      vertex 66.85 40 1.2
      vertex 66.85 40 0
    endloop
  endfacet
  facet normal -0.997856 0.0654508 0
    outer loop
      vertex 66.85 40 1.2
      vertex 66.8256 39.628 0
      vertex 66.8256 39.628 1.2
    endloop
  endfacet
  facet normal -0.980797 0.195033 0
    outer loop
      vertex 66.7529 39.2624 0
      vertex 66.8256 39.628 1.2
      vertex 66.8256 39.628 0
    endloop
  endfacet
  facet normal -0.980797 0.195033 0
    outer loop
      vertex 66.8256 39.628 1.2
      vertex 66.7529 39.2624 0
      vertex 66.7529 39.2624 1.2
    endloop
  endfacet
  facet normal -0.555505 0.831513 0
    outer loop
      vertex 65.735 37.7389 0
      vertex 65.425 37.5318 1.2
      vertex 65.735 37.7389 1.2
    endloop
  endfacet
  facet normal -0.555505 0.831513 0
    outer loop
      vertex 65.425 37.5318 1.2
      vertex 65.735 37.7389 0
      vertex 65.425 37.5318 0
    endloop
  endfacet
  facet normal -0.195033 -0.980797 0
    outer loop
      vertex 64.372 42.8256 0
      vertex 64.7376 42.7529 1.2
      vertex 64.372 42.8256 1.2
    endloop
  endfacet
  facet normal -0.195033 -0.980797 -0
    outer loop
      vertex 64.7376 42.7529 1.2
      vertex 64.372 42.8256 0
      vertex 64.7376 42.7529 0
    endloop
  endfacet
  facet normal -0.751862 -0.659321 0
    outer loop
      vertex 66.2611 41.735 0
      vertex 66.0153 42.0153 1.2
      vertex 66.0153 42.0153 0
    endloop
  endfacet
  facet normal -0.751862 -0.659321 0
    outer loop
      vertex 66.0153 42.0153 1.2
      vertex 66.2611 41.735 0
      vertex 66.2611 41.735 1.2
    endloop
  endfacet
  facet normal -0.0654508 -0.997856 0
    outer loop
      vertex 64 42.85 0
      vertex 64.372 42.8256 1.2
      vertex 64 42.85 1.2
    endloop
  endfacet
  facet normal -0.0654508 -0.997856 -0
    outer loop
      vertex 64.372 42.8256 1.2
      vertex 64 42.85 0
      vertex 64.372 42.8256 0
    endloop
  endfacet
  facet normal 0.946952 -0.321374 0
    outer loop
      vertex 61.2471 40.7376 1.2
      vertex 61.3669 41.0906 0
      vertex 61.3669 41.0906 1.2
    endloop
  endfacet
  facet normal 0.946952 -0.321374 0
    outer loop
      vertex 61.3669 41.0906 0
      vertex 61.2471 40.7376 1.2
      vertex 61.2471 40.7376 0
    endloop
  endfacet
  facet normal 0.0654508 0.997856 -0
    outer loop
      vertex 64 37.15 0
      vertex 63.628 37.1744 1.2
      vertex 64 37.15 1.2
    endloop
  endfacet
  facet normal 0.0654508 0.997856 0
    outer loop
      vertex 63.628 37.1744 1.2
      vertex 64 37.15 0
      vertex 63.628 37.1744 0
    endloop
  endfacet
  facet normal -0.442272 -0.896881 0
    outer loop
      vertex 65.0906 42.6331 0
      vertex 65.425 42.4682 1.2
      vertex 65.0906 42.6331 1.2
    endloop
  endfacet
  facet normal -0.442272 -0.896881 -0
    outer loop
      vertex 65.425 42.4682 1.2
      vertex 65.0906 42.6331 0
      vertex 65.425 42.4682 0
    endloop
  endfacet
  facet normal 0.997856 0.0654508 0
    outer loop
      vertex 61.1744 39.628 1.2
      vertex 61.15 40 0
      vertex 61.15 40 1.2
    endloop
  endfacet
  facet normal 0.997856 0.0654508 0
    outer loop
      vertex 61.15 40 0
      vertex 61.1744 39.628 1.2
      vertex 61.1744 39.628 0
    endloop
  endfacet
  facet normal 0.659321 0.751862 -0
    outer loop
      vertex 62.265 37.7389 0
      vertex 61.9847 37.9847 1.2
      vertex 62.265 37.7389 1.2
    endloop
  endfacet
  facet normal 0.659321 0.751862 0
    outer loop
      vertex 61.9847 37.9847 1.2
      vertex 62.265 37.7389 0
      vertex 61.9847 37.9847 0
    endloop
  endfacet
  facet normal -0.831513 0.555505 0
    outer loop
      vertex 66.2611 38.265 0
      vertex 66.4682 38.575 1.2
      vertex 66.4682 38.575 0
    endloop
  endfacet
  facet normal -0.831513 0.555505 0
    outer loop
      vertex 66.4682 38.575 1.2
      vertex 66.2611 38.265 0
      vertex 66.2611 38.265 1.2
    endloop
  endfacet
  facet normal 0.751862 0.659321 0
    outer loop
      vertex 61.9847 37.9847 1.2
      vertex 61.7389 38.265 0
      vertex 61.7389 38.265 1.2
    endloop
  endfacet
  facet normal 0.751862 0.659321 0
    outer loop
      vertex 61.7389 38.265 0
      vertex 61.9847 37.9847 1.2
      vertex 61.9847 37.9847 0
    endloop
  endfacet
  facet normal 0.997856 -0.0654508 0
    outer loop
      vertex 61.15 40 1.2
      vertex 61.1744 40.372 0
      vertex 61.1744 40.372 1.2
    endloop
  endfacet
  facet normal 0.997856 -0.0654508 0
    outer loop
      vertex 61.1744 40.372 0
      vertex 61.15 40 1.2
      vertex 61.15 40 0
    endloop
  endfacet
  facet normal 0.195033 0.980797 -0
    outer loop
      vertex 63.628 37.1744 0
      vertex 63.2624 37.2471 1.2
      vertex 63.628 37.1744 1.2
    endloop
  endfacet
  facet normal 0.195033 0.980797 0
    outer loop
      vertex 63.2624 37.2471 1.2
      vertex 63.628 37.1744 0
      vertex 63.2624 37.2471 0
    endloop
  endfacet
  facet normal -0.0654508 0.997856 0
    outer loop
      vertex 64.372 37.1744 0
      vertex 64 37.15 1.2
      vertex 64.372 37.1744 1.2
    endloop
  endfacet
  facet normal -0.0654508 0.997856 0
    outer loop
      vertex 64 37.15 1.2
      vertex 64.372 37.1744 0
      vertex 64 37.15 0
    endloop
  endfacet
  facet normal 0.442272 -0.896881 0
    outer loop
      vertex 62.575 42.4682 0
      vertex 62.9094 42.6331 1.2
      vertex 62.575 42.4682 1.2
    endloop
  endfacet
  facet normal 0.442272 -0.896881 0
    outer loop
      vertex 62.9094 42.6331 1.2
      vertex 62.575 42.4682 0
      vertex 62.9094 42.6331 0
    endloop
  endfacet
  facet normal 0.321374 0.946952 -0
    outer loop
      vertex 63.2624 37.2471 0
      vertex 62.9094 37.3669 1.2
      vertex 63.2624 37.2471 1.2
    endloop
  endfacet
  facet normal 0.321374 0.946952 0
    outer loop
      vertex 62.9094 37.3669 1.2
      vertex 63.2624 37.2471 0
      vertex 62.9094 37.3669 0
    endloop
  endfacet
  facet normal 0.751862 -0.659321 0
    outer loop
      vertex 61.7389 41.735 1.2
      vertex 61.9847 42.0153 0
      vertex 61.9847 42.0153 1.2
    endloop
  endfacet
  facet normal 0.751862 -0.659321 0
    outer loop
      vertex 61.9847 42.0153 0
      vertex 61.7389 41.735 1.2
      vertex 61.7389 41.735 0
    endloop
  endfacet
  facet normal 0.831513 0.555505 0
    outer loop
      vertex 61.7389 38.265 1.2
      vertex 61.5318 38.575 0
      vertex 61.5318 38.575 1.2
    endloop
  endfacet
  facet normal 0.831513 0.555505 0
    outer loop
      vertex 61.5318 38.575 0
      vertex 61.7389 38.265 1.2
      vertex 61.7389 38.265 0
    endloop
  endfacet
  facet normal 0.0654508 -0.997856 0
    outer loop
      vertex 63.628 42.8256 0
      vertex 64 42.85 1.2
      vertex 63.628 42.8256 1.2
    endloop
  endfacet
  facet normal 0.0654508 -0.997856 0
    outer loop
      vertex 64 42.85 1.2
      vertex 63.628 42.8256 0
      vertex 64 42.85 0
    endloop
  endfacet
  facet normal 0.442272 0.896881 -0
    outer loop
      vertex 62.9094 37.3669 0
      vertex 62.575 37.5318 1.2
      vertex 62.9094 37.3669 1.2
    endloop
  endfacet
  facet normal 0.442272 0.896881 0
    outer loop
      vertex 62.575 37.5318 1.2
      vertex 62.9094 37.3669 0
      vertex 62.575 37.5318 0
    endloop
  endfacet
  facet normal -0.896881 0.442272 0
    outer loop
      vertex 66.4682 38.575 0
      vertex 66.6331 38.9094 1.2
      vertex 66.6331 38.9094 0
    endloop
  endfacet
  facet normal -0.896881 0.442272 0
    outer loop
      vertex 66.6331 38.9094 1.2
      vertex 66.4682 38.575 0
      vertex 66.4682 38.575 1.2
    endloop
  endfacet
  facet normal 0.896881 -0.442272 0
    outer loop
      vertex 61.3669 41.0906 1.2
      vertex 61.5318 41.425 0
      vertex 61.5318 41.425 1.2
    endloop
  endfacet
  facet normal 0.896881 -0.442272 0
    outer loop
      vertex 61.5318 41.425 0
      vertex 61.3669 41.0906 1.2
      vertex 61.3669 41.0906 0
    endloop
  endfacet
  facet normal 0.831513 -0.555505 0
    outer loop
      vertex 61.5318 41.425 1.2
      vertex 61.7389 41.735 0
      vertex 61.7389 41.735 1.2
    endloop
  endfacet
  facet normal 0.831513 -0.555505 0
    outer loop
      vertex 61.7389 41.735 0
      vertex 61.5318 41.425 1.2
      vertex 61.5318 41.425 0
    endloop
  endfacet
  facet normal -0 0 1
    outer loop
      vertex 69.1 42 3
      vertex 70.3 38 3
      vertex 70.3 42 3
    endloop
  endfacet
  facet normal 0 0 1
    outer loop
      vertex 70.3 38 3
      vertex 69.1 42 3
      vertex 69.1 38 3
    endloop
  endfacet
  facet normal 0 -1 0
    outer loop
      vertex 69.1 42 3
      vertex 70.3 42 5.5
      vertex 69.1 42 5.5
    endloop
  endfacet
  facet normal 0 -1 -0
    outer loop
      vertex 70.3 42 5.5
      vertex 69.1 42 3
      vertex 70.3 42 3
    endloop
  endfacet
  facet normal 0 1 -0
    outer loop
      vertex 70.3 38 3
      vertex 69.1 38 5.5
      vertex 70.3 38 5.5
    endloop
  endfacet
  facet normal 0 1 0
    outer loop
      vertex 69.1 38 5.5
      vertex 70.3 38 3
      vertex 69.1 38 3
    endloop
  endfacet
  facet normal 1 0 0
    outer loop
      vertex 86.3 38 5.5
      vertex 86.3 33.7 5.5
      vertex 86.3 38 3
    endloop
  endfacet
  facet normal 1 0 0
    outer loop
      vertex 86.3 42 3
      vertex 86.3 46.3 5.5
      vertex 86.3 42 5.5
    endloop
  endfacet
  facet normal 1 0 0
    outer loop
      vertex 86.3 46.3 5.5
      vertex 86.3 42 3
      vertex 86.3 46.3 0
    endloop
  endfacet
  facet normal 1 -0 0
    outer loop
      vertex 86.3 38 3
      vertex 86.3 46.3 0
      vertex 86.3 42 3
    endloop
  endfacet
  facet normal 1 0 0
    outer loop
      vertex 86.3 38 3
      vertex 86.3 33.7 0
      vertex 86.3 46.3 0
    endloop
  endfacet
  facet normal 1 0 0
    outer loop
      vertex 86.3 33.7 0
      vertex 86.3 38 3
      vertex 86.3 33.7 5.5
    endloop
  endfacet
  facet normal 0 0 1
    outer loop
      vertex 86.3 46.3 5.5
      vertex 85.1 45.1 5.5
      vertex 86.3 42 5.5
    endloop
  endfacet
  facet normal 0 0 1
    outer loop
      vertex 86.3 46.3 5.5
      vertex 74.9 45.1 5.5
      vertex 85.1 45.1 5.5
    endloop
  endfacet
  facet normal 0 0 1
    outer loop
      vertex 74.9 45.1 5.5
      vertex 73.7 46.3 5.5
      vertex 74.9 34.9 5.5
    endloop
  endfacet
  facet normal -0 0 1
    outer loop
      vertex 73.7 46.3 5.5
      vertex 74.9 45.1 5.5
      vertex 86.3 46.3 5.5
    endloop
  endfacet
  facet normal 0 0 1
    outer loop
      vertex 86.3 42 5.5
      vertex 85.1 45.1 5.5
      vertex 85.1 42 5.5
    endloop
  endfacet
  facet normal 0 0 1
    outer loop
      vertex 85.1 34.9 5.5
      vertex 86.3 38 5.5
      vertex 85.1 38 5.5
    endloop
  endfacet
  facet normal 0 0 1
    outer loop
      vertex 86.3 38 5.5
      vertex 85.1 34.9 5.5
      vertex 86.3 33.7 5.5
    endloop
  endfacet
  facet normal -0 0 1
    outer loop
      vertex 74.9 34.9 5.5
      vertex 86.3 33.7 5.5
      vertex 85.1 34.9 5.5
    endloop
  endfacet
  facet normal 0 0 1
    outer loop
      vertex 74.9 34.9 5.5
      vertex 73.7 33.7 5.5
      vertex 86.3 33.7 5.5
    endloop
  endfacet
  facet normal 0 0 1
    outer loop
      vertex 73.7 33.7 5.5
      vertex 74.9 34.9 5.5
      vertex 73.7 46.3 5.5
    endloop
  endfacet
  facet normal 0 0 -1
    outer loop
      vertex 86.3 33.7 0
      vertex 82.85 40 0
      vertex 86.3 46.3 0
    endloop
  endfacet
  facet normal 0 0 -1
    outer loop
      vertex 86.3 33.7 0
      vertex 82.8256 39.628 0
      vertex 82.85 40 0
    endloop
  endfacet
  facet normal 0 0 -1
    outer loop
      vertex 86.3 33.7 0
      vertex 82.7529 39.2624 0
      vertex 82.8256 39.628 0
    endloop
  endfacet
  facet normal 0 0 -1
    outer loop
      vertex 86.3 33.7 0
      vertex 82.6331 38.9094 0
      vertex 82.7529 39.2624 0
    endloop
  endfacet
  facet normal 0 0 -1
    outer loop
      vertex 86.3 33.7 0
      vertex 82.4682 38.575 0
      vertex 82.6331 38.9094 0
    endloop
  endfacet
  facet normal 0 0 -1
    outer loop
      vertex 86.3 33.7 0
      vertex 82.2611 38.265 0
      vertex 82.4682 38.575 0
    endloop
  endfacet
  facet normal 0 0 -1
    outer loop
      vertex 86.3 33.7 0
      vertex 82.0153 37.9847 0
      vertex 82.2611 38.265 0
    endloop
  endfacet
  facet normal 0 0 -1
    outer loop
      vertex 86.3 33.7 0
      vertex 81.735 37.7389 0
      vertex 82.0153 37.9847 0
    endloop
  endfacet
  facet normal 0 0 -1
    outer loop
      vertex 86.3 33.7 0
      vertex 81.425 37.5318 0
      vertex 81.735 37.7389 0
    endloop
  endfacet
  facet normal 0 0 -1
    outer loop
      vertex 86.3 33.7 0
      vertex 81.0906 37.3669 0
      vertex 81.425 37.5318 0
    endloop
  endfacet
  facet normal 0 0 -1
    outer loop
      vertex 86.3 33.7 0
      vertex 80.7376 37.2471 0
      vertex 81.0906 37.3669 0
    endloop
  endfacet
  facet normal 0 0 -1
    outer loop
      vertex 86.3 33.7 0
      vertex 80.372 37.1744 0
      vertex 80.7376 37.2471 0
    endloop
  endfacet
  facet normal 0 0 -1
    outer loop
      vertex 86.3 33.7 0
      vertex 80 37.15 0
      vertex 80.372 37.1744 0
    endloop
  endfacet
  facet normal 0 0 -1
    outer loop
      vertex 73.7 33.7 0
      vertex 80 37.15 0
      vertex 86.3 33.7 0
    endloop
  endfacet
  facet normal -0 0 -1
    outer loop
      vertex 80 37.15 0
      vertex 73.7 33.7 0
      vertex 79.628 37.1744 0
    endloop
  endfacet
  facet normal -0 0 -1
    outer loop
      vertex 79.628 37.1744 0
      vertex 73.7 33.7 0
      vertex 79.2624 37.2471 0
    endloop
  endfacet
  facet normal -0 0 -1
    outer loop
      vertex 79.2624 37.2471 0
      vertex 73.7 33.7 0
      vertex 78.9094 37.3669 0
    endloop
  endfacet
  facet normal -0 0 -1
    outer loop
      vertex 77.1744 39.628 0
      vertex 73.7 33.7 0
      vertex 77.15 40 0
    endloop
  endfacet
  facet normal -0 0 -1
    outer loop
      vertex 77.2471 39.2624 0
      vertex 73.7 33.7 0
      vertex 77.1744 39.628 0
    endloop
  endfacet
  facet normal -0 0 -1
    outer loop
      vertex 77.3669 38.9094 0
      vertex 73.7 33.7 0
      vertex 77.2471 39.2624 0
    endloop
  endfacet
  facet normal -0 0 -1
    outer loop
      vertex 77.5318 38.575 0
      vertex 73.7 33.7 0
      vertex 77.3669 38.9094 0
    endloop
  endfacet
  facet normal -0 0 -1
    outer loop
      vertex 77.7389 38.265 0
      vertex 73.7 33.7 0
      vertex 77.5318 38.575 0
    endloop
  endfacet
  facet normal -0 0 -1
    outer loop
      vertex 77.9847 37.9847 0
      vertex 73.7 33.7 0
      vertex 77.7389 38.265 0
    endloop
  endfacet
  facet normal -0 0 -1
    outer loop
      vertex 78.265 37.7389 0
      vertex 73.7 33.7 0
      vertex 77.9847 37.9847 0
    endloop
  endfacet
  facet normal -0 0 -1
    outer loop
      vertex 78.575 37.5318 0
      vertex 73.7 33.7 0
      vertex 78.265 37.7389 0
    endloop
  endfacet
  facet normal -0 0 -1
    outer loop
      vertex 78.9094 37.3669 0
      vertex 73.7 33.7 0
      vertex 78.575 37.5318 0
    endloop
  endfacet
  facet normal 0 0 -1
    outer loop
      vertex 82.8256 40.372 0
      vertex 86.3 46.3 0
      vertex 82.85 40 0
    endloop
  endfacet
  facet normal 0 0 -1
    outer loop
      vertex 82.7529 40.7376 0
      vertex 86.3 46.3 0
      vertex 82.8256 40.372 0
    endloop
  endfacet
  facet normal 0 0 -1
    outer loop
      vertex 82.6331 41.0906 0
      vertex 86.3 46.3 0
      vertex 82.7529 40.7376 0
    endloop
  endfacet
  facet normal 0 0 -1
    outer loop
      vertex 82.4682 41.425 0
      vertex 86.3 46.3 0
      vertex 82.6331 41.0906 0
    endloop
  endfacet
  facet normal 0 0 -1
    outer loop
      vertex 82.2611 41.735 0
      vertex 86.3 46.3 0
      vertex 82.4682 41.425 0
    endloop
  endfacet
  facet normal 0 0 -1
    outer loop
      vertex 82.0153 42.0153 0
      vertex 86.3 46.3 0
      vertex 82.2611 41.735 0
    endloop
  endfacet
  facet normal 0 0 -1
    outer loop
      vertex 81.735 42.2611 0
      vertex 86.3 46.3 0
      vertex 82.0153 42.0153 0
    endloop
  endfacet
  facet normal 0 0 -1
    outer loop
      vertex 81.425 42.4682 0
      vertex 86.3 46.3 0
      vertex 81.735 42.2611 0
    endloop
  endfacet
  facet normal 0 0 -1
    outer loop
      vertex 81.0906 42.6331 0
      vertex 86.3 46.3 0
      vertex 81.425 42.4682 0
    endloop
  endfacet
  facet normal 0 0 -1
    outer loop
      vertex 80.7376 42.7529 0
      vertex 86.3 46.3 0
      vertex 81.0906 42.6331 0
    endloop
  endfacet
  facet normal 0 0 -1
    outer loop
      vertex 80.372 42.8256 0
      vertex 86.3 46.3 0
      vertex 80.7376 42.7529 0
    endloop
  endfacet
  facet normal 0 0 -1
    outer loop
      vertex 80 42.85 0
      vertex 86.3 46.3 0
      vertex 80.372 42.8256 0
    endloop
  endfacet
  facet normal 0 0 -1
    outer loop
      vertex 73.7 46.3 0
      vertex 80 42.85 0
      vertex 79.628 42.8256 0
    endloop
  endfacet
  facet normal 0 0 -1
    outer loop
      vertex 73.7 46.3 0
      vertex 79.628 42.8256 0
      vertex 79.2624 42.7529 0
    endloop
  endfacet
  facet normal 0 0 -1
    outer loop
      vertex 73.7 46.3 0
      vertex 79.2624 42.7529 0
      vertex 78.9094 42.6331 0
    endloop
  endfacet
  facet normal 0 0 -1
    outer loop
      vertex 73.7 46.3 0
      vertex 78.9094 42.6331 0
      vertex 78.575 42.4682 0
    endloop
  endfacet
  facet normal 0 0 -1
    outer loop
      vertex 73.7 46.3 0
      vertex 77.15 40 0
      vertex 73.7 33.7 0
    endloop
  endfacet
  facet normal 0 0 -1
    outer loop
      vertex 77.15 40 0
      vertex 73.7 46.3 0
      vertex 77.1744 40.372 0
    endloop
  endfacet
  facet normal 0 0 -1
    outer loop
      vertex 77.1744 40.372 0
      vertex 73.7 46.3 0
      vertex 77.2471 40.7376 0
    endloop
  endfacet
  facet normal 0 0 -1
    outer loop
      vertex 77.2471 40.7376 0
      vertex 73.7 46.3 0
      vertex 77.3669 41.0906 0
    endloop
  endfacet
  facet normal 0 0 -1
    outer loop
      vertex 80 42.85 0
      vertex 73.7 46.3 0
      vertex 86.3 46.3 0
    endloop
  endfacet
  facet normal 0 0 -1
    outer loop
      vertex 78.265 42.2611 0
      vertex 73.7 46.3 0
      vertex 78.575 42.4682 0
    endloop
  endfacet
  facet normal 0 0 -1
    outer loop
      vertex 77.9847 42.0153 0
      vertex 73.7 46.3 0
      vertex 78.265 42.2611 0
    endloop
  endfacet
  facet normal 0 0 -1
    outer loop
      vertex 77.7389 41.735 0
      vertex 73.7 46.3 0
      vertex 77.9847 42.0153 0
    endloop
  endfacet
  facet normal 0 0 -1
    outer loop
      vertex 77.5318 41.425 0
      vertex 73.7 46.3 0
      vertex 77.7389 41.735 0
    endloop
  endfacet
  facet normal 0 0 -1
    outer loop
      vertex 77.3669 41.0906 0
      vertex 73.7 46.3 0
      vertex 77.5318 41.425 0
    endloop
  endfacet
  facet normal -1 0 0
    outer loop
      vertex 73.7 33.7 0
      vertex 73.7 46.3 5.5
      vertex 73.7 46.3 0
    endloop
  endfacet
  facet normal -1 -0 0
    outer loop
      vertex 73.7 46.3 5.5
      vertex 73.7 33.7 0
      vertex 73.7 33.7 5.5
    endloop
  endfacet
  facet normal 0 1 -0
    outer loop
      vertex 86.3 46.3 0
      vertex 73.7 46.3 5.5
      vertex 86.3 46.3 5.5
    endloop
  endfacet
  facet normal 0 1 0
    outer loop
      vertex 73.7 46.3 5.5
      vertex 86.3 46.3 0
      vertex 73.7 46.3 0
    endloop
  endfacet
  facet normal 0 -1 0
    outer loop
      vertex 73.7 33.7 0
      vertex 86.3 33.7 5.5
      vertex 73.7 33.7 5.5
    endloop
  endfacet
  facet normal 0 -1 -0
    outer loop
      vertex 86.3 33.7 5.5
      vertex 73.7 33.7 0
      vertex 86.3 33.7 0
    endloop
  endfacet
  facet normal -1 0 0
    outer loop
      vertex 85.1 45.1 1.2
      vertex 85.1 42 3
      vertex 85.1 45.1 5.5
    endloop
  endfacet
  facet normal -1 0 0
    outer loop
      vertex 85.1 45.1 1.2
      vertex 85.1 38 3
      vertex 85.1 42 3
    endloop
  endfacet
  facet normal -1 0 0
    outer loop
      vertex 85.1 34.9 1.2
      vertex 85.1 38 3
      vertex 85.1 45.1 1.2
    endloop
  endfacet
  facet normal -1 0 0
    outer loop
      vertex 85.1 34.9 5.5
      vertex 85.1 38 3
      vertex 85.1 34.9 1.2
    endloop
  endfacet
  facet normal -1 0 0
    outer loop
      vertex 85.1 38 3
      vertex 85.1 34.9 5.5
      vertex 85.1 38 5.5
    endloop
  endfacet
  facet normal -1 -0 0
    outer loop
      vertex 85.1 45.1 5.5
      vertex 85.1 42 3
      vertex 85.1 42 5.5
    endloop
  endfacet
  facet normal 0 0 1
    outer loop
      vertex 85.1 45.1 1.2
      vertex 82.85 40 1.2
      vertex 85.1 34.9 1.2
    endloop
  endfacet
  facet normal 0 0 1
    outer loop
      vertex 85.1 45.1 1.2
      vertex 82.8256 40.372 1.2
      vertex 82.85 40 1.2
    endloop
  endfacet
  facet normal 0 0 1
    outer loop
      vertex 85.1 45.1 1.2
      vertex 82.7529 40.7376 1.2
      vertex 82.8256 40.372 1.2
    endloop
  endfacet
  facet normal 0 0 1
    outer loop
      vertex 85.1 45.1 1.2
      vertex 82.6331 41.0906 1.2
      vertex 82.7529 40.7376 1.2
    endloop
  endfacet
  facet normal 0 0 1
    outer loop
      vertex 85.1 45.1 1.2
      vertex 82.4682 41.425 1.2
      vertex 82.6331 41.0906 1.2
    endloop
  endfacet
  facet normal 0 0 1
    outer loop
      vertex 85.1 45.1 1.2
      vertex 82.2611 41.735 1.2
      vertex 82.4682 41.425 1.2
    endloop
  endfacet
  facet normal 0 0 1
    outer loop
      vertex 85.1 45.1 1.2
      vertex 82.0153 42.0153 1.2
      vertex 82.2611 41.735 1.2
    endloop
  endfacet
  facet normal 0 0 1
    outer loop
      vertex 85.1 45.1 1.2
      vertex 81.735 42.2611 1.2
      vertex 82.0153 42.0153 1.2
    endloop
  endfacet
  facet normal 0 0 1
    outer loop
      vertex 85.1 45.1 1.2
      vertex 81.425 42.4682 1.2
      vertex 81.735 42.2611 1.2
    endloop
  endfacet
  facet normal 0 0 1
    outer loop
      vertex 85.1 45.1 1.2
      vertex 81.0906 42.6331 1.2
      vertex 81.425 42.4682 1.2
    endloop
  endfacet
  facet normal 0 0 1
    outer loop
      vertex 85.1 45.1 1.2
      vertex 80.7376 42.7529 1.2
      vertex 81.0906 42.6331 1.2
    endloop
  endfacet
  facet normal 0 0 1
    outer loop
      vertex 85.1 45.1 1.2
      vertex 80.372 42.8256 1.2
      vertex 80.7376 42.7529 1.2
    endloop
  endfacet
  facet normal 0 0 1
    outer loop
      vertex 85.1 45.1 1.2
      vertex 80 42.85 1.2
      vertex 80.372 42.8256 1.2
    endloop
  endfacet
  facet normal -0 0 1
    outer loop
      vertex 74.9 45.1 1.2
      vertex 80 42.85 1.2
      vertex 85.1 45.1 1.2
    endloop
  endfacet
  facet normal 0 0 1
    outer loop
      vertex 80 42.85 1.2
      vertex 74.9 45.1 1.2
      vertex 79.628 42.8256 1.2
    endloop
  endfacet
  facet normal 0 0 1
    outer loop
      vertex 79.628 42.8256 1.2
      vertex 74.9 45.1 1.2
      vertex 79.2624 42.7529 1.2
    endloop
  endfacet
  facet normal 0 0 1
    outer loop
      vertex 77.1744 40.372 1.2
      vertex 74.9 45.1 1.2
      vertex 77.15 40 1.2
    endloop
  endfacet
  facet normal 0 0 1
    outer loop
      vertex 77.2471 40.7376 1.2
      vertex 74.9 45.1 1.2
      vertex 77.1744 40.372 1.2
    endloop
  endfacet
  facet normal 0 0 1
    outer loop
      vertex 77.3669 41.0906 1.2
      vertex 74.9 45.1 1.2
      vertex 77.2471 40.7376 1.2
    endloop
  endfacet
  facet normal 0 0 1
    outer loop
      vertex 77.5318 41.425 1.2
      vertex 74.9 45.1 1.2
      vertex 77.3669 41.0906 1.2
    endloop
  endfacet
  facet normal 0 0 1
    outer loop
      vertex 77.7389 41.735 1.2
      vertex 74.9 45.1 1.2
      vertex 77.5318 41.425 1.2
    endloop
  endfacet
  facet normal 0 0 1
    outer loop
      vertex 77.9847 42.0153 1.2
      vertex 74.9 45.1 1.2
      vertex 77.7389 41.735 1.2
    endloop
  endfacet
  facet normal 0 0 1
    outer loop
      vertex 78.265 42.2611 1.2
      vertex 74.9 45.1 1.2
      vertex 77.9847 42.0153 1.2
    endloop
  endfacet
  facet normal 0 0 1
    outer loop
      vertex 78.575 42.4682 1.2
      vertex 74.9 45.1 1.2
      vertex 78.265 42.2611 1.2
    endloop
  endfacet
  facet normal 0 0 1
    outer loop
      vertex 78.9094 42.6331 1.2
      vertex 74.9 45.1 1.2
      vertex 78.575 42.4682 1.2
    endloop
  endfacet
  facet normal 0 0 1
    outer loop
      vertex 79.2624 42.7529 1.2
      vertex 74.9 45.1 1.2
      vertex 78.9094 42.6331 1.2
    endloop
  endfacet
  facet normal -0 0 1
    outer loop
      vertex 82.8256 39.628 1.2
      vertex 85.1 34.9 1.2
      vertex 82.85 40 1.2
    endloop
  endfacet
  facet normal -0 0 1
    outer loop
      vertex 82.7529 39.2624 1.2
      vertex 85.1 34.9 1.2
      vertex 82.8256 39.628 1.2
    endloop
  endfacet
  facet normal -0 0 1
    outer loop
      vertex 82.6331 38.9094 1.2
      vertex 85.1 34.9 1.2
      vertex 82.7529 39.2624 1.2
    endloop
  endfacet
  facet normal -0 0 1
    outer loop
      vertex 82.4682 38.575 1.2
      vertex 85.1 34.9 1.2
      vertex 82.6331 38.9094 1.2
    endloop
  endfacet
  facet normal -0 0 1
    outer loop
      vertex 82.2611 38.265 1.2
      vertex 85.1 34.9 1.2
      vertex 82.4682 38.575 1.2
    endloop
  endfacet
  facet normal -0 0 1
    outer loop
      vertex 82.0153 37.9847 1.2
      vertex 85.1 34.9 1.2
      vertex 82.2611 38.265 1.2
    endloop
  endfacet
  facet normal -0 0 1
    outer loop
      vertex 81.735 37.7389 1.2
      vertex 85.1 34.9 1.2
      vertex 82.0153 37.9847 1.2
    endloop
  endfacet
  facet normal -0 0 1
    outer loop
      vertex 81.425 37.5318 1.2
      vertex 85.1 34.9 1.2
      vertex 81.735 37.7389 1.2
    endloop
  endfacet
  facet normal -0 0 1
    outer loop
      vertex 81.0906 37.3669 1.2
      vertex 85.1 34.9 1.2
      vertex 81.425 37.5318 1.2
    endloop
  endfacet
  facet normal -0 0 1
    outer loop
      vertex 80.7376 37.2471 1.2
      vertex 85.1 34.9 1.2
      vertex 81.0906 37.3669 1.2
    endloop
  endfacet
  facet normal -0 0 1
    outer loop
      vertex 80.372 37.1744 1.2
      vertex 85.1 34.9 1.2
      vertex 80.7376 37.2471 1.2
    endloop
  endfacet
  facet normal -0 0 1
    outer loop
      vertex 80 37.15 1.2
      vertex 85.1 34.9 1.2
      vertex 80.372 37.1744 1.2
    endloop
  endfacet
  facet normal 0 0 1
    outer loop
      vertex 74.9 34.9 1.2
      vertex 80 37.15 1.2
      vertex 79.628 37.1744 1.2
    endloop
  endfacet
  facet normal 0 0 1
    outer loop
      vertex 74.9 34.9 1.2
      vertex 79.628 37.1744 1.2
      vertex 79.2624 37.2471 1.2
    endloop
  endfacet
  facet normal 0 0 1
    outer loop
      vertex 74.9 34.9 1.2
      vertex 79.2624 37.2471 1.2
      vertex 78.9094 37.3669 1.2
    endloop
  endfacet
  facet normal 0 0 1
    outer loop
      vertex 74.9 34.9 1.2
      vertex 77.15 40 1.2
      vertex 74.9 45.1 1.2
    endloop
  endfacet
  facet normal 0 0 1
    outer loop
      vertex 77.15 40 1.2
      vertex 74.9 34.9 1.2
      vertex 77.1744 39.628 1.2
    endloop
  endfacet
  facet normal 0 0 1
    outer loop
      vertex 77.1744 39.628 1.2
      vertex 74.9 34.9 1.2
      vertex 77.2471 39.2624 1.2
    endloop
  endfacet
  facet normal 0 0 1
    outer loop
      vertex 80 37.15 1.2
      vertex 74.9 34.9 1.2
      vertex 85.1 34.9 1.2
    endloop
  endfacet
  facet normal 0 0 1
    outer loop
      vertex 78.575 37.5318 1.2
      vertex 74.9 34.9 1.2
      vertex 78.9094 37.3669 1.2
    endloop
  endfacet
  facet normal 0 0 1
    outer loop
      vertex 78.265 37.7389 1.2
      vertex 74.9 34.9 1.2
      vertex 78.575 37.5318 1.2
    endloop
  endfacet
  facet normal 0 0 1
    outer loop
      vertex 77.9847 37.9847 1.2
      vertex 74.9 34.9 1.2
      vertex 78.265 37.7389 1.2
    endloop
  endfacet
  facet normal 0 0 1
    outer loop
      vertex 77.7389 38.265 1.2
      vertex 74.9 34.9 1.2
      vertex 77.9847 37.9847 1.2
    endloop
  endfacet
  facet normal 0 0 1
    outer loop
      vertex 77.5318 38.575 1.2
      vertex 74.9 34.9 1.2
      vertex 77.7389 38.265 1.2
    endloop
  endfacet
  facet normal 0 0 1
    outer loop
      vertex 77.3669 38.9094 1.2
      vertex 74.9 34.9 1.2
      vertex 77.5318 38.575 1.2
    endloop
  endfacet
  facet normal 0 0 1
    outer loop
      vertex 77.2471 39.2624 1.2
      vertex 74.9 34.9 1.2
      vertex 77.3669 38.9094 1.2
    endloop
  endfacet
  facet normal 1 -0 0
    outer loop
      vertex 74.9 34.9 5.5
      vertex 74.9 45.1 1.2
      vertex 74.9 45.1 5.5
    endloop
  endfacet
  facet normal 1 0 0
    outer loop
      vertex 74.9 45.1 1.2
      vertex 74.9 34.9 5.5
      vertex 74.9 34.9 1.2
    endloop
  endfacet
  facet normal 0 -1 0
    outer loop
      vertex 74.9 45.1 1.2
      vertex 85.1 45.1 5.5
      vertex 74.9 45.1 5.5
    endloop
  endfacet
  facet normal 0 -1 -0
    outer loop
      vertex 85.1 45.1 5.5
      vertex 74.9 45.1 1.2
      vertex 85.1 45.1 1.2
    endloop
  endfacet
  facet normal 0 1 -0
    outer loop
      vertex 85.1 34.9 1.2
      vertex 74.9 34.9 5.5
      vertex 85.1 34.9 5.5
    endloop
  endfacet
  facet normal 0 1 0
    outer loop
      vertex 74.9 34.9 5.5
      vertex 85.1 34.9 1.2
      vertex 74.9 34.9 1.2
    endloop
  endfacet
  facet normal 0.896881 0.442272 0
    outer loop
      vertex 77.5318 38.575 1.2
      vertex 77.3669 38.9094 0
      vertex 77.3669 38.9094 1.2
    endloop
  endfacet
  facet normal 0.896881 0.442272 0
    outer loop
      vertex 77.3669 38.9094 0
      vertex 77.5318 38.575 1.2
      vertex 77.5318 38.575 0
    endloop
  endfacet
  facet normal -0.442272 0.896881 0
    outer loop
      vertex 81.425 37.5318 0
      vertex 81.0906 37.3669 1.2
      vertex 81.425 37.5318 1.2
    endloop
  endfacet
  facet normal -0.442272 0.896881 0
    outer loop
      vertex 81.0906 37.3669 1.2
      vertex 81.425 37.5318 0
      vertex 81.0906 37.3669 0
    endloop
  endfacet
  facet normal -0.980797 -0.195033 0
    outer loop
      vertex 82.8256 40.372 0
      vertex 82.7529 40.7376 1.2
      vertex 82.7529 40.7376 0
    endloop
  endfacet
  facet normal -0.980797 -0.195033 0
    outer loop
      vertex 82.7529 40.7376 1.2
      vertex 82.8256 40.372 0
      vertex 82.8256 40.372 1.2
    endloop
  endfacet
  facet normal -0.997856 -0.0654508 0
    outer loop
      vertex 82.85 40 0
      vertex 82.8256 40.372 1.2
      vertex 82.8256 40.372 0
    endloop
  endfacet
  facet normal -0.997856 -0.0654508 0
    outer loop
      vertex 82.8256 40.372 1.2
      vertex 82.85 40 0
      vertex 82.85 40 1.2
    endloop
  endfacet
  facet normal -0.946952 -0.321374 0
    outer loop
      vertex 82.7529 40.7376 0
      vertex 82.6331 41.0906 1.2
      vertex 82.6331 41.0906 0
    endloop
  endfacet
  facet normal -0.946952 -0.321374 0
    outer loop
      vertex 82.6331 41.0906 1.2
      vertex 82.7529 40.7376 0
      vertex 82.7529 40.7376 1.2
    endloop
  endfacet
  facet normal -0.751862 0.659321 0
    outer loop
      vertex 82.0153 37.9847 0
      vertex 82.2611 38.265 1.2
      vertex 82.2611 38.265 0
    endloop
  endfacet
  facet normal -0.751862 0.659321 0
    outer loop
      vertex 82.2611 38.265 1.2
      vertex 82.0153 37.9847 0
      vertex 82.0153 37.9847 1.2
    endloop
  endfacet
  facet normal 0.555505 -0.831513 0
    outer loop
      vertex 78.265 42.2611 0
      vertex 78.575 42.4682 1.2
      vertex 78.265 42.2611 1.2
    endloop
  endfacet
  facet normal 0.555505 -0.831513 0
    outer loop
      vertex 78.575 42.4682 1.2
      vertex 78.265 42.2611 0
      vertex 78.575 42.4682 0
    endloop
  endfacet
  facet normal -0.321374 -0.946952 0
    outer loop
      vertex 80.7376 42.7529 0
      vertex 81.0906 42.6331 1.2
      vertex 80.7376 42.7529 1.2
    endloop
  endfacet
  facet normal -0.321374 -0.946952 -0
    outer loop
      vertex 81.0906 42.6331 1.2
      vertex 80.7376 42.7529 0
      vertex 81.0906 42.6331 0
    endloop
  endfacet
  facet normal -0.555505 -0.831513 0
    outer loop
      vertex 81.425 42.4682 0
      vertex 81.735 42.2611 1.2
      vertex 81.425 42.4682 1.2
    endloop
  endfacet
  facet normal -0.555505 -0.831513 -0
    outer loop
      vertex 81.735 42.2611 1.2
      vertex 81.425 42.4682 0
      vertex 81.735 42.2611 0
    endloop
  endfacet
  facet normal -0.321374 0.946952 0
    outer loop
      vertex 81.0906 37.3669 0
      vertex 80.7376 37.2471 1.2
      vertex 81.0906 37.3669 1.2
    endloop
  endfacet
  facet normal -0.321374 0.946952 0
    outer loop
      vertex 80.7376 37.2471 1.2
      vertex 81.0906 37.3669 0
      vertex 80.7376 37.2471 0
    endloop
  endfacet
  facet normal -0.896881 -0.442272 0
    outer loop
      vertex 82.6331 41.0906 0
      vertex 82.4682 41.425 1.2
      vertex 82.4682 41.425 0
    endloop
  endfacet
  facet normal -0.896881 -0.442272 0
    outer loop
      vertex 82.4682 41.425 1.2
      vertex 82.6331 41.0906 0
      vertex 82.6331 41.0906 1.2
    endloop
  endfacet
  facet normal 0.195033 -0.980797 0
    outer loop
      vertex 79.2624 42.7529 0
      vertex 79.628 42.8256 1.2
      vertex 79.2624 42.7529 1.2
    endloop
  endfacet
  facet normal 0.195033 -0.980797 0
    outer loop
      vertex 79.628 42.8256 1.2
      vertex 79.2624 42.7529 0
      vertex 79.628 42.8256 0
    endloop
  endfacet
  facet normal -0.946952 0.321374 0
    outer loop
      vertex 82.6331 38.9094 0
      vertex 82.7529 39.2624 1.2
      vertex 82.7529 39.2624 0
    endloop
  endfacet
  facet normal -0.946952 0.321374 0
    outer loop
      vertex 82.7529 39.2624 1.2
      vertex 82.6331 38.9094 0
      vertex 82.6331 38.9094 1.2
    endloop
  endfacet
  facet normal 0.555505 0.831513 -0
    outer loop
      vertex 78.575 37.5318 0
      vertex 78.265 37.7389 1.2
      vertex 78.575 37.5318 1.2
    endloop
  endfacet
  facet normal 0.555505 0.831513 0
    outer loop
      vertex 78.265 37.7389 1.2
      vertex 78.575 37.5318 0
      vertex 78.265 37.7389 0
    endloop
  endfacet
  facet normal 0.659321 -0.751862 0
    outer loop
      vertex 77.9847 42.0153 0
      vertex 78.265 42.2611 1.2
      vertex 77.9847 42.0153 1.2
    endloop
  endfacet
  facet normal 0.659321 -0.751862 0
    outer loop
      vertex 78.265 42.2611 1.2
      vertex 77.9847 42.0153 0
      vertex 78.265 42.2611 0
    endloop
  endfacet
  facet normal 0.980797 -0.195033 0
    outer loop
      vertex 77.1744 40.372 1.2
      vertex 77.2471 40.7376 0
      vertex 77.2471 40.7376 1.2
    endloop
  endfacet
  facet normal 0.980797 -0.195033 0
    outer loop
      vertex 77.2471 40.7376 0
      vertex 77.1744 40.372 1.2
      vertex 77.1744 40.372 0
    endloop
  endfacet
  facet normal 0.321374 -0.946952 0
    outer loop
      vertex 78.9094 42.6331 0
      vertex 79.2624 42.7529 1.2
      vertex 78.9094 42.6331 1.2
    endloop
  endfacet
  facet normal 0.321374 -0.946952 0
    outer loop
      vertex 79.2624 42.7529 1.2
      vertex 78.9094 42.6331 0
      vertex 79.2624 42.7529 0
    endloop
  endfacet
  facet normal -0.659321 0.751862 0
    outer loop
      vertex 82.0153 37.9847 0
      vertex 81.735 37.7389 1.2
      vertex 82.0153 37.9847 1.2
    endloop
  endfacet
  facet normal -0.659321 0.751862 0
    outer loop
      vertex 81.735 37.7389 1.2
      vertex 82.0153 37.9847 0
      vertex 81.735 37.7389 0
    endloop
  endfacet
  facet normal 0.946952 0.321374 0
    outer loop
      vertex 77.3669 38.9094 1.2
      vertex 77.2471 39.2624 0
      vertex 77.2471 39.2624 1.2
    endloop
  endfacet
  facet normal 0.946952 0.321374 0
    outer loop
      vertex 77.2471 39.2624 0
      vertex 77.3669 38.9094 1.2
      vertex 77.3669 38.9094 0
    endloop
  endfacet
  facet normal -0.831513 -0.555505 0
    outer loop
      vertex 82.4682 41.425 0
      vertex 82.2611 41.735 1.2
      vertex 82.2611 41.735 0
    endloop
  endfacet
  facet normal -0.831513 -0.555505 0
    outer loop
      vertex 82.2611 41.735 1.2
      vertex 82.4682 41.425 0
      vertex 82.4682 41.425 1.2
    endloop
  endfacet
  facet normal -0.195033 0.980797 0
    outer loop
      vertex 80.7376 37.2471 0
      vertex 80.372 37.1744 1.2
      vertex 80.7376 37.2471 1.2
    endloop
  endfacet
  facet normal -0.195033 0.980797 0
    outer loop
      vertex 80.372 37.1744 1.2
      vertex 80.7376 37.2471 0
      vertex 80.372 37.1744 0
    endloop
  endfacet
  facet normal 0.980797 0.195033 0
    outer loop
      vertex 77.2471 39.2624 1.2
      vertex 77.1744 39.628 0
      vertex 77.1744 39.628 1.2
    endloop
  endfacet
  facet normal 0.980797 0.195033 0
    outer loop
      vertex 77.1744 39.628 0
      vertex 77.2471 39.2624 1.2
      vertex 77.2471 39.2624 0
    endloop
  endfacet
  facet normal -0.659321 -0.751862 0
    outer loop
      vertex 81.735 42.2611 0
      vertex 82.0153 42.0153 1.2
      vertex 81.735 42.2611 1.2
    endloop
  endfacet
  facet normal -0.659321 -0.751862 -0
    outer loop
      vertex 82.0153 42.0153 1.2
      vertex 81.735 42.2611 0
      vertex 82.0153 42.0153 0
    endloop
  endfacet
  facet normal -0.997856 0.0654508 0
    outer loop
      vertex 82.8256 39.628 0
      vertex 82.85 40 1.2
      vertex 82.85 40 0
    endloop
  endfacet
  facet normal -0.997856 0.0654508 0
    outer loop
      vertex 82.85 40 1.2
      vertex 82.8256 39.628 0
      vertex 82.8256 39.628 1.2
    endloop
  endfacet
  facet normal -0.980797 0.195033 0
    outer loop
      vertex 82.7529 39.2624 0
      vertex 82.8256 39.628 1.2
      vertex 82.8256 39.628 0
    endloop
  endfacet
  facet normal -0.980797 0.195033 0
    outer loop
      vertex 82.8256 39.628 1.2
      vertex 82.7529 39.2624 0
      vertex 82.7529 39.2624 1.2
    endloop
  endfacet
  facet normal -0.555505 0.831513 0
    outer loop
      vertex 81.735 37.7389 0
      vertex 81.425 37.5318 1.2
      vertex 81.735 37.7389 1.2
    endloop
  endfacet
  facet normal -0.555505 0.831513 0
    outer loop
      vertex 81.425 37.5318 1.2
      vertex 81.735 37.7389 0
      vertex 81.425 37.5318 0
    endloop
  endfacet
  facet normal -0.195033 -0.980797 0
    outer loop
      vertex 80.372 42.8256 0
      vertex 80.7376 42.7529 1.2
      vertex 80.372 42.8256 1.2
    endloop
  endfacet
  facet normal -0.195033 -0.980797 -0
    outer loop
      vertex 80.7376 42.7529 1.2
      vertex 80.372 42.8256 0
      vertex 80.7376 42.7529 0
    endloop
  endfacet
  facet normal -0.751862 -0.659321 0
    outer loop
      vertex 82.2611 41.735 0
      vertex 82.0153 42.0153 1.2
      vertex 82.0153 42.0153 0
    endloop
  endfacet
  facet normal -0.751862 -0.659321 0
    outer loop
      vertex 82.0153 42.0153 1.2
      vertex 82.2611 41.735 0
      vertex 82.2611 41.735 1.2
    endloop
  endfacet
  facet normal -0.0654508 -0.997856 0
    outer loop
      vertex 80 42.85 0
      vertex 80.372 42.8256 1.2
      vertex 80 42.85 1.2
    endloop
  endfacet
  facet normal -0.0654508 -0.997856 -0
    outer loop
      vertex 80.372 42.8256 1.2
      vertex 80 42.85 0
      vertex 80.372 42.8256 0
    endloop
  endfacet
  facet normal 0.946952 -0.321374 0
    outer loop
      vertex 77.2471 40.7376 1.2
      vertex 77.3669 41.0906 0
      vertex 77.3669 41.0906 1.2
    endloop
  endfacet
  facet normal 0.946952 -0.321374 0
    outer loop
      vertex 77.3669 41.0906 0
      vertex 77.2471 40.7376 1.2
      vertex 77.2471 40.7376 0
    endloop
  endfacet
  facet normal 0.0654508 0.997856 -0
    outer loop
      vertex 80 37.15 0
      vertex 79.628 37.1744 1.2
      vertex 80 37.15 1.2
    endloop
  endfacet
  facet normal 0.0654508 0.997856 0
    outer loop
      vertex 79.628 37.1744 1.2
      vertex 80 37.15 0
      vertex 79.628 37.1744 0
    endloop
  endfacet
  facet normal -0.442272 -0.896881 0
    outer loop
      vertex 81.0906 42.6331 0
      vertex 81.425 42.4682 1.2
      vertex 81.0906 42.6331 1.2
    endloop
  endfacet
  facet normal -0.442272 -0.896881 -0
    outer loop
      vertex 81.425 42.4682 1.2
      vertex 81.0906 42.6331 0
      vertex 81.425 42.4682 0
    endloop
  endfacet
  facet normal 0.997856 0.0654508 0
    outer loop
      vertex 77.1744 39.628 1.2
      vertex 77.15 40 0
      vertex 77.15 40 1.2
    endloop
  endfacet
  facet normal 0.997856 0.0654508 0
    outer loop
      vertex 77.15 40 0
      vertex 77.1744 39.628 1.2
      vertex 77.1744 39.628 0
    endloop
  endfacet
  facet normal 0.659321 0.751862 -0
    outer loop
      vertex 78.265 37.7389 0
      vertex 77.9847 37.9847 1.2
      vertex 78.265 37.7389 1.2
    endloop
  endfacet
  facet normal 0.659321 0.751862 0
    outer loop
      vertex 77.9847 37.9847 1.2
      vertex 78.265 37.7389 0
      vertex 77.9847 37.9847 0
    endloop
  endfacet
  facet normal -0.831513 0.555505 0
    outer loop
      vertex 82.2611 38.265 0
      vertex 82.4682 38.575 1.2
      vertex 82.4682 38.575 0
    endloop
  endfacet
  facet normal -0.831513 0.555505 0
    outer loop
      vertex 82.4682 38.575 1.2
      vertex 82.2611 38.265 0
      vertex 82.2611 38.265 1.2
    endloop
  endfacet
  facet normal 0.751862 0.659321 0
    outer loop
      vertex 77.9847 37.9847 1.2
      vertex 77.7389 38.265 0
      vertex 77.7389 38.265 1.2
    endloop
  endfacet
  facet normal 0.751862 0.659321 0
    outer loop
      vertex 77.7389 38.265 0
      vertex 77.9847 37.9847 1.2
      vertex 77.9847 37.9847 0
    endloop
  endfacet
  facet normal 0.997856 -0.0654508 0
    outer loop
      vertex 77.15 40 1.2
      vertex 77.1744 40.372 0
      vertex 77.1744 40.372 1.2
    endloop
  endfacet
  facet normal 0.997856 -0.0654508 0
    outer loop
      vertex 77.1744 40.372 0
      vertex 77.15 40 1.2
      vertex 77.15 40 0
    endloop
  endfacet
  facet normal 0.195033 0.980797 -0
    outer loop
      vertex 79.628 37.1744 0
      vertex 79.2624 37.2471 1.2
      vertex 79.628 37.1744 1.2
    endloop
  endfacet
  facet normal 0.195033 0.980797 0
    outer loop
      vertex 79.2624 37.2471 1.2
      vertex 79.628 37.1744 0
      vertex 79.2624 37.2471 0
    endloop
  endfacet
  facet normal -0.0654508 0.997856 0
    outer loop
      vertex 80.372 37.1744 0
      vertex 80 37.15 1.2
      vertex 80.372 37.1744 1.2
    endloop
  endfacet
  facet normal -0.0654508 0.997856 0
    outer loop
      vertex 80 37.15 1.2
      vertex 80.372 37.1744 0
      vertex 80 37.15 0
    endloop
  endfacet
  facet normal 0.442272 -0.896881 0
    outer loop
      vertex 78.575 42.4682 0
      vertex 78.9094 42.6331 1.2
      vertex 78.575 42.4682 1.2
    endloop
  endfacet
  facet normal 0.442272 -0.896881 0
    outer loop
      vertex 78.9094 42.6331 1.2
      vertex 78.575 42.4682 0
      vertex 78.9094 42.6331 0
    endloop
  endfacet
  facet normal 0.321374 0.946952 -0
    outer loop
      vertex 79.2624 37.2471 0
      vertex 78.9094 37.3669 1.2
      vertex 79.2624 37.2471 1.2
    endloop
  endfacet
  facet normal 0.321374 0.946952 0
    outer loop
      vertex 78.9094 37.3669 1.2
      vertex 79.2624 37.2471 0
      vertex 78.9094 37.3669 0
    endloop
  endfacet
  facet normal 0.751862 -0.659321 0
    outer loop
      vertex 77.7389 41.735 1.2
      vertex 77.9847 42.0153 0
      vertex 77.9847 42.0153 1.2
    endloop
  endfacet
  facet normal 0.751862 -0.659321 0
    outer loop
      vertex 77.9847 42.0153 0
      vertex 77.7389 41.735 1.2
      vertex 77.7389 41.735 0
    endloop
  endfacet
  facet normal 0.831513 0.555505 0
    outer loop
      vertex 77.7389 38.265 1.2
      vertex 77.5318 38.575 0
      vertex 77.5318 38.575 1.2
    endloop
  endfacet
  facet normal 0.831513 0.555505 0
    outer loop
      vertex 77.5318 38.575 0
      vertex 77.7389 38.265 1.2
      vertex 77.7389 38.265 0
    endloop
  endfacet
  facet normal 0.0654508 -0.997856 0
    outer loop
      vertex 79.628 42.8256 0
      vertex 80 42.85 1.2
      vertex 79.628 42.8256 1.2
    endloop
  endfacet
  facet normal 0.0654508 -0.997856 0
    outer loop
      vertex 80 42.85 1.2
      vertex 79.628 42.8256 0
      vertex 80 42.85 0
    endloop
  endfacet
  facet normal 0.442272 0.896881 -0
    outer loop
      vertex 78.9094 37.3669 0
      vertex 78.575 37.5318 1.2
      vertex 78.9094 37.3669 1.2
    endloop
  endfacet
  facet normal 0.442272 0.896881 0
    outer loop
      vertex 78.575 37.5318 1.2
      vertex 78.9094 37.3669 0
      vertex 78.575 37.5318 0
    endloop
  endfacet
  facet normal -0.896881 0.442272 0
    outer loop
      vertex 82.4682 38.575 0
      vertex 82.6331 38.9094 1.2
      vertex 82.6331 38.9094 0
    endloop
  endfacet
  facet normal -0.896881 0.442272 0
    outer loop
      vertex 82.6331 38.9094 1.2
      vertex 82.4682 38.575 0
      vertex 82.4682 38.575 1.2
    endloop
  endfacet
  facet normal 0.896881 -0.442272 0
    outer loop
      vertex 77.3669 41.0906 1.2
      vertex 77.5318 41.425 0
      vertex 77.5318 41.425 1.2
    endloop
  endfacet
  facet normal 0.896881 -0.442272 0
    outer loop
      vertex 77.5318 41.425 0
      vertex 77.3669 41.0906 1.2
      vertex 77.3669 41.0906 0
    endloop
  endfacet
  facet normal 0.831513 -0.555505 0
    outer loop
      vertex 77.5318 41.425 1.2
      vertex 77.7389 41.735 0
      vertex 77.7389 41.735 1.2
    endloop
  endfacet
  facet normal 0.831513 -0.555505 0
    outer loop
      vertex 77.7389 41.735 0
      vertex 77.5318 41.425 1.2
      vertex 77.5318 41.425 0
    endloop
  endfacet
  facet normal -0 0 1
    outer loop
      vertex 85.1 42 3
      vertex 86.3 38 3
      vertex 86.3 42 3
    endloop
  endfacet
  facet normal 0 0 1
    outer loop
      vertex 86.3 38 3
      vertex 85.1 42 3
      vertex 85.1 38 3
    endloop
  endfacet
  facet normal 0 -1 0
    outer loop
      vertex 85.1 42 3
      vertex 86.3 42 5.5
      vertex 85.1 42 5.5
    endloop
  endfacet
  facet normal 0 -1 -0
    outer loop
      vertex 86.3 42 5.5
      vertex 85.1 42 3
      vertex 86.3 42 3
    endloop
  endfacet
  facet normal 0 1 -0
    outer loop
      vertex 86.3 38 3
      vertex 85.1 38 5.5
      vertex 86.3 38 5.5
    endloop
  endfacet
  facet normal 0 1 0
    outer loop
      vertex 85.1 38 5.5
      vertex 86.3 38 3
      vertex 85.1 38 3
    endloop
  endfacet
  facet normal 1 0 0
    outer loop
      vertex 102.3 38 5.5
      vertex 102.3 33.7 5.5
      vertex 102.3 38 3
    endloop
  endfacet
  facet normal 1 0 0
    outer loop
      vertex 102.3 42 3
      vertex 102.3 46.3 5.5
      vertex 102.3 42 5.5
    endloop
  endfacet
  facet normal 1 0 0
    outer loop
      vertex 102.3 46.3 5.5
      vertex 102.3 42 3
      vertex 102.3 46.3 0
    endloop
  endfacet
  facet normal 1 -0 0
    outer loop
      vertex 102.3 38 3
      vertex 102.3 46.3 0
      vertex 102.3 42 3
    endloop
  endfacet
  facet normal 1 0 0
    outer loop
      vertex 102.3 38 3
      vertex 102.3 33.7 0
      vertex 102.3 46.3 0
    endloop
  endfacet
  facet normal 1 0 0
    outer loop
      vertex 102.3 33.7 0
      vertex 102.3 38 3
      vertex 102.3 33.7 5.5
    endloop
  endfacet
  facet normal 0 0 1
    outer loop
      vertex 102.3 46.3 5.5
      vertex 101.1 45.1 5.5
      vertex 102.3 42 5.5
    endloop
  endfacet
  facet normal 0 0 1
    outer loop
      vertex 102.3 46.3 5.5
      vertex 90.9 45.1 5.5
      vertex 101.1 45.1 5.5
    endloop
  endfacet
  facet normal 0 0 1
    outer loop
      vertex 90.9 45.1 5.5
      vertex 89.7 46.3 5.5
      vertex 90.9 34.9 5.5
    endloop
  endfacet
  facet normal -0 0 1
    outer loop
      vertex 89.7 46.3 5.5
      vertex 90.9 45.1 5.5
      vertex 102.3 46.3 5.5
    endloop
  endfacet
  facet normal 0 0 1
    outer loop
      vertex 102.3 42 5.5
      vertex 101.1 45.1 5.5
      vertex 101.1 42 5.5
    endloop
  endfacet
  facet normal 0 0 1
    outer loop
      vertex 101.1 34.9 5.5
      vertex 102.3 38 5.5
      vertex 101.1 38 5.5
    endloop
  endfacet
  facet normal 0 0 1
    outer loop
      vertex 102.3 38 5.5
      vertex 101.1 34.9 5.5
      vertex 102.3 33.7 5.5
    endloop
  endfacet
  facet normal -0 0 1
    outer loop
      vertex 90.9 34.9 5.5
      vertex 102.3 33.7 5.5
      vertex 101.1 34.9 5.5
    endloop
  endfacet
  facet normal 0 0 1
    outer loop
      vertex 90.9 34.9 5.5
      vertex 89.7 33.7 5.5
      vertex 102.3 33.7 5.5
    endloop
  endfacet
  facet normal 0 0 1
    outer loop
      vertex 89.7 33.7 5.5
      vertex 90.9 34.9 5.5
      vertex 89.7 46.3 5.5
    endloop
  endfacet
  facet normal 0 0 -1
    outer loop
      vertex 102.3 33.7 0
      vertex 98.85 40 0
      vertex 102.3 46.3 0
    endloop
  endfacet
  facet normal 0 0 -1
    outer loop
      vertex 102.3 33.7 0
      vertex 98.8256 39.628 0
      vertex 98.85 40 0
    endloop
  endfacet
  facet normal 0 0 -1
    outer loop
      vertex 102.3 33.7 0
      vertex 98.7529 39.2624 0
      vertex 98.8256 39.628 0
    endloop
  endfacet
  facet normal 0 0 -1
    outer loop
      vertex 102.3 33.7 0
      vertex 98.6331 38.9094 0
      vertex 98.7529 39.2624 0
    endloop
  endfacet
  facet normal 0 0 -1
    outer loop
      vertex 102.3 33.7 0
      vertex 98.4682 38.575 0
      vertex 98.6331 38.9094 0
    endloop
  endfacet
  facet normal 0 0 -1
    outer loop
      vertex 102.3 33.7 0
      vertex 98.2611 38.265 0
      vertex 98.4682 38.575 0
    endloop
  endfacet
  facet normal 0 0 -1
    outer loop
      vertex 102.3 33.7 0
      vertex 98.0153 37.9847 0
      vertex 98.2611 38.265 0
    endloop
  endfacet
  facet normal 0 0 -1
    outer loop
      vertex 102.3 33.7 0
      vertex 97.735 37.7389 0
      vertex 98.0153 37.9847 0
    endloop
  endfacet
  facet normal 0 0 -1
    outer loop
      vertex 102.3 33.7 0
      vertex 97.425 37.5318 0
      vertex 97.735 37.7389 0
    endloop
  endfacet
  facet normal 0 0 -1
    outer loop
      vertex 102.3 33.7 0
      vertex 97.0906 37.3669 0
      vertex 97.425 37.5318 0
    endloop
  endfacet
  facet normal 0 0 -1
    outer loop
      vertex 102.3 33.7 0
      vertex 96.7376 37.2471 0
      vertex 97.0906 37.3669 0
    endloop
  endfacet
  facet normal 0 0 -1
    outer loop
      vertex 102.3 33.7 0
      vertex 96.372 37.1744 0
      vertex 96.7376 37.2471 0
    endloop
  endfacet
  facet normal 0 0 -1
    outer loop
      vertex 102.3 33.7 0
      vertex 96 37.15 0
      vertex 96.372 37.1744 0
    endloop
  endfacet
  facet normal 0 0 -1
    outer loop
      vertex 89.7 33.7 0
      vertex 96 37.15 0
      vertex 102.3 33.7 0
    endloop
  endfacet
  facet normal -0 0 -1
    outer loop
      vertex 96 37.15 0
      vertex 89.7 33.7 0
      vertex 95.628 37.1744 0
    endloop
  endfacet
  facet normal -0 0 -1
    outer loop
      vertex 95.628 37.1744 0
      vertex 89.7 33.7 0
      vertex 95.2624 37.2471 0
    endloop
  endfacet
  facet normal -0 0 -1
    outer loop
      vertex 95.2624 37.2471 0
      vertex 89.7 33.7 0
      vertex 94.9094 37.3669 0
    endloop
  endfacet
  facet normal -0 0 -1
    outer loop
      vertex 93.1744 39.628 0
      vertex 89.7 33.7 0
      vertex 93.15 40 0
    endloop
  endfacet
  facet normal -0 0 -1
    outer loop
      vertex 93.2471 39.2624 0
      vertex 89.7 33.7 0
      vertex 93.1744 39.628 0
    endloop
  endfacet
  facet normal -0 0 -1
    outer loop
      vertex 93.3669 38.9094 0
      vertex 89.7 33.7 0
      vertex 93.2471 39.2624 0
    endloop
  endfacet
  facet normal -0 0 -1
    outer loop
      vertex 93.5318 38.575 0
      vertex 89.7 33.7 0
      vertex 93.3669 38.9094 0
    endloop
  endfacet
  facet normal -0 0 -1
    outer loop
      vertex 93.7389 38.265 0
      vertex 89.7 33.7 0
      vertex 93.5318 38.575 0
    endloop
  endfacet
  facet normal -0 0 -1
    outer loop
      vertex 93.9847 37.9847 0
      vertex 89.7 33.7 0
      vertex 93.7389 38.265 0
    endloop
  endfacet
  facet normal -0 0 -1
    outer loop
      vertex 94.265 37.7389 0
      vertex 89.7 33.7 0
      vertex 93.9847 37.9847 0
    endloop
  endfacet
  facet normal -0 0 -1
    outer loop
      vertex 94.575 37.5318 0
      vertex 89.7 33.7 0
      vertex 94.265 37.7389 0
    endloop
  endfacet
  facet normal -0 0 -1
    outer loop
      vertex 94.9094 37.3669 0
      vertex 89.7 33.7 0
      vertex 94.575 37.5318 0
    endloop
  endfacet
  facet normal 0 0 -1
    outer loop
      vertex 98.8256 40.372 0
      vertex 102.3 46.3 0
      vertex 98.85 40 0
    endloop
  endfacet
  facet normal 0 0 -1
    outer loop
      vertex 98.7529 40.7376 0
      vertex 102.3 46.3 0
      vertex 98.8256 40.372 0
    endloop
  endfacet
  facet normal 0 0 -1
    outer loop
      vertex 98.6331 41.0906 0
      vertex 102.3 46.3 0
      vertex 98.7529 40.7376 0
    endloop
  endfacet
  facet normal 0 0 -1
    outer loop
      vertex 98.4682 41.425 0
      vertex 102.3 46.3 0
      vertex 98.6331 41.0906 0
    endloop
  endfacet
  facet normal 0 0 -1
    outer loop
      vertex 98.2611 41.735 0
      vertex 102.3 46.3 0
      vertex 98.4682 41.425 0
    endloop
  endfacet
  facet normal 0 0 -1
    outer loop
      vertex 98.0153 42.0153 0
      vertex 102.3 46.3 0
      vertex 98.2611 41.735 0
    endloop
  endfacet
  facet normal 0 0 -1
    outer loop
      vertex 97.735 42.2611 0
      vertex 102.3 46.3 0
      vertex 98.0153 42.0153 0
    endloop
  endfacet
  facet normal 0 0 -1
    outer loop
      vertex 97.425 42.4682 0
      vertex 102.3 46.3 0
      vertex 97.735 42.2611 0
    endloop
  endfacet
  facet normal 0 0 -1
    outer loop
      vertex 97.0906 42.6331 0
      vertex 102.3 46.3 0
      vertex 97.425 42.4682 0
    endloop
  endfacet
  facet normal 0 0 -1
    outer loop
      vertex 96.7376 42.7529 0
      vertex 102.3 46.3 0
      vertex 97.0906 42.6331 0
    endloop
  endfacet
  facet normal 0 0 -1
    outer loop
      vertex 96.372 42.8256 0
      vertex 102.3 46.3 0
      vertex 96.7376 42.7529 0
    endloop
  endfacet
  facet normal 0 0 -1
    outer loop
      vertex 96 42.85 0
      vertex 102.3 46.3 0
      vertex 96.372 42.8256 0
    endloop
  endfacet
  facet normal 0 0 -1
    outer loop
      vertex 89.7 46.3 0
      vertex 96 42.85 0
      vertex 95.628 42.8256 0
    endloop
  endfacet
  facet normal 0 0 -1
    outer loop
      vertex 89.7 46.3 0
      vertex 95.628 42.8256 0
      vertex 95.2624 42.7529 0
    endloop
  endfacet
  facet normal 0 0 -1
    outer loop
      vertex 89.7 46.3 0
      vertex 95.2624 42.7529 0
      vertex 94.9094 42.6331 0
    endloop
  endfacet
  facet normal 0 0 -1
    outer loop
      vertex 89.7 46.3 0
      vertex 94.9094 42.6331 0
      vertex 94.575 42.4682 0
    endloop
  endfacet
  facet normal 0 0 -1
    outer loop
      vertex 89.7 46.3 0
      vertex 93.15 40 0
      vertex 89.7 33.7 0
    endloop
  endfacet
  facet normal 0 0 -1
    outer loop
      vertex 93.15 40 0
      vertex 89.7 46.3 0
      vertex 93.1744 40.372 0
    endloop
  endfacet
  facet normal 0 0 -1
    outer loop
      vertex 93.1744 40.372 0
      vertex 89.7 46.3 0
      vertex 93.2471 40.7376 0
    endloop
  endfacet
  facet normal 0 0 -1
    outer loop
      vertex 93.2471 40.7376 0
      vertex 89.7 46.3 0
      vertex 93.3669 41.0906 0
    endloop
  endfacet
  facet normal 0 0 -1
    outer loop
      vertex 96 42.85 0
      vertex 89.7 46.3 0
      vertex 102.3 46.3 0
    endloop
  endfacet
  facet normal 0 0 -1
    outer loop
      vertex 94.265 42.2611 0
      vertex 89.7 46.3 0
      vertex 94.575 42.4682 0
    endloop
  endfacet
  facet normal 0 0 -1
    outer loop
      vertex 93.9847 42.0153 0
      vertex 89.7 46.3 0
      vertex 94.265 42.2611 0
    endloop
  endfacet
  facet normal 0 0 -1
    outer loop
      vertex 93.7389 41.735 0
      vertex 89.7 46.3 0
      vertex 93.9847 42.0153 0
    endloop
  endfacet
  facet normal 0 0 -1
    outer loop
      vertex 93.5318 41.425 0
      vertex 89.7 46.3 0
      vertex 93.7389 41.735 0
    endloop
  endfacet
  facet normal 0 0 -1
    outer loop
      vertex 93.3669 41.0906 0
      vertex 89.7 46.3 0
      vertex 93.5318 41.425 0
    endloop
  endfacet
  facet normal -1 0 0
    outer loop
      vertex 89.7 33.7 0
      vertex 89.7 46.3 5.5
      vertex 89.7 46.3 0
    endloop
  endfacet
  facet normal -1 -0 0
    outer loop
      vertex 89.7 46.3 5.5
      vertex 89.7 33.7 0
      vertex 89.7 33.7 5.5
    endloop
  endfacet
  facet normal 0 1 -0
    outer loop
      vertex 102.3 46.3 0
      vertex 89.7 46.3 5.5
      vertex 102.3 46.3 5.5
    endloop
  endfacet
  facet normal 0 1 0
    outer loop
      vertex 89.7 46.3 5.5
      vertex 102.3 46.3 0
      vertex 89.7 46.3 0
    endloop
  endfacet
  facet normal 0 -1 0
    outer loop
      vertex 89.7 33.7 0
      vertex 102.3 33.7 5.5
      vertex 89.7 33.7 5.5
    endloop
  endfacet
  facet normal 0 -1 -0
    outer loop
      vertex 102.3 33.7 5.5
      vertex 89.7 33.7 0
      vertex 102.3 33.7 0
    endloop
  endfacet
  facet normal -1 0 0
    outer loop
      vertex 101.1 45.1 1.2
      vertex 101.1 42 3
      vertex 101.1 45.1 5.5
    endloop
  endfacet
  facet normal -1 0 0
    outer loop
      vertex 101.1 45.1 1.2
      vertex 101.1 38 3
      vertex 101.1 42 3
    endloop
  endfacet
  facet normal -1 0 0
    outer loop
      vertex 101.1 34.9 1.2
      vertex 101.1 38 3
      vertex 101.1 45.1 1.2
    endloop
  endfacet
  facet normal -1 0 0
    outer loop
      vertex 101.1 34.9 5.5
      vertex 101.1 38 3
      vertex 101.1 34.9 1.2
    endloop
  endfacet
  facet normal -1 0 0
    outer loop
      vertex 101.1 38 3
      vertex 101.1 34.9 5.5
      vertex 101.1 38 5.5
    endloop
  endfacet
  facet normal -1 -0 0
    outer loop
      vertex 101.1 45.1 5.5
      vertex 101.1 42 3
      vertex 101.1 42 5.5
    endloop
  endfacet
  facet normal 0 0 1
    outer loop
      vertex 101.1 45.1 1.2
      vertex 98.85 40 1.2
      vertex 101.1 34.9 1.2
    endloop
  endfacet
  facet normal 0 0 1
    outer loop
      vertex 101.1 45.1 1.2
      vertex 98.8256 40.372 1.2
      vertex 98.85 40 1.2
    endloop
  endfacet
  facet normal 0 0 1
    outer loop
      vertex 101.1 45.1 1.2
      vertex 98.7529 40.7376 1.2
      vertex 98.8256 40.372 1.2
    endloop
  endfacet
  facet normal 0 0 1
    outer loop
      vertex 101.1 45.1 1.2
      vertex 98.6331 41.0906 1.2
      vertex 98.7529 40.7376 1.2
    endloop
  endfacet
  facet normal 0 0 1
    outer loop
      vertex 101.1 45.1 1.2
      vertex 98.4682 41.425 1.2
      vertex 98.6331 41.0906 1.2
    endloop
  endfacet
  facet normal 0 0 1
    outer loop
      vertex 101.1 45.1 1.2
      vertex 98.2611 41.735 1.2
      vertex 98.4682 41.425 1.2
    endloop
  endfacet
  facet normal 0 0 1
    outer loop
      vertex 101.1 45.1 1.2
      vertex 98.0153 42.0153 1.2
      vertex 98.2611 41.735 1.2
    endloop
  endfacet
  facet normal 0 0 1
    outer loop
      vertex 101.1 45.1 1.2
      vertex 97.735 42.2611 1.2
      vertex 98.0153 42.0153 1.2
    endloop
  endfacet
  facet normal 0 0 1
    outer loop
      vertex 101.1 45.1 1.2
      vertex 97.425 42.4682 1.2
      vertex 97.735 42.2611 1.2
    endloop
  endfacet
  facet normal 0 0 1
    outer loop
      vertex 101.1 45.1 1.2
      vertex 97.0906 42.6331 1.2
      vertex 97.425 42.4682 1.2
    endloop
  endfacet
  facet normal 0 0 1
    outer loop
      vertex 101.1 45.1 1.2
      vertex 96.7376 42.7529 1.2
      vertex 97.0906 42.6331 1.2
    endloop
  endfacet
  facet normal 0 0 1
    outer loop
      vertex 101.1 45.1 1.2
      vertex 96.372 42.8256 1.2
      vertex 96.7376 42.7529 1.2
    endloop
  endfacet
  facet normal 0 0 1
    outer loop
      vertex 101.1 45.1 1.2
      vertex 96 42.85 1.2
      vertex 96.372 42.8256 1.2
    endloop
  endfacet
  facet normal -0 0 1
    outer loop
      vertex 90.9 45.1 1.2
      vertex 96 42.85 1.2
      vertex 101.1 45.1 1.2
    endloop
  endfacet
  facet normal 0 0 1
    outer loop
      vertex 96 42.85 1.2
      vertex 90.9 45.1 1.2
      vertex 95.628 42.8256 1.2
    endloop
  endfacet
  facet normal 0 0 1
    outer loop
      vertex 95.628 42.8256 1.2
      vertex 90.9 45.1 1.2
      vertex 95.2624 42.7529 1.2
    endloop
  endfacet
  facet normal 0 0 1
    outer loop
      vertex 93.1744 40.372 1.2
      vertex 90.9 45.1 1.2
      vertex 93.15 40 1.2
    endloop
  endfacet
  facet normal 0 0 1
    outer loop
      vertex 93.2471 40.7376 1.2
      vertex 90.9 45.1 1.2
      vertex 93.1744 40.372 1.2
    endloop
  endfacet
  facet normal 0 0 1
    outer loop
      vertex 93.3669 41.0906 1.2
      vertex 90.9 45.1 1.2
      vertex 93.2471 40.7376 1.2
    endloop
  endfacet
  facet normal 0 0 1
    outer loop
      vertex 93.5318 41.425 1.2
      vertex 90.9 45.1 1.2
      vertex 93.3669 41.0906 1.2
    endloop
  endfacet
  facet normal 0 0 1
    outer loop
      vertex 93.7389 41.735 1.2
      vertex 90.9 45.1 1.2
      vertex 93.5318 41.425 1.2
    endloop
  endfacet
  facet normal 0 0 1
    outer loop
      vertex 93.9847 42.0153 1.2
      vertex 90.9 45.1 1.2
      vertex 93.7389 41.735 1.2
    endloop
  endfacet
  facet normal 0 0 1
    outer loop
      vertex 94.265 42.2611 1.2
      vertex 90.9 45.1 1.2
      vertex 93.9847 42.0153 1.2
    endloop
  endfacet
  facet normal 0 0 1
    outer loop
      vertex 94.575 42.4682 1.2
      vertex 90.9 45.1 1.2
      vertex 94.265 42.2611 1.2
    endloop
  endfacet
  facet normal 0 0 1
    outer loop
      vertex 94.9094 42.6331 1.2
      vertex 90.9 45.1 1.2
      vertex 94.575 42.4682 1.2
    endloop
  endfacet
  facet normal 0 0 1
    outer loop
      vertex 95.2624 42.7529 1.2
      vertex 90.9 45.1 1.2
      vertex 94.9094 42.6331 1.2
    endloop
  endfacet
  facet normal -0 0 1
    outer loop
      vertex 98.8256 39.628 1.2
      vertex 101.1 34.9 1.2
      vertex 98.85 40 1.2
    endloop
  endfacet
  facet normal -0 0 1
    outer loop
      vertex 98.7529 39.2624 1.2
      vertex 101.1 34.9 1.2
      vertex 98.8256 39.628 1.2
    endloop
  endfacet
  facet normal -0 0 1
    outer loop
      vertex 98.6331 38.9094 1.2
      vertex 101.1 34.9 1.2
      vertex 98.7529 39.2624 1.2
    endloop
  endfacet
  facet normal -0 0 1
    outer loop
      vertex 98.4682 38.575 1.2
      vertex 101.1 34.9 1.2
      vertex 98.6331 38.9094 1.2
    endloop
  endfacet
  facet normal -0 0 1
    outer loop
      vertex 98.2611 38.265 1.2
      vertex 101.1 34.9 1.2
      vertex 98.4682 38.575 1.2
    endloop
  endfacet
  facet normal -0 0 1
    outer loop
      vertex 98.0153 37.9847 1.2
      vertex 101.1 34.9 1.2
      vertex 98.2611 38.265 1.2
    endloop
  endfacet
  facet normal -0 0 1
    outer loop
      vertex 97.735 37.7389 1.2
      vertex 101.1 34.9 1.2
      vertex 98.0153 37.9847 1.2
    endloop
  endfacet
  facet normal -0 0 1
    outer loop
      vertex 97.425 37.5318 1.2
      vertex 101.1 34.9 1.2
      vertex 97.735 37.7389 1.2
    endloop
  endfacet
  facet normal -0 0 1
    outer loop
      vertex 97.0906 37.3669 1.2
      vertex 101.1 34.9 1.2
      vertex 97.425 37.5318 1.2
    endloop
  endfacet
  facet normal -0 0 1
    outer loop
      vertex 96.7376 37.2471 1.2
      vertex 101.1 34.9 1.2
      vertex 97.0906 37.3669 1.2
    endloop
  endfacet
  facet normal -0 0 1
    outer loop
      vertex 96.372 37.1744 1.2
      vertex 101.1 34.9 1.2
      vertex 96.7376 37.2471 1.2
    endloop
  endfacet
  facet normal -0 0 1
    outer loop
      vertex 96 37.15 1.2
      vertex 101.1 34.9 1.2
      vertex 96.372 37.1744 1.2
    endloop
  endfacet
  facet normal 0 0 1
    outer loop
      vertex 90.9 34.9 1.2
      vertex 96 37.15 1.2
      vertex 95.628 37.1744 1.2
    endloop
  endfacet
  facet normal 0 0 1
    outer loop
      vertex 90.9 34.9 1.2
      vertex 95.628 37.1744 1.2
      vertex 95.2624 37.2471 1.2
    endloop
  endfacet
  facet normal 0 0 1
    outer loop
      vertex 90.9 34.9 1.2
      vertex 95.2624 37.2471 1.2
      vertex 94.9094 37.3669 1.2
    endloop
  endfacet
  facet normal 0 0 1
    outer loop
      vertex 90.9 34.9 1.2
      vertex 93.15 40 1.2
      vertex 90.9 45.1 1.2
    endloop
  endfacet
  facet normal 0 0 1
    outer loop
      vertex 93.15 40 1.2
      vertex 90.9 34.9 1.2
      vertex 93.1744 39.628 1.2
    endloop
  endfacet
  facet normal 0 0 1
    outer loop
      vertex 93.1744 39.628 1.2
      vertex 90.9 34.9 1.2
      vertex 93.2471 39.2624 1.2
    endloop
  endfacet
  facet normal 0 0 1
    outer loop
      vertex 96 37.15 1.2
      vertex 90.9 34.9 1.2
      vertex 101.1 34.9 1.2
    endloop
  endfacet
  facet normal 0 0 1
    outer loop
      vertex 94.575 37.5318 1.2
      vertex 90.9 34.9 1.2
      vertex 94.9094 37.3669 1.2
    endloop
  endfacet
  facet normal 0 0 1
    outer loop
      vertex 94.265 37.7389 1.2
      vertex 90.9 34.9 1.2
      vertex 94.575 37.5318 1.2
    endloop
  endfacet
  facet normal 0 0 1
    outer loop
      vertex 93.9847 37.9847 1.2
      vertex 90.9 34.9 1.2
      vertex 94.265 37.7389 1.2
    endloop
  endfacet
  facet normal 0 0 1
    outer loop
      vertex 93.7389 38.265 1.2
      vertex 90.9 34.9 1.2
      vertex 93.9847 37.9847 1.2
    endloop
  endfacet
  facet normal 0 0 1
    outer loop
      vertex 93.5318 38.575 1.2
      vertex 90.9 34.9 1.2
      vertex 93.7389 38.265 1.2
    endloop
  endfacet
  facet normal 0 0 1
    outer loop
      vertex 93.3669 38.9094 1.2
      vertex 90.9 34.9 1.2
      vertex 93.5318 38.575 1.2
    endloop
  endfacet
  facet normal 0 0 1
    outer loop
      vertex 93.2471 39.2624 1.2
      vertex 90.9 34.9 1.2
      vertex 93.3669 38.9094 1.2
    endloop
  endfacet
  facet normal 1 -0 0
    outer loop
      vertex 90.9 34.9 5.5
      vertex 90.9 45.1 1.2
      vertex 90.9 45.1 5.5
    endloop
  endfacet
  facet normal 1 0 0
    outer loop
      vertex 90.9 45.1 1.2
      vertex 90.9 34.9 5.5
      vertex 90.9 34.9 1.2
    endloop
  endfacet
  facet normal 0 -1 0
    outer loop
      vertex 90.9 45.1 1.2
      vertex 101.1 45.1 5.5
      vertex 90.9 45.1 5.5
    endloop
  endfacet
  facet normal 0 -1 -0
    outer loop
      vertex 101.1 45.1 5.5
      vertex 90.9 45.1 1.2
      vertex 101.1 45.1 1.2
    endloop
  endfacet
  facet normal 0 1 -0
    outer loop
      vertex 101.1 34.9 1.2
      vertex 90.9 34.9 5.5
      vertex 101.1 34.9 5.5
    endloop
  endfacet
  facet normal 0 1 0
    outer loop
      vertex 90.9 34.9 5.5
      vertex 101.1 34.9 1.2
      vertex 90.9 34.9 1.2
    endloop
  endfacet
  facet normal 0.896881 0.442272 0
    outer loop
      vertex 93.5318 38.575 1.2
      vertex 93.3669 38.9094 0
      vertex 93.3669 38.9094 1.2
    endloop
  endfacet
  facet normal 0.896881 0.442272 0
    outer loop
      vertex 93.3669 38.9094 0
      vertex 93.5318 38.575 1.2
      vertex 93.5318 38.575 0
    endloop
  endfacet
  facet normal -0.442272 0.896881 0
    outer loop
      vertex 97.425 37.5318 0
      vertex 97.0906 37.3669 1.2
      vertex 97.425 37.5318 1.2
    endloop
  endfacet
  facet normal -0.442272 0.896881 0
    outer loop
      vertex 97.0906 37.3669 1.2
      vertex 97.425 37.5318 0
      vertex 97.0906 37.3669 0
    endloop
  endfacet
  facet normal -0.980797 -0.195033 0
    outer loop
      vertex 98.8256 40.372 0
      vertex 98.7529 40.7376 1.2
      vertex 98.7529 40.7376 0
    endloop
  endfacet
  facet normal -0.980797 -0.195033 0
    outer loop
      vertex 98.7529 40.7376 1.2
      vertex 98.8256 40.372 0
      vertex 98.8256 40.372 1.2
    endloop
  endfacet
  facet normal -0.997856 -0.0654508 0
    outer loop
      vertex 98.85 40 0
      vertex 98.8256 40.372 1.2
      vertex 98.8256 40.372 0
    endloop
  endfacet
  facet normal -0.997856 -0.0654508 0
    outer loop
      vertex 98.8256 40.372 1.2
      vertex 98.85 40 0
      vertex 98.85 40 1.2
    endloop
  endfacet
  facet normal -0.946952 -0.321374 0
    outer loop
      vertex 98.7529 40.7376 0
      vertex 98.6331 41.0906 1.2
      vertex 98.6331 41.0906 0
    endloop
  endfacet
  facet normal -0.946952 -0.321374 0
    outer loop
      vertex 98.6331 41.0906 1.2
      vertex 98.7529 40.7376 0
      vertex 98.7529 40.7376 1.2
    endloop
  endfacet
  facet normal -0.751862 0.659321 0
    outer loop
      vertex 98.0153 37.9847 0
      vertex 98.2611 38.265 1.2
      vertex 98.2611 38.265 0
    endloop
  endfacet
  facet normal -0.751862 0.659321 0
    outer loop
      vertex 98.2611 38.265 1.2
      vertex 98.0153 37.9847 0
      vertex 98.0153 37.9847 1.2
    endloop
  endfacet
  facet normal 0.555505 -0.831513 0
    outer loop
      vertex 94.265 42.2611 0
      vertex 94.575 42.4682 1.2
      vertex 94.265 42.2611 1.2
    endloop
  endfacet
  facet normal 0.555505 -0.831513 0
    outer loop
      vertex 94.575 42.4682 1.2
      vertex 94.265 42.2611 0
      vertex 94.575 42.4682 0
    endloop
  endfacet
  facet normal -0.321374 -0.946952 0
    outer loop
      vertex 96.7376 42.7529 0
      vertex 97.0906 42.6331 1.2
      vertex 96.7376 42.7529 1.2
    endloop
  endfacet
  facet normal -0.321374 -0.946952 -0
    outer loop
      vertex 97.0906 42.6331 1.2
      vertex 96.7376 42.7529 0
      vertex 97.0906 42.6331 0
    endloop
  endfacet
  facet normal -0.555505 -0.831513 0
    outer loop
      vertex 97.425 42.4682 0
      vertex 97.735 42.2611 1.2
      vertex 97.425 42.4682 1.2
    endloop
  endfacet
  facet normal -0.555505 -0.831513 -0
    outer loop
      vertex 97.735 42.2611 1.2
      vertex 97.425 42.4682 0
      vertex 97.735 42.2611 0
    endloop
  endfacet
  facet normal -0.321374 0.946952 0
    outer loop
      vertex 97.0906 37.3669 0
      vertex 96.7376 37.2471 1.2
      vertex 97.0906 37.3669 1.2
    endloop
  endfacet
  facet normal -0.321374 0.946952 0
    outer loop
      vertex 96.7376 37.2471 1.2
      vertex 97.0906 37.3669 0
      vertex 96.7376 37.2471 0
    endloop
  endfacet
  facet normal -0.896881 -0.442272 0
    outer loop
      vertex 98.6331 41.0906 0
      vertex 98.4682 41.425 1.2
      vertex 98.4682 41.425 0
    endloop
  endfacet
  facet normal -0.896881 -0.442272 0
    outer loop
      vertex 98.4682 41.425 1.2
      vertex 98.6331 41.0906 0
      vertex 98.6331 41.0906 1.2
    endloop
  endfacet
  facet normal 0.195033 -0.980797 0
    outer loop
      vertex 95.2624 42.7529 0
      vertex 95.628 42.8256 1.2
      vertex 95.2624 42.7529 1.2
    endloop
  endfacet
  facet normal 0.195033 -0.980797 0
    outer loop
      vertex 95.628 42.8256 1.2
      vertex 95.2624 42.7529 0
      vertex 95.628 42.8256 0
    endloop
  endfacet
  facet normal -0.946952 0.321374 0
    outer loop
      vertex 98.6331 38.9094 0
      vertex 98.7529 39.2624 1.2
      vertex 98.7529 39.2624 0
    endloop
  endfacet
  facet normal -0.946952 0.321374 0
    outer loop
      vertex 98.7529 39.2624 1.2
      vertex 98.6331 38.9094 0
      vertex 98.6331 38.9094 1.2
    endloop
  endfacet
  facet normal 0.555505 0.831513 -0
    outer loop
      vertex 94.575 37.5318 0
      vertex 94.265 37.7389 1.2
      vertex 94.575 37.5318 1.2
    endloop
  endfacet
  facet normal 0.555505 0.831513 0
    outer loop
      vertex 94.265 37.7389 1.2
      vertex 94.575 37.5318 0
      vertex 94.265 37.7389 0
    endloop
  endfacet
  facet normal 0.659321 -0.751862 0
    outer loop
      vertex 93.9847 42.0153 0
      vertex 94.265 42.2611 1.2
      vertex 93.9847 42.0153 1.2
    endloop
  endfacet
  facet normal 0.659321 -0.751862 0
    outer loop
      vertex 94.265 42.2611 1.2
      vertex 93.9847 42.0153 0
      vertex 94.265 42.2611 0
    endloop
  endfacet
  facet normal 0.980797 -0.195033 0
    outer loop
      vertex 93.1744 40.372 1.2
      vertex 93.2471 40.7376 0
      vertex 93.2471 40.7376 1.2
    endloop
  endfacet
  facet normal 0.980797 -0.195033 0
    outer loop
      vertex 93.2471 40.7376 0
      vertex 93.1744 40.372 1.2
      vertex 93.1744 40.372 0
    endloop
  endfacet
  facet normal 0.321374 -0.946952 0
    outer loop
      vertex 94.9094 42.6331 0
      vertex 95.2624 42.7529 1.2
      vertex 94.9094 42.6331 1.2
    endloop
  endfacet
  facet normal 0.321374 -0.946952 0
    outer loop
      vertex 95.2624 42.7529 1.2
      vertex 94.9094 42.6331 0
      vertex 95.2624 42.7529 0
    endloop
  endfacet
  facet normal -0.659321 0.751862 0
    outer loop
      vertex 98.0153 37.9847 0
      vertex 97.735 37.7389 1.2
      vertex 98.0153 37.9847 1.2
    endloop
  endfacet
  facet normal -0.659321 0.751862 0
    outer loop
      vertex 97.735 37.7389 1.2
      vertex 98.0153 37.9847 0
      vertex 97.735 37.7389 0
    endloop
  endfacet
  facet normal 0.946952 0.321374 0
    outer loop
      vertex 93.3669 38.9094 1.2
      vertex 93.2471 39.2624 0
      vertex 93.2471 39.2624 1.2
    endloop
  endfacet
  facet normal 0.946952 0.321374 0
    outer loop
      vertex 93.2471 39.2624 0
      vertex 93.3669 38.9094 1.2
      vertex 93.3669 38.9094 0
    endloop
  endfacet
  facet normal -0.831513 -0.555505 0
    outer loop
      vertex 98.4682 41.425 0
      vertex 98.2611 41.735 1.2
      vertex 98.2611 41.735 0
    endloop
  endfacet
  facet normal -0.831513 -0.555505 0
    outer loop
      vertex 98.2611 41.735 1.2
      vertex 98.4682 41.425 0
      vertex 98.4682 41.425 1.2
    endloop
  endfacet
  facet normal -0.195033 0.980797 0
    outer loop
      vertex 96.7376 37.2471 0
      vertex 96.372 37.1744 1.2
      vertex 96.7376 37.2471 1.2
    endloop
  endfacet
  facet normal -0.195033 0.980797 0
    outer loop
      vertex 96.372 37.1744 1.2
      vertex 96.7376 37.2471 0
      vertex 96.372 37.1744 0
    endloop
  endfacet
  facet normal 0.980797 0.195033 0
    outer loop
      vertex 93.2471 39.2624 1.2
      vertex 93.1744 39.628 0
      vertex 93.1744 39.628 1.2
    endloop
  endfacet
  facet normal 0.980797 0.195033 0
    outer loop
      vertex 93.1744 39.628 0
      vertex 93.2471 39.2624 1.2
      vertex 93.2471 39.2624 0
    endloop
  endfacet
  facet normal -0.659321 -0.751862 0
    outer loop
      vertex 97.735 42.2611 0
      vertex 98.0153 42.0153 1.2
      vertex 97.735 42.2611 1.2
    endloop
  endfacet
  facet normal -0.659321 -0.751862 -0
    outer loop
      vertex 98.0153 42.0153 1.2
      vertex 97.735 42.2611 0
      vertex 98.0153 42.0153 0
    endloop
  endfacet
  facet normal -0.997856 0.0654508 0
    outer loop
      vertex 98.8256 39.628 0
      vertex 98.85 40 1.2
      vertex 98.85 40 0
    endloop
  endfacet
  facet normal -0.997856 0.0654508 0
    outer loop
      vertex 98.85 40 1.2
      vertex 98.8256 39.628 0
      vertex 98.8256 39.628 1.2
    endloop
  endfacet
  facet normal -0.980797 0.195033 0
    outer loop
      vertex 98.7529 39.2624 0
      vertex 98.8256 39.628 1.2
      vertex 98.8256 39.628 0
    endloop
  endfacet
  facet normal -0.980797 0.195033 0
    outer loop
      vertex 98.8256 39.628 1.2
      vertex 98.7529 39.2624 0
      vertex 98.7529 39.2624 1.2
    endloop
  endfacet
  facet normal -0.555505 0.831513 0
    outer loop
      vertex 97.735 37.7389 0
      vertex 97.425 37.5318 1.2
      vertex 97.735 37.7389 1.2
    endloop
  endfacet
  facet normal -0.555505 0.831513 0
    outer loop
      vertex 97.425 37.5318 1.2
      vertex 97.735 37.7389 0
      vertex 97.425 37.5318 0
    endloop
  endfacet
  facet normal -0.195033 -0.980797 0
    outer loop
      vertex 96.372 42.8256 0
      vertex 96.7376 42.7529 1.2
      vertex 96.372 42.8256 1.2
    endloop
  endfacet
  facet normal -0.195033 -0.980797 -0
    outer loop
      vertex 96.7376 42.7529 1.2
      vertex 96.372 42.8256 0
      vertex 96.7376 42.7529 0
    endloop
  endfacet
  facet normal -0.751862 -0.659321 0
    outer loop
      vertex 98.2611 41.735 0
      vertex 98.0153 42.0153 1.2
      vertex 98.0153 42.0153 0
    endloop
  endfacet
  facet normal -0.751862 -0.659321 0
    outer loop
      vertex 98.0153 42.0153 1.2
      vertex 98.2611 41.735 0
      vertex 98.2611 41.735 1.2
    endloop
  endfacet
  facet normal -0.0654508 -0.997856 0
    outer loop
      vertex 96 42.85 0
      vertex 96.372 42.8256 1.2
      vertex 96 42.85 1.2
    endloop
  endfacet
  facet normal -0.0654508 -0.997856 -0
    outer loop
      vertex 96.372 42.8256 1.2
      vertex 96 42.85 0
      vertex 96.372 42.8256 0
    endloop
  endfacet
  facet normal 0.946952 -0.321374 0
    outer loop
      vertex 93.2471 40.7376 1.2
      vertex 93.3669 41.0906 0
      vertex 93.3669 41.0906 1.2
    endloop
  endfacet
  facet normal 0.946952 -0.321374 0
    outer loop
      vertex 93.3669 41.0906 0
      vertex 93.2471 40.7376 1.2
      vertex 93.2471 40.7376 0
    endloop
  endfacet
  facet normal 0.0654508 0.997856 -0
    outer loop
      vertex 96 37.15 0
      vertex 95.628 37.1744 1.2
      vertex 96 37.15 1.2
    endloop
  endfacet
  facet normal 0.0654508 0.997856 0
    outer loop
      vertex 95.628 37.1744 1.2
      vertex 96 37.15 0
      vertex 95.628 37.1744 0
    endloop
  endfacet
  facet normal -0.442272 -0.896881 0
    outer loop
      vertex 97.0906 42.6331 0
      vertex 97.425 42.4682 1.2
      vertex 97.0906 42.6331 1.2
    endloop
  endfacet
  facet normal -0.442272 -0.896881 -0
    outer loop
      vertex 97.425 42.4682 1.2
      vertex 97.0906 42.6331 0
      vertex 97.425 42.4682 0
    endloop
  endfacet
  facet normal 0.997856 0.0654508 0
    outer loop
      vertex 93.1744 39.628 1.2
      vertex 93.15 40 0
      vertex 93.15 40 1.2
    endloop
  endfacet
  facet normal 0.997856 0.0654508 0
    outer loop
      vertex 93.15 40 0
      vertex 93.1744 39.628 1.2
      vertex 93.1744 39.628 0
    endloop
  endfacet
  facet normal 0.659321 0.751862 -0
    outer loop
      vertex 94.265 37.7389 0
      vertex 93.9847 37.9847 1.2
      vertex 94.265 37.7389 1.2
    endloop
  endfacet
  facet normal 0.659321 0.751862 0
    outer loop
      vertex 93.9847 37.9847 1.2
      vertex 94.265 37.7389 0
      vertex 93.9847 37.9847 0
    endloop
  endfacet
  facet normal -0.831513 0.555505 0
    outer loop
      vertex 98.2611 38.265 0
      vertex 98.4682 38.575 1.2
      vertex 98.4682 38.575 0
    endloop
  endfacet
  facet normal -0.831513 0.555505 0
    outer loop
      vertex 98.4682 38.575 1.2
      vertex 98.2611 38.265 0
      vertex 98.2611 38.265 1.2
    endloop
  endfacet
  facet normal 0.751862 0.659321 0
    outer loop
      vertex 93.9847 37.9847 1.2
      vertex 93.7389 38.265 0
      vertex 93.7389 38.265 1.2
    endloop
  endfacet
  facet normal 0.751862 0.659321 0
    outer loop
      vertex 93.7389 38.265 0
      vertex 93.9847 37.9847 1.2
      vertex 93.9847 37.9847 0
    endloop
  endfacet
  facet normal 0.997856 -0.0654508 0
    outer loop
      vertex 93.15 40 1.2
      vertex 93.1744 40.372 0
      vertex 93.1744 40.372 1.2
    endloop
  endfacet
  facet normal 0.997856 -0.0654508 0
    outer loop
      vertex 93.1744 40.372 0
      vertex 93.15 40 1.2
      vertex 93.15 40 0
    endloop
  endfacet
  facet normal 0.195033 0.980797 -0
    outer loop
      vertex 95.628 37.1744 0
      vertex 95.2624 37.2471 1.2
      vertex 95.628 37.1744 1.2
    endloop
  endfacet
  facet normal 0.195033 0.980797 0
    outer loop
      vertex 95.2624 37.2471 1.2
      vertex 95.628 37.1744 0
      vertex 95.2624 37.2471 0
    endloop
  endfacet
  facet normal -0.0654508 0.997856 0
    outer loop
      vertex 96.372 37.1744 0
      vertex 96 37.15 1.2
      vertex 96.372 37.1744 1.2
    endloop
  endfacet
  facet normal -0.0654508 0.997856 0
    outer loop
      vertex 96 37.15 1.2
      vertex 96.372 37.1744 0
      vertex 96 37.15 0
    endloop
  endfacet
  facet normal 0.442272 -0.896881 0
    outer loop
      vertex 94.575 42.4682 0
      vertex 94.9094 42.6331 1.2
      vertex 94.575 42.4682 1.2
    endloop
  endfacet
  facet normal 0.442272 -0.896881 0
    outer loop
      vertex 94.9094 42.6331 1.2
      vertex 94.575 42.4682 0
      vertex 94.9094 42.6331 0
    endloop
  endfacet
  facet normal 0.321374 0.946952 -0
    outer loop
      vertex 95.2624 37.2471 0
      vertex 94.9094 37.3669 1.2
      vertex 95.2624 37.2471 1.2
    endloop
  endfacet
  facet normal 0.321374 0.946952 0
    outer loop
      vertex 94.9094 37.3669 1.2
      vertex 95.2624 37.2471 0
      vertex 94.9094 37.3669 0
    endloop
  endfacet
  facet normal 0.751862 -0.659321 0
    outer loop
      vertex 93.7389 41.735 1.2
      vertex 93.9847 42.0153 0
      vertex 93.9847 42.0153 1.2
    endloop
  endfacet
  facet normal 0.751862 -0.659321 0
    outer loop
      vertex 93.9847 42.0153 0
      vertex 93.7389 41.735 1.2
      vertex 93.7389 41.735 0
    endloop
  endfacet
  facet normal 0.831513 0.555505 0
    outer loop
      vertex 93.7389 38.265 1.2
      vertex 93.5318 38.575 0
      vertex 93.5318 38.575 1.2
    endloop
  endfacet
  facet normal 0.831513 0.555505 0
    outer loop
      vertex 93.5318 38.575 0
      vertex 93.7389 38.265 1.2
      vertex 93.7389 38.265 0
    endloop
  endfacet
  facet normal 0.0654508 -0.997856 0
    outer loop
      vertex 95.628 42.8256 0
      vertex 96 42.85 1.2
      vertex 95.628 42.8256 1.2
    endloop
  endfacet
  facet normal 0.0654508 -0.997856 0
    outer loop
      vertex 96 42.85 1.2
      vertex 95.628 42.8256 0
      vertex 96 42.85 0
    endloop
  endfacet
  facet normal 0.442272 0.896881 -0
    outer loop
      vertex 94.9094 37.3669 0
      vertex 94.575 37.5318 1.2
      vertex 94.9094 37.3669 1.2
    endloop
  endfacet
  facet normal 0.442272 0.896881 0
    outer loop
      vertex 94.575 37.5318 1.2
      vertex 94.9094 37.3669 0
      vertex 94.575 37.5318 0
    endloop
  endfacet
  facet normal -0.896881 0.442272 0
    outer loop
      vertex 98.4682 38.575 0
      vertex 98.6331 38.9094 1.2
      vertex 98.6331 38.9094 0
    endloop
  endfacet
  facet normal -0.896881 0.442272 0
    outer loop
      vertex 98.6331 38.9094 1.2
      vertex 98.4682 38.575 0
      vertex 98.4682 38.575 1.2
    endloop
  endfacet
  facet normal 0.896881 -0.442272 0
    outer loop
      vertex 93.3669 41.0906 1.2
      vertex 93.5318 41.425 0
      vertex 93.5318 41.425 1.2
    endloop
  endfacet
  facet normal 0.896881 -0.442272 0
    outer loop
      vertex 93.5318 41.425 0
      vertex 93.3669 41.0906 1.2
      vertex 93.3669 41.0906 0
    endloop
  endfacet
  facet normal 0.831513 -0.555505 0
    outer loop
      vertex 93.5318 41.425 1.2
      vertex 93.7389 41.735 0
      vertex 93.7389 41.735 1.2
    endloop
  endfacet
  facet normal 0.831513 -0.555505 0
    outer loop
      vertex 93.7389 41.735 0
      vertex 93.5318 41.425 1.2
      vertex 93.5318 41.425 0
    endloop
  endfacet
  facet normal -0 0 1
    outer loop
      vertex 101.1 42 3
      vertex 102.3 38 3
      vertex 102.3 42 3
    endloop
  endfacet
  facet normal 0 0 1
    outer loop
      vertex 102.3 38 3
      vertex 101.1 42 3
      vertex 101.1 38 3
    endloop
  endfacet
  facet normal 0 -1 0
    outer loop
      vertex 101.1 42 3
      vertex 102.3 42 5.5
      vertex 101.1 42 5.5
    endloop
  endfacet
  facet normal 0 -1 -0
    outer loop
      vertex 102.3 42 5.5
      vertex 101.1 42 3
      vertex 102.3 42 3
    endloop
  endfacet
  facet normal 0 1 -0
    outer loop
      vertex 102.3 38 3
      vertex 101.1 38 5.5
      vertex 102.3 38 5.5
    endloop
  endfacet
  facet normal 0 1 0
    outer loop
      vertex 101.1 38 5.5
      vertex 102.3 38 3
      vertex 101.1 38 3
    endloop
  endfacet
  facet normal 1 0 0
    outer loop
      vertex 118.3 38 5.5
      vertex 118.3 33.7 5.5
      vertex 118.3 38 3
    endloop
  endfacet
  facet normal 1 0 0
    outer loop
      vertex 118.3 42 3
      vertex 118.3 46.3 5.5
      vertex 118.3 42 5.5
    endloop
  endfacet
  facet normal 1 0 0
    outer loop
      vertex 118.3 46.3 5.5
      vertex 118.3 42 3
      vertex 118.3 46.3 0
    endloop
  endfacet
  facet normal 1 -0 0
    outer loop
      vertex 118.3 38 3
      vertex 118.3 46.3 0
      vertex 118.3 42 3
    endloop
  endfacet
  facet normal 1 0 0
    outer loop
      vertex 118.3 38 3
      vertex 118.3 33.7 0
      vertex 118.3 46.3 0
    endloop
  endfacet
  facet normal 1 0 0
    outer loop
      vertex 118.3 33.7 0
      vertex 118.3 38 3
      vertex 118.3 33.7 5.5
    endloop
  endfacet
  facet normal 0 0 1
    outer loop
      vertex 118.3 46.3 5.5
      vertex 117.1 45.1 5.5
      vertex 118.3 42 5.5
    endloop
  endfacet
  facet normal 0 0 1
    outer loop
      vertex 118.3 46.3 5.5
      vertex 106.9 45.1 5.5
      vertex 117.1 45.1 5.5
    endloop
  endfacet
  facet normal 0 0 1
    outer loop
      vertex 106.9 45.1 5.5
      vertex 105.7 46.3 5.5
      vertex 106.9 34.9 5.5
    endloop
  endfacet
  facet normal -0 0 1
    outer loop
      vertex 105.7 46.3 5.5
      vertex 106.9 45.1 5.5
      vertex 118.3 46.3 5.5
    endloop
  endfacet
  facet normal 0 0 1
    outer loop
      vertex 118.3 42 5.5
      vertex 117.1 45.1 5.5
      vertex 117.1 42 5.5
    endloop
  endfacet
  facet normal 0 0 1
    outer loop
      vertex 117.1 34.9 5.5
      vertex 118.3 38 5.5
      vertex 117.1 38 5.5
    endloop
  endfacet
  facet normal 0 0 1
    outer loop
      vertex 118.3 38 5.5
      vertex 117.1 34.9 5.5
      vertex 118.3 33.7 5.5
    endloop
  endfacet
  facet normal -0 0 1
    outer loop
      vertex 106.9 34.9 5.5
      vertex 118.3 33.7 5.5
      vertex 117.1 34.9 5.5
    endloop
  endfacet
  facet normal 0 0 1
    outer loop
      vertex 106.9 34.9 5.5
      vertex 105.7 33.7 5.5
      vertex 118.3 33.7 5.5
    endloop
  endfacet
  facet normal 0 0 1
    outer loop
      vertex 105.7 33.7 5.5
      vertex 106.9 34.9 5.5
      vertex 105.7 46.3 5.5
    endloop
  endfacet
  facet normal 0 0 -1
    outer loop
      vertex 118.3 33.7 0
      vertex 114.85 40 0
      vertex 118.3 46.3 0
    endloop
  endfacet
  facet normal 0 0 -1
    outer loop
      vertex 118.3 33.7 0
      vertex 114.826 39.628 0
      vertex 114.85 40 0
    endloop
  endfacet
  facet normal 0 0 -1
    outer loop
      vertex 118.3 33.7 0
      vertex 114.753 39.2624 0
      vertex 114.826 39.628 0
    endloop
  endfacet
  facet normal 0 0 -1
    outer loop
      vertex 118.3 33.7 0
      vertex 114.633 38.9094 0
      vertex 114.753 39.2624 0
    endloop
  endfacet
  facet normal 0 0 -1
    outer loop
      vertex 118.3 33.7 0
      vertex 114.468 38.575 0
      vertex 114.633 38.9094 0
    endloop
  endfacet
  facet normal 0 0 -1
    outer loop
      vertex 118.3 33.7 0
      vertex 114.261 38.265 0
      vertex 114.468 38.575 0
    endloop
  endfacet
  facet normal 0 0 -1
    outer loop
      vertex 118.3 33.7 0
      vertex 114.015 37.9847 0
      vertex 114.261 38.265 0
    endloop
  endfacet
  facet normal 0 0 -1
    outer loop
      vertex 118.3 33.7 0
      vertex 113.735 37.7389 0
      vertex 114.015 37.9847 0
    endloop
  endfacet
  facet normal 0 0 -1
    outer loop
      vertex 118.3 33.7 0
      vertex 113.425 37.5318 0
      vertex 113.735 37.7389 0
    endloop
  endfacet
  facet normal 0 0 -1
    outer loop
      vertex 118.3 33.7 0
      vertex 113.091 37.3669 0
      vertex 113.425 37.5318 0
    endloop
  endfacet
  facet normal 0 0 -1
    outer loop
      vertex 118.3 33.7 0
      vertex 112.738 37.2471 0
      vertex 113.091 37.3669 0
    endloop
  endfacet
  facet normal 0 0 -1
    outer loop
      vertex 118.3 33.7 0
      vertex 112.372 37.1744 0
      vertex 112.738 37.2471 0
    endloop
  endfacet
  facet normal 0 0 -1
    outer loop
      vertex 118.3 33.7 0
      vertex 112 37.15 0
      vertex 112.372 37.1744 0
    endloop
  endfacet
  facet normal 0 0 -1
    outer loop
      vertex 105.7 33.7 0
      vertex 112 37.15 0
      vertex 118.3 33.7 0
    endloop
  endfacet
  facet normal -0 0 -1
    outer loop
      vertex 112 37.15 0
      vertex 105.7 33.7 0
      vertex 111.628 37.1744 0
    endloop
  endfacet
  facet normal -0 0 -1
    outer loop
      vertex 111.628 37.1744 0
      vertex 105.7 33.7 0
      vertex 111.262 37.2471 0
    endloop
  endfacet
  facet normal -0 0 -1
    outer loop
      vertex 111.262 37.2471 0
      vertex 105.7 33.7 0
      vertex 110.909 37.3669 0
    endloop
  endfacet
  facet normal -0 0 -1
    outer loop
      vertex 109.174 39.628 0
      vertex 105.7 33.7 0
      vertex 109.15 40 0
    endloop
  endfacet
  facet normal -0 0 -1
    outer loop
      vertex 109.247 39.2624 0
      vertex 105.7 33.7 0
      vertex 109.174 39.628 0
    endloop
  endfacet
  facet normal -0 0 -1
    outer loop
      vertex 109.367 38.9094 0
      vertex 105.7 33.7 0
      vertex 109.247 39.2624 0
    endloop
  endfacet
  facet normal -0 0 -1
    outer loop
      vertex 109.532 38.575 0
      vertex 105.7 33.7 0
      vertex 109.367 38.9094 0
    endloop
  endfacet
  facet normal -0 0 -1
    outer loop
      vertex 109.739 38.265 0
      vertex 105.7 33.7 0
      vertex 109.532 38.575 0
    endloop
  endfacet
  facet normal -0 0 -1
    outer loop
      vertex 109.985 37.9847 0
      vertex 105.7 33.7 0
      vertex 109.739 38.265 0
    endloop
  endfacet
  facet normal -0 0 -1
    outer loop
      vertex 110.265 37.7389 0
      vertex 105.7 33.7 0
      vertex 109.985 37.9847 0
    endloop
  endfacet
  facet normal -0 0 -1
    outer loop
      vertex 110.575 37.5318 0
      vertex 105.7 33.7 0
      vertex 110.265 37.7389 0
    endloop
  endfacet
  facet normal -0 0 -1
    outer loop
      vertex 110.909 37.3669 0
      vertex 105.7 33.7 0
      vertex 110.575 37.5318 0
    endloop
  endfacet
  facet normal 0 0 -1
    outer loop
      vertex 114.826 40.372 0
      vertex 118.3 46.3 0
      vertex 114.85 40 0
    endloop
  endfacet
  facet normal 0 0 -1
    outer loop
      vertex 114.753 40.7376 0
      vertex 118.3 46.3 0
      vertex 114.826 40.372 0
    endloop
  endfacet
  facet normal 0 0 -1
    outer loop
      vertex 114.633 41.0906 0
      vertex 118.3 46.3 0
      vertex 114.753 40.7376 0
    endloop
  endfacet
  facet normal 0 0 -1
    outer loop
      vertex 114.468 41.425 0
      vertex 118.3 46.3 0
      vertex 114.633 41.0906 0
    endloop
  endfacet
  facet normal 0 0 -1
    outer loop
      vertex 114.261 41.735 0
      vertex 118.3 46.3 0
      vertex 114.468 41.425 0
    endloop
  endfacet
  facet normal 0 0 -1
    outer loop
      vertex 114.015 42.0153 0
      vertex 118.3 46.3 0
      vertex 114.261 41.735 0
    endloop
  endfacet
  facet normal 0 0 -1
    outer loop
      vertex 113.735 42.2611 0
      vertex 118.3 46.3 0
      vertex 114.015 42.0153 0
    endloop
  endfacet
  facet normal 0 0 -1
    outer loop
      vertex 113.425 42.4682 0
      vertex 118.3 46.3 0
      vertex 113.735 42.2611 0
    endloop
  endfacet
  facet normal 0 0 -1
    outer loop
      vertex 113.091 42.6331 0
      vertex 118.3 46.3 0
      vertex 113.425 42.4682 0
    endloop
  endfacet
  facet normal 0 0 -1
    outer loop
      vertex 112.738 42.7529 0
      vertex 118.3 46.3 0
      vertex 113.091 42.6331 0
    endloop
  endfacet
  facet normal 0 0 -1
    outer loop
      vertex 112.372 42.8256 0
      vertex 118.3 46.3 0
      vertex 112.738 42.7529 0
    endloop
  endfacet
  facet normal 0 0 -1
    outer loop
      vertex 112 42.85 0
      vertex 118.3 46.3 0
      vertex 112.372 42.8256 0
    endloop
  endfacet
  facet normal 0 0 -1
    outer loop
      vertex 105.7 46.3 0
      vertex 112 42.85 0
      vertex 111.628 42.8256 0
    endloop
  endfacet
  facet normal 0 0 -1
    outer loop
      vertex 105.7 46.3 0
      vertex 111.628 42.8256 0
      vertex 111.262 42.7529 0
    endloop
  endfacet
  facet normal 0 0 -1
    outer loop
      vertex 105.7 46.3 0
      vertex 111.262 42.7529 0
      vertex 110.909 42.6331 0
    endloop
  endfacet
  facet normal 0 0 -1
    outer loop
      vertex 105.7 46.3 0
      vertex 110.909 42.6331 0
      vertex 110.575 42.4682 0
    endloop
  endfacet
  facet normal 0 0 -1
    outer loop
      vertex 105.7 46.3 0
      vertex 109.15 40 0
      vertex 105.7 33.7 0
    endloop
  endfacet
  facet normal 0 0 -1
    outer loop
      vertex 109.15 40 0
      vertex 105.7 46.3 0
      vertex 109.174 40.372 0
    endloop
  endfacet
  facet normal 0 0 -1
    outer loop
      vertex 109.174 40.372 0
      vertex 105.7 46.3 0
      vertex 109.247 40.7376 0
    endloop
  endfacet
  facet normal 0 0 -1
    outer loop
      vertex 109.247 40.7376 0
      vertex 105.7 46.3 0
      vertex 109.367 41.0906 0
    endloop
  endfacet
  facet normal 0 0 -1
    outer loop
      vertex 112 42.85 0
      vertex 105.7 46.3 0
      vertex 118.3 46.3 0
    endloop
  endfacet
  facet normal 0 0 -1
    outer loop
      vertex 110.265 42.2611 0
      vertex 105.7 46.3 0
      vertex 110.575 42.4682 0
    endloop
  endfacet
  facet normal 0 0 -1
    outer loop
      vertex 109.985 42.0153 0
      vertex 105.7 46.3 0
      vertex 110.265 42.2611 0
    endloop
  endfacet
  facet normal 0 0 -1
    outer loop
      vertex 109.739 41.735 0
      vertex 105.7 46.3 0
      vertex 109.985 42.0153 0
    endloop
  endfacet
  facet normal 0 0 -1
    outer loop
      vertex 109.532 41.425 0
      vertex 105.7 46.3 0
      vertex 109.739 41.735 0
    endloop
  endfacet
  facet normal 0 0 -1
    outer loop
      vertex 109.367 41.0906 0
      vertex 105.7 46.3 0
      vertex 109.532 41.425 0
    endloop
  endfacet
  facet normal -1 0 0
    outer loop
      vertex 105.7 33.7 0
      vertex 105.7 46.3 5.5
      vertex 105.7 46.3 0
    endloop
  endfacet
  facet normal -1 -0 0
    outer loop
      vertex 105.7 46.3 5.5
      vertex 105.7 33.7 0
      vertex 105.7 33.7 5.5
    endloop
  endfacet
  facet normal 0 1 -0
    outer loop
      vertex 118.3 46.3 0
      vertex 105.7 46.3 5.5
      vertex 118.3 46.3 5.5
    endloop
  endfacet
  facet normal 0 1 0
    outer loop
      vertex 105.7 46.3 5.5
      vertex 118.3 46.3 0
      vertex 105.7 46.3 0
    endloop
  endfacet
  facet normal 0 -1 0
    outer loop
      vertex 105.7 33.7 0
      vertex 118.3 33.7 5.5
      vertex 105.7 33.7 5.5
    endloop
  endfacet
  facet normal 0 -1 -0
    outer loop
      vertex 118.3 33.7 5.5
      vertex 105.7 33.7 0
      vertex 118.3 33.7 0
    endloop
  endfacet
  facet normal -1 0 0
    outer loop
      vertex 117.1 45.1 1.2
      vertex 117.1 42 3
      vertex 117.1 45.1 5.5
    endloop
  endfacet
  facet normal -1 0 0
    outer loop
      vertex 117.1 45.1 1.2
      vertex 117.1 38 3
      vertex 117.1 42 3
    endloop
  endfacet
  facet normal -1 0 0
    outer loop
      vertex 117.1 34.9 1.2
      vertex 117.1 38 3
      vertex 117.1 45.1 1.2
    endloop
  endfacet
  facet normal -1 0 0
    outer loop
      vertex 117.1 34.9 5.5
      vertex 117.1 38 3
      vertex 117.1 34.9 1.2
    endloop
  endfacet
  facet normal -1 0 0
    outer loop
      vertex 117.1 38 3
      vertex 117.1 34.9 5.5
      vertex 117.1 38 5.5
    endloop
  endfacet
  facet normal -1 -0 0
    outer loop
      vertex 117.1 45.1 5.5
      vertex 117.1 42 3
      vertex 117.1 42 5.5
    endloop
  endfacet
  facet normal 0 0 1
    outer loop
      vertex 117.1 45.1 1.2
      vertex 114.85 40 1.2
      vertex 117.1 34.9 1.2
    endloop
  endfacet
  facet normal 0 0 1
    outer loop
      vertex 117.1 45.1 1.2
      vertex 114.826 40.372 1.2
      vertex 114.85 40 1.2
    endloop
  endfacet
  facet normal 0 0 1
    outer loop
      vertex 117.1 45.1 1.2
      vertex 114.753 40.7376 1.2
      vertex 114.826 40.372 1.2
    endloop
  endfacet
  facet normal 0 0 1
    outer loop
      vertex 117.1 45.1 1.2
      vertex 114.633 41.0906 1.2
      vertex 114.753 40.7376 1.2
    endloop
  endfacet
  facet normal 0 0 1
    outer loop
      vertex 117.1 45.1 1.2
      vertex 114.468 41.425 1.2
      vertex 114.633 41.0906 1.2
    endloop
  endfacet
  facet normal 0 0 1
    outer loop
      vertex 117.1 45.1 1.2
      vertex 114.261 41.735 1.2
      vertex 114.468 41.425 1.2
    endloop
  endfacet
  facet normal 0 0 1
    outer loop
      vertex 117.1 45.1 1.2
      vertex 114.015 42.0153 1.2
      vertex 114.261 41.735 1.2
    endloop
  endfacet
  facet normal 0 0 1
    outer loop
      vertex 117.1 45.1 1.2
      vertex 113.735 42.2611 1.2
      vertex 114.015 42.0153 1.2
    endloop
  endfacet
  facet normal 0 0 1
    outer loop
      vertex 117.1 45.1 1.2
      vertex 113.425 42.4682 1.2
      vertex 113.735 42.2611 1.2
    endloop
  endfacet
  facet normal 0 0 1
    outer loop
      vertex 117.1 45.1 1.2
      vertex 113.091 42.6331 1.2
      vertex 113.425 42.4682 1.2
    endloop
  endfacet
  facet normal 0 0 1
    outer loop
      vertex 117.1 45.1 1.2
      vertex 112.738 42.7529 1.2
      vertex 113.091 42.6331 1.2
    endloop
  endfacet
  facet normal 0 0 1
    outer loop
      vertex 117.1 45.1 1.2
      vertex 112.372 42.8256 1.2
      vertex 112.738 42.7529 1.2
    endloop
  endfacet
  facet normal 0 0 1
    outer loop
      vertex 117.1 45.1 1.2
      vertex 112 42.85 1.2
      vertex 112.372 42.8256 1.2
    endloop
  endfacet
  facet normal -0 0 1
    outer loop
      vertex 106.9 45.1 1.2
      vertex 112 42.85 1.2
      vertex 117.1 45.1 1.2
    endloop
  endfacet
  facet normal 0 0 1
    outer loop
      vertex 112 42.85 1.2
      vertex 106.9 45.1 1.2
      vertex 111.628 42.8256 1.2
    endloop
  endfacet
  facet normal 0 0 1
    outer loop
      vertex 111.628 42.8256 1.2
      vertex 106.9 45.1 1.2
      vertex 111.262 42.7529 1.2
    endloop
  endfacet
  facet normal 0 0 1
    outer loop
      vertex 109.174 40.372 1.2
      vertex 106.9 45.1 1.2
      vertex 109.15 40 1.2
    endloop
  endfacet
  facet normal 0 0 1
    outer loop
      vertex 109.247 40.7376 1.2
      vertex 106.9 45.1 1.2
      vertex 109.174 40.372 1.2
    endloop
  endfacet
  facet normal 0 0 1
    outer loop
      vertex 109.367 41.0906 1.2
      vertex 106.9 45.1 1.2
      vertex 109.247 40.7376 1.2
    endloop
  endfacet
  facet normal 0 0 1
    outer loop
      vertex 109.532 41.425 1.2
      vertex 106.9 45.1 1.2
      vertex 109.367 41.0906 1.2
    endloop
  endfacet
  facet normal 0 0 1
    outer loop
      vertex 109.739 41.735 1.2
      vertex 106.9 45.1 1.2
      vertex 109.532 41.425 1.2
    endloop
  endfacet
  facet normal 0 0 1
    outer loop
      vertex 109.985 42.0153 1.2
      vertex 106.9 45.1 1.2
      vertex 109.739 41.735 1.2
    endloop
  endfacet
  facet normal 0 0 1
    outer loop
      vertex 110.265 42.2611 1.2
      vertex 106.9 45.1 1.2
      vertex 109.985 42.0153 1.2
    endloop
  endfacet
  facet normal 0 0 1
    outer loop
      vertex 110.575 42.4682 1.2
      vertex 106.9 45.1 1.2
      vertex 110.265 42.2611 1.2
    endloop
  endfacet
  facet normal 0 0 1
    outer loop
      vertex 110.909 42.6331 1.2
      vertex 106.9 45.1 1.2
      vertex 110.575 42.4682 1.2
    endloop
  endfacet
  facet normal 0 0 1
    outer loop
      vertex 111.262 42.7529 1.2
      vertex 106.9 45.1 1.2
      vertex 110.909 42.6331 1.2
    endloop
  endfacet
  facet normal -0 0 1
    outer loop
      vertex 114.826 39.628 1.2
      vertex 117.1 34.9 1.2
      vertex 114.85 40 1.2
    endloop
  endfacet
  facet normal -0 0 1
    outer loop
      vertex 114.753 39.2624 1.2
      vertex 117.1 34.9 1.2
      vertex 114.826 39.628 1.2
    endloop
  endfacet
  facet normal -0 0 1
    outer loop
      vertex 114.633 38.9094 1.2
      vertex 117.1 34.9 1.2
      vertex 114.753 39.2624 1.2
    endloop
  endfacet
  facet normal -0 0 1
    outer loop
      vertex 114.468 38.575 1.2
      vertex 117.1 34.9 1.2
      vertex 114.633 38.9094 1.2
    endloop
  endfacet
  facet normal -0 0 1
    outer loop
      vertex 114.261 38.265 1.2
      vertex 117.1 34.9 1.2
      vertex 114.468 38.575 1.2
    endloop
  endfacet
  facet normal -0 0 1
    outer loop
      vertex 114.015 37.9847 1.2
      vertex 117.1 34.9 1.2
      vertex 114.261 38.265 1.2
    endloop
  endfacet
  facet normal -0 0 1
    outer loop
      vertex 113.735 37.7389 1.2
      vertex 117.1 34.9 1.2
      vertex 114.015 37.9847 1.2
    endloop
  endfacet
  facet normal -0 0 1
    outer loop
      vertex 113.425 37.5318 1.2
      vertex 117.1 34.9 1.2
      vertex 113.735 37.7389 1.2
    endloop
  endfacet
  facet normal -0 0 1
    outer loop
      vertex 113.091 37.3669 1.2
      vertex 117.1 34.9 1.2
      vertex 113.425 37.5318 1.2
    endloop
  endfacet
  facet normal -0 0 1
    outer loop
      vertex 112.738 37.2471 1.2
      vertex 117.1 34.9 1.2
      vertex 113.091 37.3669 1.2
    endloop
  endfacet
  facet normal -0 0 1
    outer loop
      vertex 112.372 37.1744 1.2
      vertex 117.1 34.9 1.2
      vertex 112.738 37.2471 1.2
    endloop
  endfacet
  facet normal -0 0 1
    outer loop
      vertex 112 37.15 1.2
      vertex 117.1 34.9 1.2
      vertex 112.372 37.1744 1.2
    endloop
  endfacet
  facet normal 0 0 1
    outer loop
      vertex 106.9 34.9 1.2
      vertex 112 37.15 1.2
      vertex 111.628 37.1744 1.2
    endloop
  endfacet
  facet normal 0 0 1
    outer loop
      vertex 106.9 34.9 1.2
      vertex 111.628 37.1744 1.2
      vertex 111.262 37.2471 1.2
    endloop
  endfacet
  facet normal 0 0 1
    outer loop
      vertex 106.9 34.9 1.2
      vertex 111.262 37.2471 1.2
      vertex 110.909 37.3669 1.2
    endloop
  endfacet
  facet normal 0 0 1
    outer loop
      vertex 106.9 34.9 1.2
      vertex 109.15 40 1.2
      vertex 106.9 45.1 1.2
    endloop
  endfacet
  facet normal 0 0 1
    outer loop
      vertex 109.15 40 1.2
      vertex 106.9 34.9 1.2
      vertex 109.174 39.628 1.2
    endloop
  endfacet
  facet normal 0 0 1
    outer loop
      vertex 109.174 39.628 1.2
      vertex 106.9 34.9 1.2
      vertex 109.247 39.2624 1.2
    endloop
  endfacet
  facet normal 0 0 1
    outer loop
      vertex 112 37.15 1.2
      vertex 106.9 34.9 1.2
      vertex 117.1 34.9 1.2
    endloop
  endfacet
  facet normal 0 0 1
    outer loop
      vertex 110.575 37.5318 1.2
      vertex 106.9 34.9 1.2
      vertex 110.909 37.3669 1.2
    endloop
  endfacet
  facet normal 0 0 1
    outer loop
      vertex 110.265 37.7389 1.2
      vertex 106.9 34.9 1.2
      vertex 110.575 37.5318 1.2
    endloop
  endfacet
  facet normal 0 0 1
    outer loop
      vertex 109.985 37.9847 1.2
      vertex 106.9 34.9 1.2
      vertex 110.265 37.7389 1.2
    endloop
  endfacet
  facet normal 0 0 1
    outer loop
      vertex 109.739 38.265 1.2
      vertex 106.9 34.9 1.2
      vertex 109.985 37.9847 1.2
    endloop
  endfacet
  facet normal 0 0 1
    outer loop
      vertex 109.532 38.575 1.2
      vertex 106.9 34.9 1.2
      vertex 109.739 38.265 1.2
    endloop
  endfacet
  facet normal 0 0 1
    outer loop
      vertex 109.367 38.9094 1.2
      vertex 106.9 34.9 1.2
      vertex 109.532 38.575 1.2
    endloop
  endfacet
  facet normal 0 0 1
    outer loop
      vertex 109.247 39.2624 1.2
      vertex 106.9 34.9 1.2
      vertex 109.367 38.9094 1.2
    endloop
  endfacet
  facet normal 1 -0 0
    outer loop
      vertex 106.9 34.9 5.5
      vertex 106.9 45.1 1.2
      vertex 106.9 45.1 5.5
    endloop
  endfacet
  facet normal 1 0 0
    outer loop
      vertex 106.9 45.1 1.2
      vertex 106.9 34.9 5.5
      vertex 106.9 34.9 1.2
    endloop
  endfacet
  facet normal 0 -1 0
    outer loop
      vertex 106.9 45.1 1.2
      vertex 117.1 45.1 5.5
      vertex 106.9 45.1 5.5
    endloop
  endfacet
  facet normal 0 -1 -0
    outer loop
      vertex 117.1 45.1 5.5
      vertex 106.9 45.1 1.2
      vertex 117.1 45.1 1.2
    endloop
  endfacet
  facet normal 0 1 -0
    outer loop
      vertex 117.1 34.9 1.2
      vertex 106.9 34.9 5.5
      vertex 117.1 34.9 5.5
    endloop
  endfacet
  facet normal 0 1 0
    outer loop
      vertex 106.9 34.9 5.5
      vertex 117.1 34.9 1.2
      vertex 106.9 34.9 1.2
    endloop
  endfacet
  facet normal 0.896775 0.442488 0
    outer loop
      vertex 109.532 38.575 1.2
      vertex 109.367 38.9094 0
      vertex 109.367 38.9094 1.2
    endloop
  endfacet
  facet normal 0.896775 0.442488 0
    outer loop
      vertex 109.367 38.9094 0
      vertex 109.532 38.575 1.2
      vertex 109.532 38.575 0
    endloop
  endfacet
  facet normal -0.442698 0.896671 0
    outer loop
      vertex 113.425 37.5318 0
      vertex 113.091 37.3669 1.2
      vertex 113.425 37.5318 1.2
    endloop
  endfacet
  facet normal -0.442698 0.896671 0
    outer loop
      vertex 113.091 37.3669 1.2
      vertex 113.425 37.5318 0
      vertex 113.091 37.3669 0
    endloop
  endfacet
  facet normal -0.980643 -0.195807 0
    outer loop
      vertex 114.826 40.372 0
      vertex 114.753 40.7376 1.2
      vertex 114.753 40.7376 0
    endloop
  endfacet
  facet normal -0.980643 -0.195807 0
    outer loop
      vertex 114.753 40.7376 1.2
      vertex 114.826 40.372 0
      vertex 114.826 40.372 1.2
    endloop
  endfacet
  facet normal -0.997925 -0.0643823 0
    outer loop
      vertex 114.85 40 0
      vertex 114.826 40.372 1.2
      vertex 114.826 40.372 0
    endloop
  endfacet
  facet normal -0.997925 -0.0643823 0
    outer loop
      vertex 114.826 40.372 1.2
      vertex 114.85 40 0
      vertex 114.85 40 1.2
    endloop
  endfacet
  facet normal -0.946789 -0.321855 0
    outer loop
      vertex 114.753 40.7376 0
      vertex 114.633 41.0906 1.2
      vertex 114.633 41.0906 0
    endloop
  endfacet
  facet normal -0.946789 -0.321855 0
    outer loop
      vertex 114.633 41.0906 1.2
      vertex 114.753 40.7376 0
      vertex 114.753 40.7376 1.2
    endloop
  endfacet
  facet normal -0.751596 0.659624 0
    outer loop
      vertex 114.015 37.9847 0
      vertex 114.261 38.265 1.2
      vertex 114.261 38.265 0
    endloop
  endfacet
  facet normal -0.751596 0.659624 0
    outer loop
      vertex 114.261 38.265 1.2
      vertex 114.015 37.9847 0
      vertex 114.015 37.9847 1.2
    endloop
  endfacet
  facet normal 0.555505 -0.831513 0
    outer loop
      vertex 110.265 42.2611 0
      vertex 110.575 42.4682 1.2
      vertex 110.265 42.2611 1.2
    endloop
  endfacet
  facet normal 0.555505 -0.831513 0
    outer loop
      vertex 110.575 42.4682 1.2
      vertex 110.265 42.2611 0
      vertex 110.575 42.4682 0
    endloop
  endfacet
  facet normal -0.321374 -0.946952 0
    outer loop
      vertex 112.738 42.7529 0
      vertex 113.091 42.6331 1.2
      vertex 112.738 42.7529 1.2
    endloop
  endfacet
  facet normal -0.321374 -0.946952 -0
    outer loop
      vertex 113.091 42.6331 1.2
      vertex 112.738 42.7529 0
      vertex 113.091 42.6331 0
    endloop
  endfacet
  facet normal -0.555505 -0.831513 0
    outer loop
      vertex 113.425 42.4682 0
      vertex 113.735 42.2611 1.2
      vertex 113.425 42.4682 1.2
    endloop
  endfacet
  facet normal -0.555505 -0.831513 -0
    outer loop
      vertex 113.735 42.2611 1.2
      vertex 113.425 42.4682 0
      vertex 113.735 42.2611 0
    endloop
  endfacet
  facet normal -0.321374 0.946952 0
    outer loop
      vertex 113.091 37.3669 0
      vertex 112.738 37.2471 1.2
      vertex 113.091 37.3669 1.2
    endloop
  endfacet
  facet normal -0.321374 0.946952 0
    outer loop
      vertex 112.738 37.2471 1.2
      vertex 113.091 37.3669 0
      vertex 112.738 37.2471 0
    endloop
  endfacet
  facet normal -0.896775 -0.442488 0
    outer loop
      vertex 114.633 41.0906 0
      vertex 114.468 41.425 1.2
      vertex 114.468 41.425 0
    endloop
  endfacet
  facet normal -0.896775 -0.442488 0
    outer loop
      vertex 114.468 41.425 1.2
      vertex 114.633 41.0906 0
      vertex 114.633 41.0906 1.2
    endloop
  endfacet
  facet normal 0.194828 -0.980838 0
    outer loop
      vertex 111.262 42.7529 0
      vertex 111.628 42.8256 1.2
      vertex 111.262 42.7529 1.2
    endloop
  endfacet
  facet normal 0.194828 -0.980838 0
    outer loop
      vertex 111.628 42.8256 1.2
      vertex 111.262 42.7529 0
      vertex 111.628 42.8256 0
    endloop
  endfacet
  facet normal -0.946789 0.321855 0
    outer loop
      vertex 114.633 38.9094 0
      vertex 114.753 39.2624 1.2
      vertex 114.753 39.2624 0
    endloop
  endfacet
  facet normal -0.946789 0.321855 0
    outer loop
      vertex 114.753 39.2624 1.2
      vertex 114.633 38.9094 0
      vertex 114.633 38.9094 1.2
    endloop
  endfacet
  facet normal 0.555505 0.831513 -0
    outer loop
      vertex 110.575 37.5318 0
      vertex 110.265 37.7389 1.2
      vertex 110.575 37.5318 1.2
    endloop
  endfacet
  facet normal 0.555505 0.831513 0
    outer loop
      vertex 110.265 37.7389 1.2
      vertex 110.575 37.5318 0
      vertex 110.265 37.7389 0
    endloop
  endfacet
  facet normal 0.65972 -0.751512 0
    outer loop
      vertex 109.985 42.0153 0
      vertex 110.265 42.2611 1.2
      vertex 109.985 42.0153 1.2
    endloop
  endfacet
  facet normal 0.65972 -0.751512 0
    outer loop
      vertex 110.265 42.2611 1.2
      vertex 109.985 42.0153 0
      vertex 110.265 42.2611 0
    endloop
  endfacet
  facet normal 0.980643 -0.195807 0
    outer loop
      vertex 109.174 40.372 1.2
      vertex 109.247 40.7376 0
      vertex 109.247 40.7376 1.2
    endloop
  endfacet
  facet normal 0.980643 -0.195807 0
    outer loop
      vertex 109.247 40.7376 0
      vertex 109.174 40.372 1.2
      vertex 109.174 40.372 0
    endloop
  endfacet
  facet normal 0.321374 -0.946952 0
    outer loop
      vertex 110.909 42.6331 0
      vertex 111.262 42.7529 1.2
      vertex 110.909 42.6331 1.2
    endloop
  endfacet
  facet normal 0.321374 -0.946952 0
    outer loop
      vertex 111.262 42.7529 1.2
      vertex 110.909 42.6331 0
      vertex 111.262 42.7529 0
    endloop
  endfacet
  facet normal -0.65972 0.751512 0
    outer loop
      vertex 114.015 37.9847 0
      vertex 113.735 37.7389 1.2
      vertex 114.015 37.9847 1.2
    endloop
  endfacet
  facet normal -0.65972 0.751512 0
    outer loop
      vertex 113.735 37.7389 1.2
      vertex 114.015 37.9847 0
      vertex 113.735 37.7389 0
    endloop
  endfacet
  facet normal 0.946789 0.321855 0
    outer loop
      vertex 109.367 38.9094 1.2
      vertex 109.247 39.2624 0
      vertex 109.247 39.2624 1.2
    endloop
  endfacet
  facet normal 0.946789 0.321855 0
    outer loop
      vertex 109.247 39.2624 0
      vertex 109.367 38.9094 1.2
      vertex 109.367 38.9094 0
    endloop
  endfacet
  facet normal -0.831637 -0.555319 0
    outer loop
      vertex 114.468 41.425 0
      vertex 114.261 41.735 1.2
      vertex 114.261 41.735 0
    endloop
  endfacet
  facet normal -0.831637 -0.555319 0
    outer loop
      vertex 114.261 41.735 1.2
      vertex 114.468 41.425 0
      vertex 114.468 41.425 1.2
    endloop
  endfacet
  facet normal -0.194828 0.980838 0
    outer loop
      vertex 112.738 37.2471 0
      vertex 112.372 37.1744 1.2
      vertex 112.738 37.2471 1.2
    endloop
  endfacet
  facet normal -0.194828 0.980838 0
    outer loop
      vertex 112.372 37.1744 1.2
      vertex 112.738 37.2471 0
      vertex 112.372 37.1744 0
    endloop
  endfacet
  facet normal 0.980643 0.195807 0
    outer loop
      vertex 109.247 39.2624 1.2
      vertex 109.174 39.628 0
      vertex 109.174 39.628 1.2
    endloop
  endfacet
  facet normal 0.980643 0.195807 0
    outer loop
      vertex 109.174 39.628 0
      vertex 109.247 39.2624 1.2
      vertex 109.247 39.2624 0
    endloop
  endfacet
  facet normal -0.65972 -0.751512 0
    outer loop
      vertex 113.735 42.2611 0
      vertex 114.015 42.0153 1.2
      vertex 113.735 42.2611 1.2
    endloop
  endfacet
  facet normal -0.65972 -0.751512 -0
    outer loop
      vertex 114.015 42.0153 1.2
      vertex 113.735 42.2611 0
      vertex 114.015 42.0153 0
    endloop
  endfacet
  facet normal -0.997925 0.0643823 0
    outer loop
      vertex 114.826 39.628 0
      vertex 114.85 40 1.2
      vertex 114.85 40 0
    endloop
  endfacet
  facet normal -0.997925 0.0643823 0
    outer loop
      vertex 114.85 40 1.2
      vertex 114.826 39.628 0
      vertex 114.826 39.628 1.2
    endloop
  endfacet
  facet normal -0.980643 0.195807 0
    outer loop
      vertex 114.753 39.2624 0
      vertex 114.826 39.628 1.2
      vertex 114.826 39.628 0
    endloop
  endfacet
  facet normal -0.980643 0.195807 0
    outer loop
      vertex 114.826 39.628 1.2
      vertex 114.753 39.2624 0
      vertex 114.753 39.2624 1.2
    endloop
  endfacet
  facet normal -0.555505 0.831513 0
    outer loop
      vertex 113.735 37.7389 0
      vertex 113.425 37.5318 1.2
      vertex 113.735 37.7389 1.2
    endloop
  endfacet
  facet normal -0.555505 0.831513 0
    outer loop
      vertex 113.425 37.5318 1.2
      vertex 113.735 37.7389 0
      vertex 113.425 37.5318 0
    endloop
  endfacet
  facet normal -0.194828 -0.980838 0
    outer loop
      vertex 112.372 42.8256 0
      vertex 112.738 42.7529 1.2
      vertex 112.372 42.8256 1.2
    endloop
  endfacet
  facet normal -0.194828 -0.980838 -0
    outer loop
      vertex 112.738 42.7529 1.2
      vertex 112.372 42.8256 0
      vertex 112.738 42.7529 0
    endloop
  endfacet
  facet normal -0.751596 -0.659624 0
    outer loop
      vertex 114.261 41.735 0
      vertex 114.015 42.0153 1.2
      vertex 114.015 42.0153 0
    endloop
  endfacet
  facet normal -0.751596 -0.659624 0
    outer loop
      vertex 114.015 42.0153 1.2
      vertex 114.261 41.735 0
      vertex 114.261 41.735 1.2
    endloop
  endfacet
  facet normal -0.0654508 -0.997856 0
    outer loop
      vertex 112 42.85 0
      vertex 112.372 42.8256 1.2
      vertex 112 42.85 1.2
    endloop
  endfacet
  facet normal -0.0654508 -0.997856 -0
    outer loop
      vertex 112.372 42.8256 1.2
      vertex 112 42.85 0
      vertex 112.372 42.8256 0
    endloop
  endfacet
  facet normal 0.946789 -0.321855 0
    outer loop
      vertex 109.247 40.7376 1.2
      vertex 109.367 41.0906 0
      vertex 109.367 41.0906 1.2
    endloop
  endfacet
  facet normal 0.946789 -0.321855 0
    outer loop
      vertex 109.367 41.0906 0
      vertex 109.247 40.7376 1.2
      vertex 109.247 40.7376 0
    endloop
  endfacet
  facet normal 0.0654508 0.997856 -0
    outer loop
      vertex 112 37.15 0
      vertex 111.628 37.1744 1.2
      vertex 112 37.15 1.2
    endloop
  endfacet
  facet normal 0.0654508 0.997856 0
    outer loop
      vertex 111.628 37.1744 1.2
      vertex 112 37.15 0
      vertex 111.628 37.1744 0
    endloop
  endfacet
  facet normal -0.442698 -0.896671 0
    outer loop
      vertex 113.091 42.6331 0
      vertex 113.425 42.4682 1.2
      vertex 113.091 42.6331 1.2
    endloop
  endfacet
  facet normal -0.442698 -0.896671 -0
    outer loop
      vertex 113.425 42.4682 1.2
      vertex 113.091 42.6331 0
      vertex 113.425 42.4682 0
    endloop
  endfacet
  facet normal 0.997925 0.0643823 0
    outer loop
      vertex 109.174 39.628 1.2
      vertex 109.15 40 0
      vertex 109.15 40 1.2
    endloop
  endfacet
  facet normal 0.997925 0.0643823 0
    outer loop
      vertex 109.15 40 0
      vertex 109.174 39.628 1.2
      vertex 109.174 39.628 0
    endloop
  endfacet
  facet normal 0.65972 0.751512 -0
    outer loop
      vertex 110.265 37.7389 0
      vertex 109.985 37.9847 1.2
      vertex 110.265 37.7389 1.2
    endloop
  endfacet
  facet normal 0.65972 0.751512 0
    outer loop
      vertex 109.985 37.9847 1.2
      vertex 110.265 37.7389 0
      vertex 109.985 37.9847 0
    endloop
  endfacet
  facet normal -0.831637 0.555319 0
    outer loop
      vertex 114.261 38.265 0
      vertex 114.468 38.575 1.2
      vertex 114.468 38.575 0
    endloop
  endfacet
  facet normal -0.831637 0.555319 0
    outer loop
      vertex 114.468 38.575 1.2
      vertex 114.261 38.265 0
      vertex 114.261 38.265 1.2
    endloop
  endfacet
  facet normal 0.751596 0.659624 0
    outer loop
      vertex 109.985 37.9847 1.2
      vertex 109.739 38.265 0
      vertex 109.739 38.265 1.2
    endloop
  endfacet
  facet normal 0.751596 0.659624 0
    outer loop
      vertex 109.739 38.265 0
      vertex 109.985 37.9847 1.2
      vertex 109.985 37.9847 0
    endloop
  endfacet
  facet normal 0.997925 -0.0643823 0
    outer loop
      vertex 109.15 40 1.2
      vertex 109.174 40.372 0
      vertex 109.174 40.372 1.2
    endloop
  endfacet
  facet normal 0.997925 -0.0643823 0
    outer loop
      vertex 109.174 40.372 0
      vertex 109.15 40 1.2
      vertex 109.15 40 0
    endloop
  endfacet
  facet normal 0.194828 0.980838 -0
    outer loop
      vertex 111.628 37.1744 0
      vertex 111.262 37.2471 1.2
      vertex 111.628 37.1744 1.2
    endloop
  endfacet
  facet normal 0.194828 0.980838 0
    outer loop
      vertex 111.262 37.2471 1.2
      vertex 111.628 37.1744 0
      vertex 111.262 37.2471 0
    endloop
  endfacet
  facet normal -0.0654508 0.997856 0
    outer loop
      vertex 112.372 37.1744 0
      vertex 112 37.15 1.2
      vertex 112.372 37.1744 1.2
    endloop
  endfacet
  facet normal -0.0654508 0.997856 0
    outer loop
      vertex 112 37.15 1.2
      vertex 112.372 37.1744 0
      vertex 112 37.15 0
    endloop
  endfacet
  facet normal 0.442698 -0.896671 0
    outer loop
      vertex 110.575 42.4682 0
      vertex 110.909 42.6331 1.2
      vertex 110.575 42.4682 1.2
    endloop
  endfacet
  facet normal 0.442698 -0.896671 0
    outer loop
      vertex 110.909 42.6331 1.2
      vertex 110.575 42.4682 0
      vertex 110.909 42.6331 0
    endloop
  endfacet
  facet normal 0.321374 0.946952 -0
    outer loop
      vertex 111.262 37.2471 0
      vertex 110.909 37.3669 1.2
      vertex 111.262 37.2471 1.2
    endloop
  endfacet
  facet normal 0.321374 0.946952 0
    outer loop
      vertex 110.909 37.3669 1.2
      vertex 111.262 37.2471 0
      vertex 110.909 37.3669 0
    endloop
  endfacet
  facet normal 0.751596 -0.659624 0
    outer loop
      vertex 109.739 41.735 1.2
      vertex 109.985 42.0153 0
      vertex 109.985 42.0153 1.2
    endloop
  endfacet
  facet normal 0.751596 -0.659624 0
    outer loop
      vertex 109.985 42.0153 0
      vertex 109.739 41.735 1.2
      vertex 109.739 41.735 0
    endloop
  endfacet
  facet normal 0.831637 0.555319 0
    outer loop
      vertex 109.739 38.265 1.2
      vertex 109.532 38.575 0
      vertex 109.532 38.575 1.2
    endloop
  endfacet
  facet normal 0.831637 0.555319 0
    outer loop
      vertex 109.532 38.575 0
      vertex 109.739 38.265 1.2
      vertex 109.739 38.265 0
    endloop
  endfacet
  facet normal 0.0654508 -0.997856 0
    outer loop
      vertex 111.628 42.8256 0
      vertex 112 42.85 1.2
      vertex 111.628 42.8256 1.2
    endloop
  endfacet
  facet normal 0.0654508 -0.997856 0
    outer loop
      vertex 112 42.85 1.2
      vertex 111.628 42.8256 0
      vertex 112 42.85 0
    endloop
  endfacet
  facet normal 0.442698 0.896671 -0
    outer loop
      vertex 110.909 37.3669 0
      vertex 110.575 37.5318 1.2
      vertex 110.909 37.3669 1.2
    endloop
  endfacet
  facet normal 0.442698 0.896671 0
    outer loop
      vertex 110.575 37.5318 1.2
      vertex 110.909 37.3669 0
      vertex 110.575 37.5318 0
    endloop
  endfacet
  facet normal -0.896775 0.442488 0
    outer loop
      vertex 114.468 38.575 0
      vertex 114.633 38.9094 1.2
      vertex 114.633 38.9094 0
    endloop
  endfacet
  facet normal -0.896775 0.442488 0
    outer loop
      vertex 114.633 38.9094 1.2
      vertex 114.468 38.575 0
      vertex 114.468 38.575 1.2
    endloop
  endfacet
  facet normal 0.896775 -0.442488 0
    outer loop
      vertex 109.367 41.0906 1.2
      vertex 109.532 41.425 0
      vertex 109.532 41.425 1.2
    endloop
  endfacet
  facet normal 0.896775 -0.442488 0
    outer loop
      vertex 109.532 41.425 0
      vertex 109.367 41.0906 1.2
      vertex 109.367 41.0906 0
    endloop
  endfacet
  facet normal 0.831637 -0.555319 0
    outer loop
      vertex 109.532 41.425 1.2
      vertex 109.739 41.735 0
      vertex 109.739 41.735 1.2
    endloop
  endfacet
  facet normal 0.831637 -0.555319 0
    outer loop
      vertex 109.739 41.735 0
      vertex 109.532 41.425 1.2
      vertex 109.532 41.425 0
    endloop
  endfacet
  facet normal -0 0 1
    outer loop
      vertex 117.1 42 3
      vertex 118.3 38 3
      vertex 118.3 42 3
    endloop
  endfacet
  facet normal 0 0 1
    outer loop
      vertex 118.3 38 3
      vertex 117.1 42 3
      vertex 117.1 38 3
    endloop
  endfacet
  facet normal 0 -1 0
    outer loop
      vertex 117.1 42 3
      vertex 118.3 42 5.5
      vertex 117.1 42 5.5
    endloop
  endfacet
  facet normal 0 -1 -0
    outer loop
      vertex 118.3 42 5.5
      vertex 117.1 42 3
      vertex 118.3 42 3
    endloop
  endfacet
  facet normal 0 1 -0
    outer loop
      vertex 118.3 38 3
      vertex 117.1 38 5.5
      vertex 118.3 38 5.5
    endloop
  endfacet
  facet normal 0 1 0
    outer loop
      vertex 117.1 38 5.5
      vertex 118.3 38 3
      vertex 117.1 38 3
    endloop
  endfacet
endsolid OpenSCAD_Model
